path,source_id,bytes,sha256,format,spatial_extent,temporal_extent,rows_or_dimensions,validation_status,parent_files,transformation_command,retrieved_at,http_last_modified,http_etag
data/raw/geoboundaries_idn_adm0/2026-09-25_IDN-ADM0-11942859/api_metadata.json,geoboundaries_idn_adm0,1822,00a2bb2f08814f7860083612dc89c502088ee353ec09d22dd1b62d1fbb3ff0d9,JSON,,,,verified,,GET https://www.geoboundaries.org/api/current/gbOpen/IDN/ADM0/,2026-09-25T17:57:12+00:00,"Sat, 24 Feb 2024 10:31:08 GMT","""6db-6121e2cb9082b"""
data/raw/geoboundaries_idn_adm0/2026-09-25_IDN-ADM0-11942859/adm0.geojson,geoboundaries_idn_adm0,18721532,b2e253c47038aec319eb82b12e73e22e5562848688e676b399be6c59828c4a56,GEOJSON,,,,verified,,,2026-09-25T17:57:15+00:00,"Fri, 25 Sep 2026 17:57:13 GMT","""b2e253c47038aec319eb82b12e73e22e5562848688e676b399be6c59828c4a56"""
data/raw/imf_portwatch_daily/2026-09-25_1790076979705/layer_metadata.json,imf_portwatch_daily,15100,9f7a620673d241aca6ab22fbd06c7dde5aa26ab41573045727abee0c2b3543bc,JSON,,,,verified,,GET https://services9.arcgis.com/weJ1QsnbMYJlCHdG/arcgis/rest/services/Daily_Ports_Data/FeatureServer/0?f=json,2026-09-25T17:57:15+00:00,"Tue, 22 Sep 2026 11:36:19 GMT",1159888267
data/raw/imf_portwatch_daily/2026-09-25_1790076979705/ids.json,imf_portwatch_daily,3655112,c87c3cecdc3e54b4609ed2077198e43b3ee5692decf7c5fc816f14879b8ea694,JSON,,,,verified,,GET https://services9.arcgis.com/weJ1QsnbMYJlCHdG/arcgis/rest/services/Daily_Ports_Data/FeatureServer/0/query returnIdsOnly,2026-09-25T17:57:24+00:00,,
data/raw/imf_portwatch_daily/2026-09-25_1790076979705/batch_0000000.json,imf_portwatch_daily,897506,66e297a012354dd503f07737ca6169ae290e24e3b66e3bff6c532c5050c1290c,JSON,,,,verified,,POST https://services9.arcgis.com/weJ1QsnbMYJlCHdG/arcgis/rest/services/Daily_Ports_Data/FeatureServer/0/query objectIds=2027..3634,2026-09-25T17:57:25+00:00,"Tue, 22 Sep 2026 11:36:19 GMT",sd2069_-1334569459
data/raw/imf_portwatch_daily/2026-09-25_1790076979705/batch_0001000.json,imf_portwatch_daily,897657,85b1fb5273f7910f72144af2a5ac38ee819bf8227f5de17cad1c9f97ac3ab43c,JSON,,,,verified,,POST https://services9.arcgis.com/weJ1QsnbMYJlCHdG/arcgis/rest/services/Daily_Ports_Data/FeatureServer/0/query objectIds=3636..4843,2026-09-25T17:57:25+00:00,"Tue, 22 Sep 2026 11:36:19 GMT",sd2069_-1334569459
data/raw/imf_portwatch_daily/2026-09-25_1790076979705/batch_0002000.json,imf_portwatch_daily,899040,58b9c8159bcd485e2b6e29548e2c9a2f475b69173758a6f59596977db9cb379e,JSON,,,,verified,,POST https://services9.arcgis.com/weJ1QsnbMYJlCHdG/arcgis/rest/services/Daily_Ports_Data/FeatureServer/0/query objectIds=4844..28183,2026-09-25T17:57:25+00:00,"Tue, 22 Sep 2026 11:36:19 GMT",sd2069_-1334569459
data/raw/imf_portwatch_daily/2026-09-25_1790076979705/batch_0003000.json,imf_portwatch_daily,904294,6059574a641df9909b429c3d50d4aeb6f20206e2aa0e9e2fb6c2640202b1b6ba,JSON,,,,verified,,POST https://services9.arcgis.com/weJ1QsnbMYJlCHdG/arcgis/rest/services/Daily_Ports_Data/FeatureServer/0/query objectIds=28184..29197,2026-09-25T17:57:26+00:00,"Tue, 22 Sep 2026 11:36:19 GMT",sd2069_-1334569459
data/raw/imf_portwatch_daily/2026-09-25_1790076979705/batch_0004000.json,imf_portwatch_daily,904041,3502cac8330a243c1ab38c709a3b522129ebd41272c2d2880b3f6970aaeb618b,JSON,,,,verified,,POST https://services9.arcgis.com/weJ1QsnbMYJlCHdG/arcgis/rest/services/Daily_Ports_Data/FeatureServer/0/query objectIds=29198..31364,2026-09-25T17:57:26+00:00,"Tue, 22 Sep 2026 11:36:19 GMT",sd2069_-1334569459
data/raw/imf_portwatch_daily/2026-09-25_1790076979705/batch_0005000.json,imf_portwatch_daily,914201,a5f5aa0da8ac90139232bd78ab6fd1223e0ce701f0766c79d6c8c890a46dda2c,JSON,,,,verified,,POST https://services9.arcgis.com/weJ1QsnbMYJlCHdG/arcgis/rest/services/Daily_Ports_Data/FeatureServer/0/query objectIds=31365..59159,2026-09-25T17:57:26+00:00,"Tue, 22 Sep 2026 11:36:19 GMT",sd2069_-1334569459
data/raw/imf_portwatch_daily/2026-09-25_1790076979705/batch_0006000.json,imf_portwatch_daily,934909,1ba8d14782b98fc8e23c06a3159c17a718ac9bb76c5b40b52c14fcbff7bed830,JSON,,,,verified,,POST https://services9.arcgis.com/weJ1QsnbMYJlCHdG/arcgis/rest/services/Daily_Ports_Data/FeatureServer/0/query objectIds=59160..60546,2026-09-25T17:57:26+00:00,"Tue, 22 Sep 2026 11:36:19 GMT",sd2069_-1334569459
data/raw/imf_portwatch_daily/2026-09-25_1790076979705/batch_0007000.json,imf_portwatch_daily,935199,2d40c794289584b1a4ecc73c56fad1e1ea9aec10011d8903e353ac89fb1e7d5c,JSON,,,,verified,,POST https://services9.arcgis.com/weJ1QsnbMYJlCHdG/arcgis/rest/services/Daily_Ports_Data/FeatureServer/0/query objectIds=60547..61546,2026-09-25T17:57:26+00:00,"Tue, 22 Sep 2026 11:36:19 GMT",sd2069_-1334569459
data/raw/imf_portwatch_daily/2026-09-25_1790076979705/batch_0008000.json,imf_portwatch_daily,916885,c0a22c6a7b6c01d5c4aa9b56d63f24a3195939f1b8616226ac3d5d759fb7f391,JSON,,,,verified,,POST https://services9.arcgis.com/weJ1QsnbMYJlCHdG/arcgis/rest/services/Daily_Ports_Data/FeatureServer/0/query objectIds=61547..79235,2026-09-25T17:57:27+00:00,"Tue, 22 Sep 2026 11:36:19 GMT",sd2069_-1334569459
data/raw/imf_portwatch_daily/2026-09-25_1790076979705/batch_0009000.json,imf_portwatch_daily,903261,2fe17f91e0b42c4d5ed02accec28d900edc643e7f81b79e215a9e2b5e6f04830,JSON,,,,verified,,POST https://services9.arcgis.com/weJ1QsnbMYJlCHdG/arcgis/rest/services/Daily_Ports_Data/FeatureServer/0/query objectIds=79236..80728,2026-09-25T17:57:27+00:00,"Tue, 22 Sep 2026 11:36:19 GMT",sd2069_-1334569459
data/raw/imf_portwatch_daily/2026-09-25_1790076979705/batch_0010000.json,imf_portwatch_daily,905729,b96355637d7797fbb0ca1583a4f8b2f443170566d4010cec917365caa712ad24,JSON,,,,verified,,POST https://services9.arcgis.com/weJ1QsnbMYJlCHdG/arcgis/rest/services/Daily_Ports_Data/FeatureServer/0/query objectIds=80729..81728,2026-09-25T17:57:27+00:00,"Tue, 22 Sep 2026 11:36:19 GMT",sd2069_-1334569459
data/raw/imf_portwatch_daily/2026-09-25_1790076979705/batch_0011000.json,imf_portwatch_daily,906767,76aa4780bde7ccff06401b9d875cb00d724db42c57adb8003c2cb4ba6742bb56,JSON,,,,verified,,POST https://services9.arcgis.com/weJ1QsnbMYJlCHdG/arcgis/rest/services/Daily_Ports_Data/FeatureServer/0/query objectIds=81729..107487,2026-09-25T17:57:27+00:00,"Tue, 22 Sep 2026 11:36:19 GMT",sd2069_-1334569459
data/raw/imf_portwatch_daily/2026-09-25_1790076979705/batch_0012000.json,imf_portwatch_daily,908507,9df33f929c968768445ed7ef54c332091b627eb5807dffb65927da9ab513e983,JSON,,,,verified,,POST https://services9.arcgis.com/weJ1QsnbMYJlCHdG/arcgis/rest/services/Daily_Ports_Data/FeatureServer/0/query objectIds=107490..108812,2026-09-25T17:57:28+00:00,"Tue, 22 Sep 2026 11:36:19 GMT",sd2069_-1334569459
data/raw/imf_portwatch_daily/2026-09-25_1790076979705/batch_0013000.json,imf_portwatch_daily,908728,252977ccf99237d70e27073643f61c8271ee6ade56360cb11eb327e77fe59192,JSON,,,,verified,,POST https://services9.arcgis.com/weJ1QsnbMYJlCHdG/arcgis/rest/services/Daily_Ports_Data/FeatureServer/0/query objectIds=108813..109910,2026-09-25T17:57:28+00:00,"Tue, 22 Sep 2026 11:36:19 GMT",sd2069_-1334569459
data/raw/imf_portwatch_daily/2026-09-25_1790076979705/batch_0014000.json,imf_portwatch_daily,912340,e9011bf8f681ab30cd33bc8b99b8a19a3c7ec2220b2186e9e336f93aee53d48a,JSON,,,,verified,,POST https://services9.arcgis.com/weJ1QsnbMYJlCHdG/arcgis/rest/services/Daily_Ports_Data/FeatureServer/0/query objectIds=109911..127440,2026-09-25T17:57:28+00:00,"Tue, 22 Sep 2026 11:36:19 GMT",sd2069_-1334569459
data/raw/imf_portwatch_daily/2026-09-25_1790076979705/batch_0015000.json,imf_portwatch_daily,913541,bc4743de873215c680fe3e4ff4064b578e8e8edebfcba7741f07cc247d4eddd8,JSON,,,,verified,,POST https://services9.arcgis.com/weJ1QsnbMYJlCHdG/arcgis/rest/services/Daily_Ports_Data/FeatureServer/0/query objectIds=127442..128720,2026-09-25T17:57:28+00:00,"Tue, 22 Sep 2026 11:36:19 GMT",sd2069_-1334569459
data/raw/imf_portwatch_daily/2026-09-25_1790076979705/batch_0016000.json,imf_portwatch_daily,913457,ba35e25405b90307b9b4b08d96dfe28130711fb0c3a3deeca428c56e20a66e8c,JSON,,,,verified,,POST https://services9.arcgis.com/weJ1QsnbMYJlCHdG/arcgis/rest/services/Daily_Ports_Data/FeatureServer/0/query objectIds=128721..306478,2026-09-25T17:57:29+00:00,"Tue, 22 Sep 2026 11:36:19 GMT",sd2069_-1334569459
data/raw/imf_portwatch_daily/2026-09-25_1790076979705/batch_0017000.json,imf_portwatch_daily,914669,8ad7cb7c788244742f06de6bd86c6133f985fd0dacd66c01c8a0eb3e0037a9ba,JSON,,,,verified,,POST https://services9.arcgis.com/weJ1QsnbMYJlCHdG/arcgis/rest/services/Daily_Ports_Data/FeatureServer/0/query objectIds=306479..308254,2026-09-25T17:57:29+00:00,"Tue, 22 Sep 2026 11:36:19 GMT",sd2069_-1334569459
data/raw/imf_portwatch_daily/2026-09-25_1790076979705/batch_0018000.json,imf_portwatch_daily,916163,977cd5ab8efc4b48b2680ccdee9f2723ee4f4a70beb0c3559bfc28ea561ea115,JSON,,,,verified,,POST https://services9.arcgis.com/weJ1QsnbMYJlCHdG/arcgis/rest/services/Daily_Ports_Data/FeatureServer/0/query objectIds=308255..309254,2026-09-25T17:57:29+00:00,"Tue, 22 Sep 2026 11:36:19 GMT",sd2069_-1334569459
data/raw/imf_portwatch_daily/2026-09-25_1790076979705/batch_0019000.json,imf_portwatch_daily,915605,b119f5b65a79304c5c58c7483fa44c2eee0476f2702767ff7886ded9372c8cae,JSON,,,,verified,,POST https://services9.arcgis.com/weJ1QsnbMYJlCHdG/arcgis/rest/services/Daily_Ports_Data/FeatureServer/0/query objectIds=309255..320329,2026-09-25T17:57:30+00:00,"Tue, 22 Sep 2026 11:36:19 GMT",sd2069_-1334569459
data/raw/imf_portwatch_daily/2026-09-25_1790076979705/batch_0020000.json,imf_portwatch_daily,919780,edc2a55ee1255ad3cbf4dab832bca44476c1de915e6ab06f66db0ff931c8441f,JSON,,,,verified,,POST https://services9.arcgis.com/weJ1QsnbMYJlCHdG/arcgis/rest/services/Daily_Ports_Data/FeatureServer/0/query objectIds=320330..322526,2026-09-25T17:57:30+00:00,"Tue, 22 Sep 2026 11:36:19 GMT",sd2069_-1334569459
data/raw/imf_portwatch_daily/2026-09-25_1790076979705/batch_0021000.json,imf_portwatch_daily,921278,544c7dad51d985e4450e0d70b02237ab2fe42fb682ce6325c331b2053ef827f1,JSON,,,,verified,,POST https://services9.arcgis.com/weJ1QsnbMYJlCHdG/arcgis/rest/services/Daily_Ports_Data/FeatureServer/0/query objectIds=322527..323526,2026-09-25T17:57:30+00:00,"Tue, 22 Sep 2026 11:36:19 GMT",sd2069_-1334569459
data/raw/imf_portwatch_daily/2026-09-25_1790076979705/batch_0022000.json,imf_portwatch_daily,914239,490ec5c41e93e24fe03130df41d25d5ee790b7fd219079936f43089db0e5f809,JSON,,,,verified,,POST https://services9.arcgis.com/weJ1QsnbMYJlCHdG/arcgis/rest/services/Daily_Ports_Data/FeatureServer/0/query objectIds=323527..372432,2026-09-25T17:57:31+00:00,"Tue, 22 Sep 2026 11:36:19 GMT",sd2069_-1334569459
data/raw/imf_portwatch_daily/2026-09-25_1790076979705/batch_0023000.json,imf_portwatch_daily,904555,30b16b22fe1f04aaaf2c1bb8c64754bd23cb0c846fde99aa2e2dbc144df76617,JSON,,,,verified,,POST https://services9.arcgis.com/weJ1QsnbMYJlCHdG/arcgis/rest/services/Daily_Ports_Data/FeatureServer/0/query objectIds=372433..373432,2026-09-25T17:57:31+00:00,"Tue, 22 Sep 2026 11:36:19 GMT",sd2069_-1334569459
data/raw/imf_portwatch_daily/2026-09-25_1790076979705/batch_0024000.json,imf_portwatch_daily,904558,cb8089ca42f1ea4f07f3f88b8c345ecb324c519193bf810673100ee161970df6,JSON,,,,verified,,POST https://services9.arcgis.com/weJ1QsnbMYJlCHdG/arcgis/rest/services/Daily_Ports_Data/FeatureServer/0/query objectIds=373433..375275,2026-09-25T17:57:31+00:00,"Tue, 22 Sep 2026 11:36:19 GMT",sd2069_-1334569459
data/raw/imf_portwatch_daily/2026-09-25_1790076979705/batch_0025000.json,imf_portwatch_daily,909864,838855b4076138d80062d3b90e82e89adbf1b494cb1b6af3a81e6c848e1ab098,JSON,,,,verified,,POST https://services9.arcgis.com/weJ1QsnbMYJlCHdG/arcgis/rest/services/Daily_Ports_Data/FeatureServer/0/query objectIds=375276..443064,2026-09-25T17:57:32+00:00,"Tue, 22 Sep 2026 11:36:19 GMT",sd2069_-1334569459
data/raw/imf_portwatch_daily/2026-09-25_1790076979705/batch_0026000.json,imf_portwatch_daily,911986,bcd3fe0c131dd91b29b5d80d492b7d4671745cfaa48077e62dcdb10ac99aecc8,JSON,,,,verified,,POST https://services9.arcgis.com/weJ1QsnbMYJlCHdG/arcgis/rest/services/Daily_Ports_Data/FeatureServer/0/query objectIds=443065..444065,2026-09-25T17:57:32+00:00,"Tue, 22 Sep 2026 11:36:19 GMT",sd2069_-1334569459
data/raw/imf_portwatch_daily/2026-09-25_1790076979705/batch_0027000.json,imf_portwatch_daily,911253,8f3c17977160f8076f47b553ca54fe720f42a1464d34a96ba5292a42afc254b2,JSON,,,,verified,,POST https://services9.arcgis.com/weJ1QsnbMYJlCHdG/arcgis/rest/services/Daily_Ports_Data/FeatureServer/0/query objectIds=444066..445659,2026-09-25T17:57:32+00:00,"Tue, 22 Sep 2026 11:36:19 GMT",sd2069_-1334569459
data/raw/imf_portwatch_daily/2026-09-25_1790076979705/batch_0028000.json,imf_portwatch_daily,919628,b75b1fd2abd335207386705f4c2ac18b1fe9c1aaf3f7b19ebb43b7796d119dac,JSON,,,,verified,,POST https://services9.arcgis.com/weJ1QsnbMYJlCHdG/arcgis/rest/services/Daily_Ports_Data/FeatureServer/0/query objectIds=445661..488334,2026-09-25T17:57:32+00:00,"Tue, 22 Sep 2026 11:36:19 GMT",sd2069_-1334569459
data/raw/imf_portwatch_daily/2026-09-25_1790076979705/batch_0029000.json,imf_portwatch_daily,922626,fedaa379b013df233009b6ffd5972190937290ce87d80dd17ebbb0f0c274cd85,JSON,,,,verified,,POST https://services9.arcgis.com/weJ1QsnbMYJlCHdG/arcgis/rest/services/Daily_Ports_Data/FeatureServer/0/query objectIds=488335..489334,2026-09-25T17:57:33+00:00,"Tue, 22 Sep 2026 11:36:19 GMT",sd2069_-1334569459
data/raw/imf_portwatch_daily/2026-09-25_1790076979705/batch_0030000.json,imf_portwatch_daily,924744,65a0eaae36580cd7c4ab29234692964a4e1b8374874b2d158257b91ee230062c,JSON,,,,verified,,POST https://services9.arcgis.com/weJ1QsnbMYJlCHdG/arcgis/rest/services/Daily_Ports_Data/FeatureServer/0/query objectIds=489335..1234002,2026-09-25T17:57:33+00:00,"Tue, 22 Sep 2026 11:36:19 GMT",sd2069_-1334569459
data/raw/imf_portwatch_daily/2026-09-25_1790076979705/batch_0031000.json,imf_portwatch_daily,907076,447ce886d422270517ddbe41a654ee8054c1a973644b451efe6f59bdb60a2e72,JSON,,,,verified,,POST https://services9.arcgis.com/weJ1QsnbMYJlCHdG/arcgis/rest/services/Daily_Ports_Data/FeatureServer/0/query objectIds=1234003..1235098,2026-09-25T17:57:33+00:00,"Tue, 22 Sep 2026 11:36:19 GMT",sd2069_-1334569459
data/raw/imf_portwatch_daily/2026-09-25_1790076979705/batch_0032000.json,imf_portwatch_daily,911223,18e4b87d58ace0b9f450b60cc404bf1f5b85d4683c19d6592ec16560f8e5b740,JSON,,,,verified,,POST https://services9.arcgis.com/weJ1QsnbMYJlCHdG/arcgis/rest/services/Daily_Ports_Data/FeatureServer/0/query objectIds=1235100..1236286,2026-09-25T17:57:34+00:00,"Tue, 22 Sep 2026 11:36:19 GMT",sd2069_-1334569459
data/raw/imf_portwatch_daily/2026-09-25_1790076979705/batch_0033000.json,imf_portwatch_daily,910233,d88ae54a688fb1bc072fd34bd7b8505f35d52fbc779101bccfeb9b7197b41d3f,JSON,,,,verified,,POST https://services9.arcgis.com/weJ1QsnbMYJlCHdG/arcgis/rest/services/Daily_Ports_Data/FeatureServer/0/query objectIds=1236287..1237286,2026-09-25T17:57:34+00:00,"Tue, 22 Sep 2026 11:36:19 GMT",sd2069_-1334569459
data/raw/imf_portwatch_daily/2026-09-25_1790076979705/batch_0034000.json,imf_portwatch_daily,913542,d4f4bbe3c62f37deab74c4d1f4e7f016e69ec6ff09f14274fd653a475cebd9e6,JSON,,,,verified,,POST https://services9.arcgis.com/weJ1QsnbMYJlCHdG/arcgis/rest/services/Daily_Ports_Data/FeatureServer/0/query objectIds=1237287..1238286,2026-09-25T17:57:34+00:00,"Tue, 22 Sep 2026 11:36:19 GMT",sd2069_-1334569459
data/raw/imf_portwatch_daily/2026-09-25_1790076979705/batch_0035000.json,imf_portwatch_daily,916927,b2c86192c88b98528409d248c19f84572cd6bc82db3aa91e81eb477d7e79c64c,JSON,,,,verified,,POST https://services9.arcgis.com/weJ1QsnbMYJlCHdG/arcgis/rest/services/Daily_Ports_Data/FeatureServer/0/query objectIds=1238287..1239286,2026-09-25T17:57:34+00:00,"Tue, 22 Sep 2026 11:36:19 GMT",sd2069_-1334569459
data/raw/imf_portwatch_daily/2026-09-25_1790076979705/batch_0036000.json,imf_portwatch_daily,912688,1afa6491a59e5011c52bddc51243076fcb2d2f4599f2310cb70a55f70d8edc3b,JSON,,,,verified,,POST https://services9.arcgis.com/weJ1QsnbMYJlCHdG/arcgis/rest/services/Daily_Ports_Data/FeatureServer/0/query objectIds=1239287..1240286,2026-09-25T17:57:35+00:00,"Tue, 22 Sep 2026 11:36:19 GMT",sd2069_-1334569459
data/raw/imf_portwatch_daily/2026-09-25_1790076979705/batch_0037000.json,imf_portwatch_daily,905561,5e6abf57b7d8044050e216f99815085983b78d0623d2c0591035657acd932df1,JSON,,,,verified,,POST https://services9.arcgis.com/weJ1QsnbMYJlCHdG/arcgis/rest/services/Daily_Ports_Data/FeatureServer/0/query objectIds=1240287..1241286,2026-09-25T17:57:35+00:00,"Tue, 22 Sep 2026 11:36:19 GMT",sd2069_-1334569459
data/raw/imf_portwatch_daily/2026-09-25_1790076979705/batch_0038000.json,imf_portwatch_daily,903661,a86149abc25b3b70e098cf6e087ff4381180c329e27bdd1860c83bc5cd3109af,JSON,,,,verified,,POST https://services9.arcgis.com/weJ1QsnbMYJlCHdG/arcgis/rest/services/Daily_Ports_Data/FeatureServer/0/query objectIds=1241287..1242286,2026-09-25T17:57:35+00:00,"Tue, 22 Sep 2026 11:36:19 GMT",sd2069_-1334569459
data/raw/imf_portwatch_daily/2026-09-25_1790076979705/batch_0039000.json,imf_portwatch_daily,899987,1b01378341364a930b3d3e139a90a1531a2e5eb60e21ccb15976611ab66bd18c,JSON,,,,verified,,POST https://services9.arcgis.com/weJ1QsnbMYJlCHdG/arcgis/rest/services/Daily_Ports_Data/FeatureServer/0/query objectIds=1242287..1243286,2026-09-25T17:57:36+00:00,"Tue, 22 Sep 2026 11:36:19 GMT",sd2069_-1334569459
data/raw/imf_portwatch_daily/2026-09-25_1790076979705/batch_0040000.json,imf_portwatch_daily,900689,62de9da1c774e90b8fa7c73f4584f7f1678953bb357a555382acacb830fe8274,JSON,,,,verified,,POST https://services9.arcgis.com/weJ1QsnbMYJlCHdG/arcgis/rest/services/Daily_Ports_Data/FeatureServer/0/query objectIds=1243287..1244286,2026-09-25T17:57:36+00:00,"Tue, 22 Sep 2026 11:36:19 GMT",sd2069_-1334569459
data/raw/imf_portwatch_daily/2026-09-25_1790076979705/batch_0041000.json,imf_portwatch_daily,901541,5209b31f7d2064c34517d702b5967a00eba2e435765e7b5b2198e1789e9d7091,JSON,,,,verified,,POST https://services9.arcgis.com/weJ1QsnbMYJlCHdG/arcgis/rest/services/Daily_Ports_Data/FeatureServer/0/query objectIds=1244287..1245286,2026-09-25T17:57:36+00:00,"Tue, 22 Sep 2026 11:36:19 GMT",sd2069_-1334569459
data/raw/imf_portwatch_daily/2026-09-25_1790076979705/batch_0042000.json,imf_portwatch_daily,912734,fa2d41bdf44880617b810262c160cbdc3f90213c89bc01df8141fdc30d650df8,JSON,,,,verified,,POST https://services9.arcgis.com/weJ1QsnbMYJlCHdG/arcgis/rest/services/Daily_Ports_Data/FeatureServer/0/query objectIds=1245287..1246286,2026-09-25T17:57:36+00:00,"Tue, 22 Sep 2026 11:36:19 GMT",sd2069_-1334569459
data/raw/imf_portwatch_daily/2026-09-25_1790076979705/batch_0043000.json,imf_portwatch_daily,929938,f1e32b53aac1a44a54373a21fbca3e4e31a412d0a8375f35453fea4f305720ee,JSON,,,,verified,,POST https://services9.arcgis.com/weJ1QsnbMYJlCHdG/arcgis/rest/services/Daily_Ports_Data/FeatureServer/0/query objectIds=1246287..1247286,2026-09-25T17:57:37+00:00,"Tue, 22 Sep 2026 11:36:19 GMT",sd2069_-1334569459
data/raw/imf_portwatch_daily/2026-09-25_1790076979705/batch_0044000.json,imf_portwatch_daily,929133,af2e7e47bbd2f5ccd3b884169bb318aa769fcb2e0ae3aa8bee5273421f57c659,JSON,,,,verified,,POST https://services9.arcgis.com/weJ1QsnbMYJlCHdG/arcgis/rest/services/Daily_Ports_Data/FeatureServer/0/query objectIds=1247287..1248286,2026-09-25T17:57:37+00:00,"Tue, 22 Sep 2026 11:36:19 GMT",sd2069_-1334569459
data/raw/imf_portwatch_daily/2026-09-25_1790076979705/batch_0045000.json,imf_portwatch_daily,931582,25fa8e747da04fc97fa8767271ca076140a7eb845abd8a77461a106b57001653,JSON,,,,verified,,POST https://services9.arcgis.com/weJ1QsnbMYJlCHdG/arcgis/rest/services/Daily_Ports_Data/FeatureServer/0/query objectIds=1248287..1249286,2026-09-25T17:57:37+00:00,"Tue, 22 Sep 2026 11:36:19 GMT",sd2069_-1334569459
data/raw/imf_portwatch_daily/2026-09-25_1790076979705/batch_0046000.json,imf_portwatch_daily,926793,595752323e4d83a1adac9263370a12a30a15f20610cd5fef3d8c57e89ea6e1d6,JSON,,,,verified,,POST https://services9.arcgis.com/weJ1QsnbMYJlCHdG/arcgis/rest/services/Daily_Ports_Data/FeatureServer/0/query objectIds=1249287..1250286,2026-09-25T17:57:38+00:00,"Tue, 22 Sep 2026 11:36:19 GMT",sd2069_-1334569459
data/raw/imf_portwatch_daily/2026-09-25_1790076979705/batch_0047000.json,imf_portwatch_daily,929802,0e8ad5a99199f59a41361bfd9d08cb25e261bfc653b37b0dca3e2011a3057f71,JSON,,,,verified,,POST https://services9.arcgis.com/weJ1QsnbMYJlCHdG/arcgis/rest/services/Daily_Ports_Data/FeatureServer/0/query objectIds=1250287..1251286,2026-09-25T17:57:38+00:00,"Tue, 22 Sep 2026 11:36:19 GMT",sd2069_-1334569459
data/raw/imf_portwatch_daily/2026-09-25_1790076979705/batch_0048000.json,imf_portwatch_daily,924225,1c26b56e2454cc14e0f1df7a65f8b557dc56b4c9e492584740c8affaaee9f104,JSON,,,,verified,,POST https://services9.arcgis.com/weJ1QsnbMYJlCHdG/arcgis/rest/services/Daily_Ports_Data/FeatureServer/0/query objectIds=1251287..1252286,2026-09-25T17:57:38+00:00,"Tue, 22 Sep 2026 11:36:19 GMT",sd2069_-1334569459
data/raw/imf_portwatch_daily/2026-09-25_1790076979705/batch_0049000.json,imf_portwatch_daily,917168,6a62798e0e4c60668ecdee44e0bd0185010bec2bd9a2dce1720417839642d0a3,JSON,,,,verified,,POST https://services9.arcgis.com/weJ1QsnbMYJlCHdG/arcgis/rest/services/Daily_Ports_Data/FeatureServer/0/query objectIds=1252287..1253286,2026-09-25T17:57:39+00:00,"Tue, 22 Sep 2026 11:36:19 GMT",sd2069_-1334569459
data/raw/imf_portwatch_daily/2026-09-25_1790076979705/batch_0050000.json,imf_portwatch_daily,913908,6b64172e6631bca44f32b19e7411d6dcd3aff8ff6894262b989f14b18c8ebf1b,JSON,,,,verified,,POST https://services9.arcgis.com/weJ1QsnbMYJlCHdG/arcgis/rest/services/Daily_Ports_Data/FeatureServer/0/query objectIds=1253287..1254286,2026-09-25T17:57:39+00:00,"Tue, 22 Sep 2026 11:36:19 GMT",sd2069_-1334569459
data/raw/imf_portwatch_daily/2026-09-25_1790076979705/batch_0051000.json,imf_portwatch_daily,904313,ddfbe213a21c55d6ba1fc6ca640a8063bbe9da5376df5797b1ac6f0a07b17a38,JSON,,,,verified,,POST https://services9.arcgis.com/weJ1QsnbMYJlCHdG/arcgis/rest/services/Daily_Ports_Data/FeatureServer/0/query objectIds=1254287..1255286,2026-09-25T17:57:39+00:00,"Tue, 22 Sep 2026 11:36:19 GMT",sd2069_-1334569459
data/raw/imf_portwatch_daily/2026-09-25_1790076979705/batch_0052000.json,imf_portwatch_daily,904321,68aaf46352e722b133dc87bd0eeb2d37818b43d3aa640e788fc1947f78a124d5,JSON,,,,verified,,POST https://services9.arcgis.com/weJ1QsnbMYJlCHdG/arcgis/rest/services/Daily_Ports_Data/FeatureServer/0/query objectIds=1255287..1256288,2026-09-25T17:57:39+00:00,"Tue, 22 Sep 2026 11:36:19 GMT",sd2069_-1334569459
data/raw/imf_portwatch_daily/2026-09-25_1790076979705/batch_0053000.json,imf_portwatch_daily,914085,0fe2a4a2e4473e3c5a7723f0f4ee70ecc30cc27a563b1fdfa93c3167cabb25c5,JSON,,,,verified,,POST https://services9.arcgis.com/weJ1QsnbMYJlCHdG/arcgis/rest/services/Daily_Ports_Data/FeatureServer/0/query objectIds=1256289..1296479,2026-09-25T17:57:40+00:00,"Tue, 22 Sep 2026 11:36:19 GMT",sd2069_-1334569459
data/raw/imf_portwatch_daily/2026-09-25_1790076979705/batch_0054000.json,imf_portwatch_daily,925576,2a3449a08776b1336ea59bec48f904d03fb40b12741f172cf44de2d1c73544b0,JSON,,,,verified,,POST https://services9.arcgis.com/weJ1QsnbMYJlCHdG/arcgis/rest/services/Daily_Ports_Data/FeatureServer/0/query objectIds=1296480..1297692,2026-09-25T17:57:40+00:00,"Tue, 22 Sep 2026 11:36:19 GMT",sd2069_-1334569459
data/raw/imf_portwatch_daily/2026-09-25_1790076979705/batch_0055000.json,imf_portwatch_daily,926489,4afe97d9179cc6679b54f48fa5c00abfdae483d033c83879cdca3f0de32ae500,JSON,,,,verified,,POST https://services9.arcgis.com/weJ1QsnbMYJlCHdG/arcgis/rest/services/Daily_Ports_Data/FeatureServer/0/query objectIds=1297694..1299316,2026-09-25T17:57:41+00:00,"Tue, 22 Sep 2026 11:36:19 GMT",sd2069_-1334569459
data/raw/imf_portwatch_daily/2026-09-25_1790076979705/batch_0056000.json,imf_portwatch_daily,914358,efea717ba6f13443fca0339572d5db69c20250b9d95b5b3ed9f91aa1bf527f8e,JSON,,,,verified,,POST https://services9.arcgis.com/weJ1QsnbMYJlCHdG/arcgis/rest/services/Daily_Ports_Data/FeatureServer/0/query objectIds=1299318..1316646,2026-09-25T17:57:41+00:00,"Tue, 22 Sep 2026 11:36:19 GMT",sd2069_-1334569459
data/raw/imf_portwatch_daily/2026-09-25_1790076979705/batch_0057000.json,imf_portwatch_daily,907319,c8d7beb1dfe6bb0702ed3ce366e55bf1fe2cdd7d6555bebc5f36e8016b8591aa,JSON,,,,verified,,POST https://services9.arcgis.com/weJ1QsnbMYJlCHdG/arcgis/rest/services/Daily_Ports_Data/FeatureServer/0/query objectIds=1316647..1317646,2026-09-25T17:57:41+00:00,"Tue, 22 Sep 2026 11:36:19 GMT",sd2069_-1334569459
data/raw/imf_portwatch_daily/2026-09-25_1790076979705/batch_0058000.json,imf_portwatch_daily,908347,cd6f7b868070b606f7019d807556624604b7fdf2101ed662310c9ba6beadda30,JSON,,,,verified,,POST https://services9.arcgis.com/weJ1QsnbMYJlCHdG/arcgis/rest/services/Daily_Ports_Data/FeatureServer/0/query objectIds=1317647..1319467,2026-09-25T17:57:41+00:00,"Tue, 22 Sep 2026 11:36:19 GMT",sd2069_-1334569459
data/raw/imf_portwatch_daily/2026-09-25_1790076979705/batch_0059000.json,imf_portwatch_daily,913737,85b36917cb23411cfc7cbad9f0c2054d8655507c9e5948a8b11fca587eb67630,JSON,,,,verified,,POST https://services9.arcgis.com/weJ1QsnbMYJlCHdG/arcgis/rest/services/Daily_Ports_Data/FeatureServer/0/query objectIds=1319470..1330841,2026-09-25T17:57:42+00:00,"Tue, 22 Sep 2026 11:36:19 GMT",sd2069_-1334569459
data/raw/imf_portwatch_daily/2026-09-25_1790076979705/batch_0060000.json,imf_portwatch_daily,915033,b70fb08f3fe6ff43046b215e0bc838025a3bea910982984ec6644f09f1ad90ad,JSON,,,,verified,,POST https://services9.arcgis.com/weJ1QsnbMYJlCHdG/arcgis/rest/services/Daily_Ports_Data/FeatureServer/0/query objectIds=1330843..1331918,2026-09-25T17:57:42+00:00,"Tue, 22 Sep 2026 11:36:19 GMT",sd2069_-1334569459
data/raw/imf_portwatch_daily/2026-09-25_1790076979705/batch_0061000.json,imf_portwatch_daily,915535,118437d18fb6eef80b6860ae76f6a08b9aa961182aa389b81c5b202e0fa28278,JSON,,,,verified,,POST https://services9.arcgis.com/weJ1QsnbMYJlCHdG/arcgis/rest/services/Daily_Ports_Data/FeatureServer/0/query objectIds=1331919..1992330,2026-09-25T17:57:42+00:00,"Tue, 22 Sep 2026 11:36:19 GMT",sd2069_-1334569459
data/raw/imf_portwatch_daily/2026-09-25_1790076979705/batch_0062000.json,imf_portwatch_daily,918511,7534cc6ab33a7dc5cd231d2c61d176e670263ba97700833af0601239667957ac,JSON,,,,verified,,POST https://services9.arcgis.com/weJ1QsnbMYJlCHdG/arcgis/rest/services/Daily_Ports_Data/FeatureServer/0/query objectIds=1992331..1993330,2026-09-25T17:57:43+00:00,"Tue, 22 Sep 2026 11:36:19 GMT",sd2069_-1334569459
data/raw/imf_portwatch_daily/2026-09-25_1790076979705/batch_0063000.json,imf_portwatch_daily,914128,693f2377907d22f32d322ea6ed7c20c8c5ffbc1c44204358f6e97444b4b2297c,JSON,,,,verified,,POST https://services9.arcgis.com/weJ1QsnbMYJlCHdG/arcgis/rest/services/Daily_Ports_Data/FeatureServer/0/query objectIds=1993331..1994332,2026-09-25T17:57:43+00:00,"Tue, 22 Sep 2026 11:36:19 GMT",sd2069_-1334569459
data/raw/imf_portwatch_daily/2026-09-25_1790076979705/batch_0064000.json,imf_portwatch_daily,918504,62e6cf86bbc7997fdb8c39c8a88cdf1ec238654ec1d778f44db5ccef21fbb41f,JSON,,,,verified,,POST https://services9.arcgis.com/weJ1QsnbMYJlCHdG/arcgis/rest/services/Daily_Ports_Data/FeatureServer/0/query objectIds=1994333..2002626,2026-09-25T17:57:43+00:00,"Tue, 22 Sep 2026 11:36:19 GMT",sd2069_-1334569459
data/raw/imf_portwatch_daily/2026-09-25_1790076979705/batch_0065000.json,imf_portwatch_daily,900728,dafe9648a4e4176bc2a960e073b71847feff1f14c6b14ea938f824e299da3bcd,JSON,,,,verified,,POST https://services9.arcgis.com/weJ1QsnbMYJlCHdG/arcgis/rest/services/Daily_Ports_Data/FeatureServer/0/query objectIds=2002627..2004784,2026-09-25T17:57:43+00:00,"Tue, 22 Sep 2026 11:36:19 GMT",sd2069_-1334569459
data/raw/imf_portwatch_daily/2026-09-25_1790076979705/batch_0066000.json,imf_portwatch_daily,900986,3a98519d5277b579c5c34ce2b15f7b7cb3cc62c94ec2a00154b84956902b6aa0,JSON,,,,verified,,POST https://services9.arcgis.com/weJ1QsnbMYJlCHdG/arcgis/rest/services/Daily_Ports_Data/FeatureServer/0/query objectIds=2004785..2005784,2026-09-25T17:57:44+00:00,"Tue, 22 Sep 2026 11:36:19 GMT",sd2069_-1334569459
data/raw/imf_portwatch_daily/2026-09-25_1790076979705/batch_0067000.json,imf_portwatch_daily,904897,e57c12aab48a8bffa155731eaf19e46382e0e4f662fc6c5f7f5ee7483dd316b6,JSON,,,,verified,,POST https://services9.arcgis.com/weJ1QsnbMYJlCHdG/arcgis/rest/services/Daily_Ports_Data/FeatureServer/0/query objectIds=2005785..2026369,2026-09-25T17:57:44+00:00,"Tue, 22 Sep 2026 11:36:19 GMT",sd2069_-1334569459
data/raw/imf_portwatch_daily/2026-09-25_1790076979705/batch_0068000.json,imf_portwatch_daily,909627,75242910352871ca00aac4705b6aee237e25239881258c7be677d8159e42552c,JSON,,,,verified,,POST https://services9.arcgis.com/weJ1QsnbMYJlCHdG/arcgis/rest/services/Daily_Ports_Data/FeatureServer/0/query objectIds=2026370..2027510,2026-09-25T17:57:44+00:00,"Tue, 22 Sep 2026 11:36:19 GMT",sd2069_-1334569459
data/raw/imf_portwatch_daily/2026-09-25_1790076979705/batch_0069000.json,imf_portwatch_daily,910335,80ca49eab0fb43b1cb236e46302587fd8578113a2710e235bd84b77521fbb14d,JSON,,,,verified,,POST https://services9.arcgis.com/weJ1QsnbMYJlCHdG/arcgis/rest/services/Daily_Ports_Data/FeatureServer/0/query objectIds=2027511..2028948,2026-09-25T17:57:45+00:00,"Tue, 22 Sep 2026 11:36:19 GMT",sd2069_-1334569459
data/raw/imf_portwatch_daily/2026-09-25_1790076979705/batch_0070000.json,imf_portwatch_daily,906595,b7b86edae369c1f49b4183274fdf54f85c9d00c028da66390fbbc17fcd89f03b,JSON,,,,verified,,POST https://services9.arcgis.com/weJ1QsnbMYJlCHdG/arcgis/rest/services/Daily_Ports_Data/FeatureServer/0/query objectIds=2028949..2037918,2026-09-25T17:57:45+00:00,"Tue, 22 Sep 2026 11:36:19 GMT",sd2069_-1334569459
data/raw/imf_portwatch_daily/2026-09-25_1790076979705/batch_0071000.json,imf_portwatch_daily,905200,c74822a33d5fb01025f6fa110a2737153b87219fdb8cade55b402fe53a371c08,JSON,,,,verified,,POST https://services9.arcgis.com/weJ1QsnbMYJlCHdG/arcgis/rest/services/Daily_Ports_Data/FeatureServer/0/query objectIds=2037920..2038964,2026-09-25T17:57:45+00:00,"Tue, 22 Sep 2026 11:36:19 GMT",sd2069_-1334569459
data/raw/imf_portwatch_daily/2026-09-25_1790076979705/batch_0072000.json,imf_portwatch_daily,906969,a02e75a5dd2fb20bddcf78b43fa4bbfb7a33cbd589cbbd017ce4908c89de21c8,JSON,,,,verified,,POST https://services9.arcgis.com/weJ1QsnbMYJlCHdG/arcgis/rest/services/Daily_Ports_Data/FeatureServer/0/query objectIds=2038965..2039964,2026-09-25T17:57:46+00:00,"Tue, 22 Sep 2026 11:36:19 GMT",sd2069_-1334569459
data/raw/imf_portwatch_daily/2026-09-25_1790076979705/batch_0073000.json,imf_portwatch_daily,921027,721c4613b1c51b1f94c9a0abb1c8605a2b2fb96437eba8758b547996dda432b1,JSON,,,,verified,,POST https://services9.arcgis.com/weJ1QsnbMYJlCHdG/arcgis/rest/services/Daily_Ports_Data/FeatureServer/0/query objectIds=2039965..2052236,2026-09-25T17:57:46+00:00,"Tue, 22 Sep 2026 11:36:19 GMT",sd2069_-1334569459
data/raw/imf_portwatch_daily/2026-09-25_1790076979705/batch_0074000.json,imf_portwatch_daily,926061,b333c27af0caa8f00a66fd0592344916307af9be047838af2628c84779bbf366,JSON,,,,verified,,POST https://services9.arcgis.com/weJ1QsnbMYJlCHdG/arcgis/rest/services/Daily_Ports_Data/FeatureServer/0/query objectIds=2052237..2053236,2026-09-25T17:57:46+00:00,"Tue, 22 Sep 2026 11:36:19 GMT",sd2069_-1334569459
data/raw/imf_portwatch_daily/2026-09-25_1790076979705/batch_0075000.json,imf_portwatch_daily,926177,eaafc49d2a0b48f469b8f7da30ad006a35c31bbc118d866f730ec669b35853bb,JSON,,,,verified,,POST https://services9.arcgis.com/weJ1QsnbMYJlCHdG/arcgis/rest/services/Daily_Ports_Data/FeatureServer/0/query objectIds=2053237..2055125,2026-09-25T17:57:47+00:00,"Tue, 22 Sep 2026 11:36:19 GMT",sd2069_-1334569459
data/raw/imf_portwatch_daily/2026-09-25_1790076979705/batch_0076000.json,imf_portwatch_daily,912934,c4ec0acd8e043f9666c6644c986ab7717107662e66e9d4549ae68918774da344,JSON,,,,verified,,POST https://services9.arcgis.com/weJ1QsnbMYJlCHdG/arcgis/rest/services/Daily_Ports_Data/FeatureServer/0/query objectIds=2055126..2060872,2026-09-25T17:57:47+00:00,"Tue, 22 Sep 2026 11:36:19 GMT",sd2069_-1334569459
data/raw/imf_portwatch_daily/2026-09-25_1790076979705/batch_0077000.json,imf_portwatch_daily,910569,cbde19dcef909d74e2ce20ce16b4db2c58aa88450ab353dcb7612115097bfed8,JSON,,,,verified,,POST https://services9.arcgis.com/weJ1QsnbMYJlCHdG/arcgis/rest/services/Daily_Ports_Data/FeatureServer/0/query objectIds=2060873..2061872,2026-09-25T17:57:47+00:00,"Tue, 22 Sep 2026 11:36:19 GMT",sd2069_-1334569459
data/raw/imf_portwatch_daily/2026-09-25_1790076979705/batch_0078000.json,imf_portwatch_daily,908886,1b05e737958ae81973b2e0e8a9d252f8b31dd398f0e5fd201bf0424364021bf3,JSON,,,,verified,,POST https://services9.arcgis.com/weJ1QsnbMYJlCHdG/arcgis/rest/services/Daily_Ports_Data/FeatureServer/0/query objectIds=2061873..2070561,2026-09-25T17:57:47+00:00,"Tue, 22 Sep 2026 11:36:19 GMT",sd2069_-1334569459
data/raw/imf_portwatch_daily/2026-09-25_1790076979705/batch_0079000.json,imf_portwatch_daily,903873,05632fa0e0e15ee8e44e6c03802566a94eb69b3f97e0a86f6fe115b7a2bebec4,JSON,,,,verified,,POST https://services9.arcgis.com/weJ1QsnbMYJlCHdG/arcgis/rest/services/Daily_Ports_Data/FeatureServer/0/query objectIds=2070562..2072326,2026-09-25T17:57:48+00:00,"Tue, 22 Sep 2026 11:36:19 GMT",sd2069_-1334569459
data/raw/imf_portwatch_daily/2026-09-25_1790076979705/batch_0080000.json,imf_portwatch_daily,904674,10ae5b6a40aa6f1439b76864807f04e14b3d26cb7ee0bad495fc75947d91448d,JSON,,,,verified,,POST https://services9.arcgis.com/weJ1QsnbMYJlCHdG/arcgis/rest/services/Daily_Ports_Data/FeatureServer/0/query objectIds=2072327..2073326,2026-09-25T17:57:48+00:00,"Tue, 22 Sep 2026 11:36:19 GMT",sd2069_-1334569459
data/raw/imf_portwatch_daily/2026-09-25_1790076979705/batch_0081000.json,imf_portwatch_daily,904918,18f1337a87a16d55042e7f16338e12025ab7b5bb3d6ee432468605a332db5986,JSON,,,,verified,,POST https://services9.arcgis.com/weJ1QsnbMYJlCHdG/arcgis/rest/services/Daily_Ports_Data/FeatureServer/0/query objectIds=2073327..2076293,2026-09-25T17:57:48+00:00,"Tue, 22 Sep 2026 11:36:19 GMT",sd2069_-1334569459
data/raw/imf_portwatch_daily/2026-09-25_1790076979705/batch_0082000.json,imf_portwatch_daily,906144,8b5dac90a7c32d9a4fd5e66a18260c3c47e7c238fc29508d2e58ea34ad7a06da,JSON,,,,verified,,POST https://services9.arcgis.com/weJ1QsnbMYJlCHdG/arcgis/rest/services/Daily_Ports_Data/FeatureServer/0/query objectIds=2076294..2078460,2026-09-25T17:57:49+00:00,"Tue, 22 Sep 2026 11:36:19 GMT",sd2069_-1334569459
data/raw/imf_portwatch_daily/2026-09-25_1790076979705/batch_0083000.json,imf_portwatch_daily,908920,dd96d29295cd5abd97214bdace3b643d5f65f95d3d87dd7ec8f3ca30783924df,JSON,,,,verified,,POST https://services9.arcgis.com/weJ1QsnbMYJlCHdG/arcgis/rest/services/Daily_Ports_Data/FeatureServer/0/query objectIds=2078461..2079460,2026-09-25T17:57:49+00:00,"Tue, 22 Sep 2026 11:36:19 GMT",sd2069_-1334569459
data/raw/imf_portwatch_daily/2026-09-25_1790076979705/batch_0084000.json,imf_portwatch_daily,914549,b2b9468c43b1d285af68fe57fbb1e39ec427fe08c626bc627c217831b0934d1e,JSON,,,,verified,,POST https://services9.arcgis.com/weJ1QsnbMYJlCHdG/arcgis/rest/services/Daily_Ports_Data/FeatureServer/0/query objectIds=2079461..2082888,2026-09-25T17:57:49+00:00,"Tue, 22 Sep 2026 11:36:19 GMT",sd2069_-1334569459
data/raw/imf_portwatch_daily/2026-09-25_1790076979705/batch_0085000.json,imf_portwatch_daily,917566,db951f26ef72fde960a6d623e1e0feb9555b1756421c79cb8afe4157c407f1c3,JSON,,,,verified,,POST https://services9.arcgis.com/weJ1QsnbMYJlCHdG/arcgis/rest/services/Daily_Ports_Data/FeatureServer/0/query objectIds=2082889..2083962,2026-09-25T17:57:49+00:00,"Tue, 22 Sep 2026 11:36:19 GMT",sd2069_-1334569459
data/raw/imf_portwatch_daily/2026-09-25_1790076979705/batch_0086000.json,imf_portwatch_daily,918646,51e6097bb192940f94570d38b54fc3f4a972809d78ad89d41171e6b526068016,JSON,,,,verified,,POST https://services9.arcgis.com/weJ1QsnbMYJlCHdG/arcgis/rest/services/Daily_Ports_Data/FeatureServer/0/query objectIds=2083963..2085471,2026-09-25T17:57:50+00:00,"Tue, 22 Sep 2026 11:36:19 GMT",sd2069_-1334569459
data/raw/imf_portwatch_daily/2026-09-25_1790076979705/batch_0087000.json,imf_portwatch_daily,905124,836b271e6949c442fce54f35e543261437a90b73936645cef188bc202a9affa8,JSON,,,,verified,,POST https://services9.arcgis.com/weJ1QsnbMYJlCHdG/arcgis/rest/services/Daily_Ports_Data/FeatureServer/0/query objectIds=2085472..2091101,2026-09-25T17:57:50+00:00,"Tue, 22 Sep 2026 11:36:19 GMT",sd2069_-1334569459
data/raw/imf_portwatch_daily/2026-09-25_1790076979705/batch_0088000.json,imf_portwatch_daily,896899,b9167c020d4315026e376f17e8d36102d017e5729959768c4b89c82d4365ee46,JSON,,,,verified,,POST https://services9.arcgis.com/weJ1QsnbMYJlCHdG/arcgis/rest/services/Daily_Ports_Data/FeatureServer/0/query objectIds=2091102..2092598,2026-09-25T17:57:50+00:00,"Tue, 22 Sep 2026 11:36:19 GMT",sd2069_-1334569459
data/raw/imf_portwatch_daily/2026-09-25_1790076979705/batch_0089000.json,imf_portwatch_daily,897215,547d5c7e11085c9701f1eaeb47a2b0671384872b949a70a9c27c1b5b8b26a483,JSON,,,,verified,,POST https://services9.arcgis.com/weJ1QsnbMYJlCHdG/arcgis/rest/services/Daily_Ports_Data/FeatureServer/0/query objectIds=2092599..2093824,2026-09-25T17:57:50+00:00,"Tue, 22 Sep 2026 11:36:19 GMT",sd2069_-1334569459
data/raw/imf_portwatch_daily/2026-09-25_1790076979705/batch_0090000.json,imf_portwatch_daily,901776,3b7433a65f7742d4cbbd36b4c91016c38431e03047d954217f7497ca49667a63,JSON,,,,verified,,POST https://services9.arcgis.com/weJ1QsnbMYJlCHdG/arcgis/rest/services/Daily_Ports_Data/FeatureServer/0/query objectIds=2093825..2100234,2026-09-25T17:57:51+00:00,"Tue, 22 Sep 2026 11:36:19 GMT",sd2069_-1334569459
data/raw/imf_portwatch_daily/2026-09-25_1790076979705/batch_0091000.json,imf_portwatch_daily,904114,707ecd0714c0b1ec81856227f2740e57d264b3845ae280986d5d7b736285c009,JSON,,,,verified,,POST https://services9.arcgis.com/weJ1QsnbMYJlCHdG/arcgis/rest/services/Daily_Ports_Data/FeatureServer/0/query objectIds=2100235..2101234,2026-09-25T17:57:51+00:00,"Tue, 22 Sep 2026 11:36:19 GMT",sd2069_-1334569459
data/raw/imf_portwatch_daily/2026-09-25_1790076979705/batch_0092000.json,imf_portwatch_daily,904229,e2c5bdada097421240c2979532c56915d2da2089556dcd72909ae46224f2ec04,JSON,,,,verified,,POST https://services9.arcgis.com/weJ1QsnbMYJlCHdG/arcgis/rest/services/Daily_Ports_Data/FeatureServer/0/query objectIds=2101235..2107600,2026-09-25T17:57:51+00:00,"Tue, 22 Sep 2026 11:36:19 GMT",sd2069_-1334569459
data/raw/imf_portwatch_daily/2026-09-25_1790076979705/batch_0093000.json,imf_portwatch_daily,932662,46291a3cd001891fc82b564d994b7b6de1e7fad38967eeacb7fd077f55528776,JSON,,,,verified,,POST https://services9.arcgis.com/weJ1QsnbMYJlCHdG/arcgis/rest/services/Daily_Ports_Data/FeatureServer/0/query objectIds=2107603..2108870,2026-09-25T17:57:51+00:00,"Tue, 22 Sep 2026 11:36:19 GMT",sd2069_-1334569459
data/raw/imf_portwatch_daily/2026-09-25_1790076979705/batch_0094000.json,imf_portwatch_daily,932381,5fba187244abc5ba1dcc3f9fe3f67a44c08f1ce7ac8045c96ab9d18ca59e3130,JSON,,,,verified,,POST https://services9.arcgis.com/weJ1QsnbMYJlCHdG/arcgis/rest/services/Daily_Ports_Data/FeatureServer/0/query objectIds=2108871..2109870,2026-09-25T17:57:52+00:00,"Tue, 22 Sep 2026 11:36:19 GMT",sd2069_-1334569459
data/raw/imf_portwatch_daily/2026-09-25_1790076979705/batch_0095000.json,imf_portwatch_daily,935213,ace32a7d4a25544c41958777875dca119199cf79b1d88938b4f3f10de67e008d,JSON,,,,verified,,POST https://services9.arcgis.com/weJ1QsnbMYJlCHdG/arcgis/rest/services/Daily_Ports_Data/FeatureServer/0/query objectIds=2109871..2158228,2026-09-25T17:57:52+00:00,"Tue, 22 Sep 2026 11:36:19 GMT",sd2069_-1334569459
data/raw/imf_portwatch_daily/2026-09-25_1790076979705/batch_0096000.json,imf_portwatch_daily,943557,8f3cc82328e579de54c02631ee50d32cb05698e97c5d4bdeb1fcc6a2a7a16575,JSON,,,,verified,,POST https://services9.arcgis.com/weJ1QsnbMYJlCHdG/arcgis/rest/services/Daily_Ports_Data/FeatureServer/0/query objectIds=2158229..2159776,2026-09-25T17:57:52+00:00,"Tue, 22 Sep 2026 11:36:19 GMT",sd2069_-1334569459
data/raw/imf_portwatch_daily/2026-09-25_1790076979705/batch_0097000.json,imf_portwatch_daily,943758,d6c95cd2aa09a99c6643c0f0951ffa8e0b53b32e70b19bdc2dc009e22742afca,JSON,,,,verified,,POST https://services9.arcgis.com/weJ1QsnbMYJlCHdG/arcgis/rest/services/Daily_Ports_Data/FeatureServer/0/query objectIds=2159777..2161370,2026-09-25T17:57:52+00:00,"Tue, 22 Sep 2026 11:36:19 GMT",sd2069_-1334569459
data/raw/imf_portwatch_daily/2026-09-25_1790076979705/batch_0098000.json,imf_portwatch_daily,945570,13fc9a0e37c93330f08debfc7d649fd0f35949626c42fc9d7a8c94ca6c2d2fb2,JSON,,,,verified,,POST https://services9.arcgis.com/weJ1QsnbMYJlCHdG/arcgis/rest/services/Daily_Ports_Data/FeatureServer/0/query objectIds=2161371..2170230,2026-09-25T17:57:53+00:00,"Tue, 22 Sep 2026 11:36:19 GMT",sd2069_-1334569459
data/raw/imf_portwatch_daily/2026-09-25_1790076979705/batch_0099000.json,imf_portwatch_daily,948143,4721ea3ad24d39525d69adb1a2073cbdd3c40d0e4cd2bf2513f981971551aaf3,JSON,,,,verified,,POST https://services9.arcgis.com/weJ1QsnbMYJlCHdG/arcgis/rest/services/Daily_Ports_Data/FeatureServer/0/query objectIds=2170231..2171230,2026-09-25T17:57:53+00:00,"Tue, 22 Sep 2026 11:36:19 GMT",sd2069_-1334569459
data/raw/imf_portwatch_daily/2026-09-25_1790076979705/batch_0100000.json,imf_portwatch_daily,948544,79f612b148295ca2ba82afe789e8c9c374edbadcc760db89472729522f7a87b4,JSON,,,,verified,,POST https://services9.arcgis.com/weJ1QsnbMYJlCHdG/arcgis/rest/services/Daily_Ports_Data/FeatureServer/0/query objectIds=2171231..2172233,2026-09-25T17:57:53+00:00,"Tue, 22 Sep 2026 11:36:19 GMT",sd2069_-1334569459
data/raw/imf_portwatch_daily/2026-09-25_1790076979705/batch_0101000.json,imf_portwatch_daily,924031,316febde59edfcdd0d6de100b8b22e370663474f345e5c49ee418be8d3f637bf,JSON,,,,verified,,POST https://services9.arcgis.com/weJ1QsnbMYJlCHdG/arcgis/rest/services/Daily_Ports_Data/FeatureServer/0/query objectIds=2172234..2187320,2026-09-25T17:57:53+00:00,"Tue, 22 Sep 2026 11:36:19 GMT",sd2069_-1334569459
data/raw/imf_portwatch_daily/2026-09-25_1790076979705/batch_0102000.json,imf_portwatch_daily,903533,139e628c5a7d0e6707a27b3bafa6363024bc4f25e5fd40b163341835d28aae8c,JSON,,,,verified,,POST https://services9.arcgis.com/weJ1QsnbMYJlCHdG/arcgis/rest/services/Daily_Ports_Data/FeatureServer/0/query objectIds=2187321..2188321,2026-09-25T17:57:54+00:00,"Tue, 22 Sep 2026 11:36:19 GMT",sd2069_-1334569459
data/raw/imf_portwatch_daily/2026-09-25_1790076979705/batch_0103000.json,imf_portwatch_daily,903067,deb9123015e0b442552a26594dce484ab5e7c433dcb193c8016f80e70906e3b0,JSON,,,,verified,,POST https://services9.arcgis.com/weJ1QsnbMYJlCHdG/arcgis/rest/services/Daily_Ports_Data/FeatureServer/0/query objectIds=2188322..2189566,2026-09-25T17:57:54+00:00,"Tue, 22 Sep 2026 11:36:19 GMT",sd2069_-1334569459
data/raw/imf_portwatch_daily/2026-09-25_1790076979705/batch_0104000.json,imf_portwatch_daily,905409,7044a55e9adfcc94dc5936e6226276346d531630c4a3724a7b9ed420ee4d060c,JSON,,,,verified,,POST https://services9.arcgis.com/weJ1QsnbMYJlCHdG/arcgis/rest/services/Daily_Ports_Data/FeatureServer/0/query objectIds=2189567..2195900,2026-09-25T17:57:54+00:00,"Tue, 22 Sep 2026 11:36:19 GMT",sd2069_-1334569459
data/raw/imf_portwatch_daily/2026-09-25_1790076979705/batch_0105000.json,imf_portwatch_daily,905795,49f2fca7a071380b4c1cb584a67a3832edd9b52133282475fb11c40cd2b72059,JSON,,,,verified,,POST https://services9.arcgis.com/weJ1QsnbMYJlCHdG/arcgis/rest/services/Daily_Ports_Data/FeatureServer/0/query objectIds=2195902..2196956,2026-09-25T17:57:55+00:00,"Tue, 22 Sep 2026 11:36:19 GMT",sd2069_-1334569459
data/raw/imf_portwatch_daily/2026-09-25_1790076979705/batch_0106000.json,imf_portwatch_daily,906298,0d15ad85191a9008f6972569592ac1e4dd70c514936f221a60727bab410bfddb,JSON,,,,verified,,POST https://services9.arcgis.com/weJ1QsnbMYJlCHdG/arcgis/rest/services/Daily_Ports_Data/FeatureServer/0/query objectIds=2196957..2197956,2026-09-25T17:57:55+00:00,"Tue, 22 Sep 2026 11:36:19 GMT",sd2069_-1334569459
data/raw/imf_portwatch_daily/2026-09-25_1790076979705/batch_0107000.json,imf_portwatch_daily,904528,76a6b0edeb9a85c60bb7842797151eed1b67d8480b36d99b5dd9003aeee28ab5,JSON,,,,verified,,POST https://services9.arcgis.com/weJ1QsnbMYJlCHdG/arcgis/rest/services/Daily_Ports_Data/FeatureServer/0/query objectIds=2197957..2204592,2026-09-25T17:57:55+00:00,"Tue, 22 Sep 2026 11:36:19 GMT",sd2069_-1334569459
data/raw/imf_portwatch_daily/2026-09-25_1790076979705/batch_0108000.json,imf_portwatch_daily,905103,3e7210196bfa7302aeb77fe4dee621ae8cb882d2209ab150ed8fa5dd4867ad2b,JSON,,,,verified,,POST https://services9.arcgis.com/weJ1QsnbMYJlCHdG/arcgis/rest/services/Daily_Ports_Data/FeatureServer/0/query objectIds=2204593..2205592,2026-09-25T17:57:56+00:00,"Tue, 22 Sep 2026 11:36:19 GMT",sd2069_-1334569459
data/raw/imf_portwatch_daily/2026-09-25_1790076979705/batch_0109000.json,imf_portwatch_daily,905232,e5fb4ba4fc53c17a3eba28db94f24ba30b56a447b113ddd61be3fbe61d73b064,JSON,,,,verified,,POST https://services9.arcgis.com/weJ1QsnbMYJlCHdG/arcgis/rest/services/Daily_Ports_Data/FeatureServer/0/query objectIds=2205593..2206592,2026-09-25T17:57:56+00:00,"Tue, 22 Sep 2026 11:36:19 GMT",sd2069_-1334569459
data/raw/imf_portwatch_daily/2026-09-25_1790076979705/batch_0110000.json,imf_portwatch_daily,905653,900a44503ba1a6cbb9d06a194ed1993755f4ff8132389a1b0602f4dc3707f221,JSON,,,,verified,,POST https://services9.arcgis.com/weJ1QsnbMYJlCHdG/arcgis/rest/services/Daily_Ports_Data/FeatureServer/0/query objectIds=2206593..2207592,2026-09-25T17:57:56+00:00,"Tue, 22 Sep 2026 11:36:19 GMT",sd2069_-1334569459
data/raw/imf_portwatch_daily/2026-09-25_1790076979705/batch_0111000.json,imf_portwatch_daily,908225,1c81155cf20d0f7eea29f2eeb89c47810cdb9e9a5f2481de18222398b461b98c,JSON,,,,verified,,POST https://services9.arcgis.com/weJ1QsnbMYJlCHdG/arcgis/rest/services/Daily_Ports_Data/FeatureServer/0/query objectIds=2207593..2208592,2026-09-25T17:57:57+00:00,"Tue, 22 Sep 2026 11:36:19 GMT",sd2069_-1334569459
data/raw/imf_portwatch_daily/2026-09-25_1790076979705/batch_0112000.json,imf_portwatch_daily,906836,8ac8696955e1af9db1b8e3959dbb28906190ec087ff5c4211fef166459db8bd6,JSON,,,,verified,,POST https://services9.arcgis.com/weJ1QsnbMYJlCHdG/arcgis/rest/services/Daily_Ports_Data/FeatureServer/0/query objectIds=2208593..2209592,2026-09-25T17:57:57+00:00,"Tue, 22 Sep 2026 11:36:19 GMT",sd2069_-1334569459
data/raw/imf_portwatch_daily/2026-09-25_1790076979705/batch_0113000.json,imf_portwatch_daily,904986,36e9f5b3a90c229ced751565f0e32678d6c946dd387bfb502883c840fe0b52a7,JSON,,,,verified,,POST https://services9.arcgis.com/weJ1QsnbMYJlCHdG/arcgis/rest/services/Daily_Ports_Data/FeatureServer/0/query objectIds=2209593..2210592,2026-09-25T17:57:57+00:00,"Tue, 22 Sep 2026 11:36:19 GMT",sd2069_-1334569459
data/raw/imf_portwatch_daily/2026-09-25_1790076979705/batch_0114000.json,imf_portwatch_daily,905234,840db12d6c1e80159197b8c51290fc229747242969ca42becdada80a3ddff028,JSON,,,,verified,,POST https://services9.arcgis.com/weJ1QsnbMYJlCHdG/arcgis/rest/services/Daily_Ports_Data/FeatureServer/0/query objectIds=2210593..2211592,2026-09-25T17:57:57+00:00,"Tue, 22 Sep 2026 11:36:19 GMT",sd2069_-1334569459
data/raw/imf_portwatch_daily/2026-09-25_1790076979705/batch_0115000.json,imf_portwatch_daily,904402,517d3285641e22978d74b30db3dd7ea04c7c7da9026722cd98a434ac9cd12c2d,JSON,,,,verified,,POST https://services9.arcgis.com/weJ1QsnbMYJlCHdG/arcgis/rest/services/Daily_Ports_Data/FeatureServer/0/query objectIds=2211593..2212592,2026-09-25T17:57:58+00:00,"Tue, 22 Sep 2026 11:36:19 GMT",sd2069_-1334569459
data/raw/imf_portwatch_daily/2026-09-25_1790076979705/batch_0116000.json,imf_portwatch_daily,904161,66fab692f8fd422f2b48893f3c3c98e790cb6b6bc73046f801f2fc30505a2c7e,JSON,,,,verified,,POST https://services9.arcgis.com/weJ1QsnbMYJlCHdG/arcgis/rest/services/Daily_Ports_Data/FeatureServer/0/query objectIds=2212593..2213592,2026-09-25T17:57:58+00:00,"Tue, 22 Sep 2026 11:36:19 GMT",sd2069_-1334569459
data/raw/imf_portwatch_daily/2026-09-25_1790076979705/batch_0117000.json,imf_portwatch_daily,904008,6500000231eee10c349a5c7557a3108e9911b77654495551e4308898c4de1bb3,JSON,,,,verified,,POST https://services9.arcgis.com/weJ1QsnbMYJlCHdG/arcgis/rest/services/Daily_Ports_Data/FeatureServer/0/query objectIds=2213593..2214592,2026-09-25T17:57:58+00:00,"Tue, 22 Sep 2026 11:36:19 GMT",sd2069_-1334569459
data/raw/imf_portwatch_daily/2026-09-25_1790076979705/batch_0118000.json,imf_portwatch_daily,900711,4282e88e726aac29f6931fe597406380d6341f90c5eac1eb069b566ea0dd0e62,JSON,,,,verified,,POST https://services9.arcgis.com/weJ1QsnbMYJlCHdG/arcgis/rest/services/Daily_Ports_Data/FeatureServer/0/query objectIds=2214593..2215592,2026-09-25T17:57:59+00:00,"Tue, 22 Sep 2026 11:36:19 GMT",sd2069_-1334569459
data/raw/imf_portwatch_daily/2026-09-25_1790076979705/batch_0119000.json,imf_portwatch_daily,899690,9621e999d01e045adcaa3c0b24c0598580354fe1982894ae2986e0ad95b4e65b,JSON,,,,verified,,POST https://services9.arcgis.com/weJ1QsnbMYJlCHdG/arcgis/rest/services/Daily_Ports_Data/FeatureServer/0/query objectIds=2215593..2216592,2026-09-25T17:57:59+00:00,"Tue, 22 Sep 2026 11:36:19 GMT",sd2069_-1334569459
data/raw/imf_portwatch_daily/2026-09-25_1790076979705/batch_0120000.json,imf_portwatch_daily,898686,48550f2c87040bd43c1a74123c74cd765f924038d970abd17ea2d3ee0cd357be,JSON,,,,verified,,POST https://services9.arcgis.com/weJ1QsnbMYJlCHdG/arcgis/rest/services/Daily_Ports_Data/FeatureServer/0/query objectIds=2216593..2217592,2026-09-25T17:57:59+00:00,"Tue, 22 Sep 2026 11:36:19 GMT",sd2069_-1334569459
data/raw/imf_portwatch_daily/2026-09-25_1790076979705/batch_0121000.json,imf_portwatch_daily,900179,20b46e58d67e983f8e14e97d0331dd2d8e05b0b560c2aa045639a4c05001f4fc,JSON,,,,verified,,POST https://services9.arcgis.com/weJ1QsnbMYJlCHdG/arcgis/rest/services/Daily_Ports_Data/FeatureServer/0/query objectIds=2217593..2218592,2026-09-25T17:58:00+00:00,"Tue, 22 Sep 2026 11:36:19 GMT",sd2069_-1334569459
data/raw/imf_portwatch_daily/2026-09-25_1790076979705/batch_0122000.json,imf_portwatch_daily,901560,fc29d3253bd8285133186f6eb602e87c245a9a8618fb7c17a3a69dc9b8bd3846,JSON,,,,verified,,POST https://services9.arcgis.com/weJ1QsnbMYJlCHdG/arcgis/rest/services/Daily_Ports_Data/FeatureServer/0/query objectIds=2218593..2219592,2026-09-25T17:58:00+00:00,"Tue, 22 Sep 2026 11:36:19 GMT",sd2069_-1334569459
data/raw/imf_portwatch_daily/2026-09-25_1790076979705/batch_0123000.json,imf_portwatch_daily,906916,de09d97cd1f51ab058cdbbc839978974eb46dd0a0a526f15d6b426c99dd9061b,JSON,,,,verified,,POST https://services9.arcgis.com/weJ1QsnbMYJlCHdG/arcgis/rest/services/Daily_Ports_Data/FeatureServer/0/query objectIds=2219593..2220592,2026-09-25T17:58:00+00:00,"Tue, 22 Sep 2026 11:36:19 GMT",sd2069_-1334569459
data/raw/imf_portwatch_daily/2026-09-25_1790076979705/batch_0124000.json,imf_portwatch_daily,907038,24e13abef0e4ccf57ef9214c0176a99acf50e72553f91ec7ca9de8e9a2781919,JSON,,,,verified,,POST https://services9.arcgis.com/weJ1QsnbMYJlCHdG/arcgis/rest/services/Daily_Ports_Data/FeatureServer/0/query objectIds=2220593..2221592,2026-09-25T17:58:01+00:00,"Tue, 22 Sep 2026 11:36:19 GMT",sd2069_-1334569459
data/raw/imf_portwatch_daily/2026-09-25_1790076979705/batch_0125000.json,imf_portwatch_daily,906696,ed05e6e8a1c856db8d264bbbbe0d4397dd20b255dcc64181e36a6cf67c95c6f6,JSON,,,,verified,,POST https://services9.arcgis.com/weJ1QsnbMYJlCHdG/arcgis/rest/services/Daily_Ports_Data/FeatureServer/0/query objectIds=2221593..2222592,2026-09-25T17:58:01+00:00,"Tue, 22 Sep 2026 11:36:19 GMT",sd2069_-1334569459
data/raw/imf_portwatch_daily/2026-09-25_1790076979705/batch_0126000.json,imf_portwatch_daily,909644,87978648a3f4b47f151c91ff5eb5e6eb13d33aaa999e533f5847b9af848aa920,JSON,,,,verified,,POST https://services9.arcgis.com/weJ1QsnbMYJlCHdG/arcgis/rest/services/Daily_Ports_Data/FeatureServer/0/query objectIds=2222593..2223592,2026-09-25T17:58:01+00:00,"Tue, 22 Sep 2026 11:36:19 GMT",sd2069_-1334569459
data/raw/imf_portwatch_daily/2026-09-25_1790076979705/batch_0127000.json,imf_portwatch_daily,906084,223e73a8781031b37fe8c54cea75f99a9943e2a49bf4d98b3281b5f9bc5c357e,JSON,,,,verified,,POST https://services9.arcgis.com/weJ1QsnbMYJlCHdG/arcgis/rest/services/Daily_Ports_Data/FeatureServer/0/query objectIds=2223593..2224592,2026-09-25T17:58:01+00:00,"Tue, 22 Sep 2026 11:36:19 GMT",sd2069_-1334569459
data/raw/imf_portwatch_daily/2026-09-25_1790076979705/batch_0128000.json,imf_portwatch_daily,900999,c4e0978c9aee2afaa1b9350be72276b9734e59da5a1870fa82e7c60616635b2b,JSON,,,,verified,,POST https://services9.arcgis.com/weJ1QsnbMYJlCHdG/arcgis/rest/services/Daily_Ports_Data/FeatureServer/0/query objectIds=2224593..2225592,2026-09-25T17:58:02+00:00,"Tue, 22 Sep 2026 11:36:19 GMT",sd2069_-1334569459
data/raw/imf_portwatch_daily/2026-09-25_1790076979705/batch_0129000.json,imf_portwatch_daily,907482,85b399bd00ecf467dc71ef788b9475af399cb1cb8b51e51bbbdcb3a517f05033,JSON,,,,verified,,POST https://services9.arcgis.com/weJ1QsnbMYJlCHdG/arcgis/rest/services/Daily_Ports_Data/FeatureServer/0/query objectIds=2225593..2226592,2026-09-25T17:58:02+00:00,"Tue, 22 Sep 2026 11:36:19 GMT",sd2069_-1334569459
data/raw/imf_portwatch_daily/2026-09-25_1790076979705/batch_0130000.json,imf_portwatch_daily,922998,465530da312886d344475f0bac85c9383b9a48d3188a70f3f9df949eb612de9c,JSON,,,,verified,,POST https://services9.arcgis.com/weJ1QsnbMYJlCHdG/arcgis/rest/services/Daily_Ports_Data/FeatureServer/0/query objectIds=2226593..2227592,2026-09-25T17:58:03+00:00,"Tue, 22 Sep 2026 11:36:19 GMT",sd2069_-1334569459
data/raw/imf_portwatch_daily/2026-09-25_1790076979705/batch_0131000.json,imf_portwatch_daily,914609,96fd90c060f6b2964857ddc98828be215b0c6927b27047a4bc3f9f0b853321e9,JSON,,,,verified,,POST https://services9.arcgis.com/weJ1QsnbMYJlCHdG/arcgis/rest/services/Daily_Ports_Data/FeatureServer/0/query objectIds=2227593..2228592,2026-09-25T17:58:03+00:00,"Tue, 22 Sep 2026 11:36:19 GMT",sd2069_-1334569459
data/raw/imf_portwatch_daily/2026-09-25_1790076979705/batch_0132000.json,imf_portwatch_daily,916659,d40ab5b8b5ec9d72a777320dc677bd0e5f5fdd73340407ab116716a8f034dead,JSON,,,,verified,,POST https://services9.arcgis.com/weJ1QsnbMYJlCHdG/arcgis/rest/services/Daily_Ports_Data/FeatureServer/0/query objectIds=2228593..2229592,2026-09-25T17:58:03+00:00,"Tue, 22 Sep 2026 11:36:19 GMT",sd2069_-1334569459
data/raw/imf_portwatch_daily/2026-09-25_1790076979705/batch_0133000.json,imf_portwatch_daily,904822,11c74761ac956165504b07273e7587f01e66d75c8205316430886daa47abeacc,JSON,,,,verified,,POST https://services9.arcgis.com/weJ1QsnbMYJlCHdG/arcgis/rest/services/Daily_Ports_Data/FeatureServer/0/query objectIds=2229593..2230592,2026-09-25T17:58:03+00:00,"Tue, 22 Sep 2026 11:36:19 GMT",sd2069_-1334569459
data/raw/imf_portwatch_daily/2026-09-25_1790076979705/batch_0134000.json,imf_portwatch_daily,902948,85d03d7fa4a08b2bfc7dc09890a6dcbef1c0afc6cde03951e6ea197aa2b5169e,JSON,,,,verified,,POST https://services9.arcgis.com/weJ1QsnbMYJlCHdG/arcgis/rest/services/Daily_Ports_Data/FeatureServer/0/query objectIds=2230593..2231592,2026-09-25T17:58:04+00:00,"Tue, 22 Sep 2026 11:36:19 GMT",sd2069_-1334569459
data/raw/imf_portwatch_daily/2026-09-25_1790076979705/batch_0135000.json,imf_portwatch_daily,908830,6e0fbeaf0c4f7472d3626d080f13e89e3cf8e2252dea3de93fe9e08d3239f719,JSON,,,,verified,,POST https://services9.arcgis.com/weJ1QsnbMYJlCHdG/arcgis/rest/services/Daily_Ports_Data/FeatureServer/0/query objectIds=2231593..2232592,2026-09-25T17:58:04+00:00,"Tue, 22 Sep 2026 11:36:19 GMT",sd2069_-1334569459
data/raw/imf_portwatch_daily/2026-09-25_1790076979705/batch_0136000.json,imf_portwatch_daily,914600,335dcf18e5104d9dc28313c0160678b465d769ef357f6fc0066e8c61856abe0e,JSON,,,,verified,,POST https://services9.arcgis.com/weJ1QsnbMYJlCHdG/arcgis/rest/services/Daily_Ports_Data/FeatureServer/0/query objectIds=2232593..2233592,2026-09-25T17:58:04+00:00,"Tue, 22 Sep 2026 11:36:19 GMT",sd2069_-1334569459
data/raw/imf_portwatch_daily/2026-09-25_1790076979705/batch_0137000.json,imf_portwatch_daily,922414,01fb9b36fb3e69ce60c66198aaf3d4f8de067174e9b38e6a1d773ab5ff7fd97e,JSON,,,,verified,,POST https://services9.arcgis.com/weJ1QsnbMYJlCHdG/arcgis/rest/services/Daily_Ports_Data/FeatureServer/0/query objectIds=2233593..2234592,2026-09-25T17:58:04+00:00,"Tue, 22 Sep 2026 11:36:19 GMT",sd2069_-1334569459
data/raw/imf_portwatch_daily/2026-09-25_1790076979705/batch_0138000.json,imf_portwatch_daily,922507,d0e8ae2c058370088f6fa1eed73d5c139877d541c71906f32952d14deace2075,JSON,,,,verified,,POST https://services9.arcgis.com/weJ1QsnbMYJlCHdG/arcgis/rest/services/Daily_Ports_Data/FeatureServer/0/query objectIds=2234593..2235592,2026-09-25T17:58:05+00:00,"Tue, 22 Sep 2026 11:36:19 GMT",sd2069_-1334569459
data/raw/imf_portwatch_daily/2026-09-25_1790076979705/batch_0139000.json,imf_portwatch_daily,926479,3124ed5c5a25f7a40fc50d8bbcfd6d7378a0067cb67f7c812fb884374d5174b5,JSON,,,,verified,,POST https://services9.arcgis.com/weJ1QsnbMYJlCHdG/arcgis/rest/services/Daily_Ports_Data/FeatureServer/0/query objectIds=2235593..2236592,2026-09-25T17:58:05+00:00,"Tue, 22 Sep 2026 11:36:19 GMT",sd2069_-1334569459
data/raw/imf_portwatch_daily/2026-09-25_1790076979705/batch_0140000.json,imf_portwatch_daily,926512,3671fb471497707ad68b4127595b0793257d686c2cf93c6212babb5fa3ffeed4,JSON,,,,verified,,POST https://services9.arcgis.com/weJ1QsnbMYJlCHdG/arcgis/rest/services/Daily_Ports_Data/FeatureServer/0/query objectIds=2236593..2237592,2026-09-25T17:58:05+00:00,"Tue, 22 Sep 2026 11:36:19 GMT",sd2069_-1334569459
data/raw/imf_portwatch_daily/2026-09-25_1790076979705/batch_0141000.json,imf_portwatch_daily,924566,665a60d8da50ab21e388f59157035d821370735d0e3c79fcf398cee78518e15a,JSON,,,,verified,,POST https://services9.arcgis.com/weJ1QsnbMYJlCHdG/arcgis/rest/services/Daily_Ports_Data/FeatureServer/0/query objectIds=2237593..2238592,2026-09-25T17:58:05+00:00,"Tue, 22 Sep 2026 11:36:19 GMT",sd2069_-1334569459
data/raw/imf_portwatch_daily/2026-09-25_1790076979705/batch_0142000.json,imf_portwatch_daily,924073,0aa74476c5020f89e9a5d970c556bc134d5d2ed59d2a950f3a0dfbd079d3ef51,JSON,,,,verified,,POST https://services9.arcgis.com/weJ1QsnbMYJlCHdG/arcgis/rest/services/Daily_Ports_Data/FeatureServer/0/query objectIds=2238593..2239592,2026-09-25T17:58:06+00:00,"Tue, 22 Sep 2026 11:36:19 GMT",sd2069_-1334569459
data/raw/imf_portwatch_daily/2026-09-25_1790076979705/batch_0143000.json,imf_portwatch_daily,910939,8d8fc584b3c30bce0188aeb6bedd1b2ff4e6946925ca4a8ea573d2fbc4ab360b,JSON,,,,verified,,POST https://services9.arcgis.com/weJ1QsnbMYJlCHdG/arcgis/rest/services/Daily_Ports_Data/FeatureServer/0/query objectIds=2239593..2240592,2026-09-25T17:58:06+00:00,"Tue, 22 Sep 2026 11:36:19 GMT",sd2069_-1334569459
data/raw/imf_portwatch_daily/2026-09-25_1790076979705/batch_0144000.json,imf_portwatch_daily,906573,4cd165ba6257e264d97b0c86ef714daea0e7b7736116a71a8b62fe8cd27ac47f,JSON,,,,verified,,POST https://services9.arcgis.com/weJ1QsnbMYJlCHdG/arcgis/rest/services/Daily_Ports_Data/FeatureServer/0/query objectIds=2240593..2241592,2026-09-25T17:58:06+00:00,"Tue, 22 Sep 2026 11:36:19 GMT",sd2069_-1334569459
data/raw/imf_portwatch_daily/2026-09-25_1790076979705/batch_0145000.json,imf_portwatch_daily,910728,6354ebfcab7d653adb9446a3a748656cd9808505520d78d338366064f464d38b,JSON,,,,verified,,POST https://services9.arcgis.com/weJ1QsnbMYJlCHdG/arcgis/rest/services/Daily_Ports_Data/FeatureServer/0/query objectIds=2241593..2242592,2026-09-25T17:58:07+00:00,"Tue, 22 Sep 2026 11:36:19 GMT",sd2069_-1334569459
data/raw/imf_portwatch_daily/2026-09-25_1790076979705/batch_0146000.json,imf_portwatch_daily,906080,6d226ca57327c6b2aa240812c56a825fbdb040c9208999d289389f72ef5fb538,JSON,,,,verified,,POST https://services9.arcgis.com/weJ1QsnbMYJlCHdG/arcgis/rest/services/Daily_Ports_Data/FeatureServer/0/query objectIds=2242593..2243592,2026-09-25T17:58:07+00:00,"Tue, 22 Sep 2026 11:36:19 GMT",sd2069_-1334569459
data/raw/imf_portwatch_daily/2026-09-25_1790076979705/batch_0147000.json,imf_portwatch_daily,917110,c7fe5599755479078262409ef5ca686d499292c90cb2e812e14bd3fa6b819935,JSON,,,,verified,,POST https://services9.arcgis.com/weJ1QsnbMYJlCHdG/arcgis/rest/services/Daily_Ports_Data/FeatureServer/0/query objectIds=2243593..2244592,2026-09-25T17:58:07+00:00,"Tue, 22 Sep 2026 11:36:19 GMT",sd2069_-1334569459
data/raw/imf_portwatch_daily/2026-09-25_1790076979705/batch_0148000.json,imf_portwatch_daily,921861,17aba1b98f981cb4840dd9b44db683271034c543eeaf58aded495c25431752b1,JSON,,,,verified,,POST https://services9.arcgis.com/weJ1QsnbMYJlCHdG/arcgis/rest/services/Daily_Ports_Data/FeatureServer/0/query objectIds=2244593..2245592,2026-09-25T17:58:07+00:00,"Tue, 22 Sep 2026 11:36:19 GMT",sd2069_-1334569459
data/raw/imf_portwatch_daily/2026-09-25_1790076979705/batch_0149000.json,imf_portwatch_daily,922781,a39299b10fd7ccd0b95b48fbbffd3ec228b5d840ff1edaa440566b01a04b4765,JSON,,,,verified,,POST https://services9.arcgis.com/weJ1QsnbMYJlCHdG/arcgis/rest/services/Daily_Ports_Data/FeatureServer/0/query objectIds=2245593..2246592,2026-09-25T17:58:08+00:00,"Tue, 22 Sep 2026 11:36:19 GMT",sd2069_-1334569459
data/raw/imf_portwatch_daily/2026-09-25_1790076979705/batch_0150000.json,imf_portwatch_daily,923940,915f1ce0677e629fbfe86343eb11ab236a47620700251b6755e7103e92265fcb,JSON,,,,verified,,POST https://services9.arcgis.com/weJ1QsnbMYJlCHdG/arcgis/rest/services/Daily_Ports_Data/FeatureServer/0/query objectIds=2246593..2247592,2026-09-25T17:58:08+00:00,"Tue, 22 Sep 2026 11:36:19 GMT",sd2069_-1334569459
data/raw/imf_portwatch_daily/2026-09-25_1790076979705/batch_0151000.json,imf_portwatch_daily,914249,a40212cb30dc75cf89f2a07f73899a11a98c2786047dc0ec7347bef7a77d9e94,JSON,,,,verified,,POST https://services9.arcgis.com/weJ1QsnbMYJlCHdG/arcgis/rest/services/Daily_Ports_Data/FeatureServer/0/query objectIds=2247593..2248592,2026-09-25T17:58:08+00:00,"Tue, 22 Sep 2026 11:36:19 GMT",sd2069_-1334569459
data/raw/imf_portwatch_daily/2026-09-25_1790076979705/batch_0152000.json,imf_portwatch_daily,911121,1e7d257eda77e35d7cca62f9acc43c6bf29316458f530705dd6e260d7c42a5ff,JSON,,,,verified,,POST https://services9.arcgis.com/weJ1QsnbMYJlCHdG/arcgis/rest/services/Daily_Ports_Data/FeatureServer/0/query objectIds=2248593..2249592,2026-09-25T17:58:09+00:00,"Tue, 22 Sep 2026 11:36:19 GMT",sd2069_-1334569459
data/raw/imf_portwatch_daily/2026-09-25_1790076979705/batch_0153000.json,imf_portwatch_daily,908507,429f81b6dcac9fad0737d10e9f91946d8b057ed21eea72017d2dc461cce7b080,JSON,,,,verified,,POST https://services9.arcgis.com/weJ1QsnbMYJlCHdG/arcgis/rest/services/Daily_Ports_Data/FeatureServer/0/query objectIds=2249593..2250592,2026-09-25T17:58:09+00:00,"Tue, 22 Sep 2026 11:36:19 GMT",sd2069_-1334569459
data/raw/imf_portwatch_daily/2026-09-25_1790076979705/batch_0154000.json,imf_portwatch_daily,899016,3a471586319bd741d98ef1e57eba343227c95c70ea043e09913f735be56c65a3,JSON,,,,verified,,POST https://services9.arcgis.com/weJ1QsnbMYJlCHdG/arcgis/rest/services/Daily_Ports_Data/FeatureServer/0/query objectIds=2250593..2251592,2026-09-25T17:58:09+00:00,"Tue, 22 Sep 2026 11:36:19 GMT",sd2069_-1334569459
data/raw/imf_portwatch_daily/2026-09-25_1790076979705/batch_0155000.json,imf_portwatch_daily,908391,0dfd176ace05315a539ad35fc3da9734a746788521a5ff8d82fe59b6de7d97c8,JSON,,,,verified,,POST https://services9.arcgis.com/weJ1QsnbMYJlCHdG/arcgis/rest/services/Daily_Ports_Data/FeatureServer/0/query objectIds=2251593..2252592,2026-09-25T17:58:09+00:00,"Tue, 22 Sep 2026 11:36:19 GMT",sd2069_-1334569459
data/raw/imf_portwatch_daily/2026-09-25_1790076979705/batch_0156000.json,imf_portwatch_daily,915048,851962c9b144a50d85830f247f2ff9defc798269c5fe75844488d1b1982ce186,JSON,,,,verified,,POST https://services9.arcgis.com/weJ1QsnbMYJlCHdG/arcgis/rest/services/Daily_Ports_Data/FeatureServer/0/query objectIds=2252593..2253592,2026-09-25T17:58:10+00:00,"Tue, 22 Sep 2026 11:36:19 GMT",sd2069_-1334569459
data/raw/imf_portwatch_daily/2026-09-25_1790076979705/batch_0157000.json,imf_portwatch_daily,913019,005b2851bcc2ce049bd8443eaf5bfb7bfc5be1cdf7291bca217f8e3996858a2b,JSON,,,,verified,,POST https://services9.arcgis.com/weJ1QsnbMYJlCHdG/arcgis/rest/services/Daily_Ports_Data/FeatureServer/0/query objectIds=2253593..2254592,2026-09-25T17:58:10+00:00,"Tue, 22 Sep 2026 11:36:19 GMT",sd2069_-1334569459
data/raw/imf_portwatch_daily/2026-09-25_1790076979705/batch_0158000.json,imf_portwatch_daily,911070,2e34ce7c77cef09dd086ad83d1a52266a5f44768ccbd7d0b83c6663ab08e24cb,JSON,,,,verified,,POST https://services9.arcgis.com/weJ1QsnbMYJlCHdG/arcgis/rest/services/Daily_Ports_Data/FeatureServer/0/query objectIds=2254593..2255592,2026-09-25T17:58:11+00:00,"Tue, 22 Sep 2026 11:36:19 GMT",sd2069_-1334569459
data/raw/imf_portwatch_daily/2026-09-25_1790076979705/batch_0159000.json,imf_portwatch_daily,911368,1f6fccff39d9d26d994f5f4375cea2a8fb4c5f4c1b6c9afef2a1f535cf909ea3,JSON,,,,verified,,POST https://services9.arcgis.com/weJ1QsnbMYJlCHdG/arcgis/rest/services/Daily_Ports_Data/FeatureServer/0/query objectIds=2255593..2256592,2026-09-25T17:58:11+00:00,"Tue, 22 Sep 2026 11:36:19 GMT",sd2069_-1334569459
data/raw/imf_portwatch_daily/2026-09-25_1790076979705/batch_0160000.json,imf_portwatch_daily,910017,d6522a093b9fc62ed8066c07eb4709ce655eccbe6dc98beb854494006d7dd99a,JSON,,,,verified,,POST https://services9.arcgis.com/weJ1QsnbMYJlCHdG/arcgis/rest/services/Daily_Ports_Data/FeatureServer/0/query objectIds=2256593..2257592,2026-09-25T17:58:11+00:00,"Tue, 22 Sep 2026 11:36:19 GMT",sd2069_-1334569459
data/raw/imf_portwatch_daily/2026-09-25_1790076979705/batch_0161000.json,imf_portwatch_daily,909798,9dd7484d8551943d7dc58357060e2b26d8cb23ad0e384e5e90538151c8b87768,JSON,,,,verified,,POST https://services9.arcgis.com/weJ1QsnbMYJlCHdG/arcgis/rest/services/Daily_Ports_Data/FeatureServer/0/query objectIds=2257593..2258592,2026-09-25T17:58:11+00:00,"Tue, 22 Sep 2026 11:36:19 GMT",sd2069_-1334569459
data/raw/imf_portwatch_daily/2026-09-25_1790076979705/batch_0162000.json,imf_portwatch_daily,908952,3328782421b83443d9342435c6cf5a4eb7779489e1612fa773a393d5743a0f48,JSON,,,,verified,,POST https://services9.arcgis.com/weJ1QsnbMYJlCHdG/arcgis/rest/services/Daily_Ports_Data/FeatureServer/0/query objectIds=2258593..2259592,2026-09-25T17:58:12+00:00,"Tue, 22 Sep 2026 11:36:19 GMT",sd2069_-1334569459
data/raw/imf_portwatch_daily/2026-09-25_1790076979705/batch_0163000.json,imf_portwatch_daily,916629,16a620c75521c355e8ac0e6d7b517a432ec169b690d8f1a1792b79638b4fd0d7,JSON,,,,verified,,POST https://services9.arcgis.com/weJ1QsnbMYJlCHdG/arcgis/rest/services/Daily_Ports_Data/FeatureServer/0/query objectIds=2259593..2260592,2026-09-25T17:58:12+00:00,"Tue, 22 Sep 2026 11:36:19 GMT",sd2069_-1334569459
data/raw/imf_portwatch_daily/2026-09-25_1790076979705/batch_0164000.json,imf_portwatch_daily,923520,acb8c926f25ba3e84b0fae2b2b7e34d0cd332dcdf4c7fbe12dfac623d6635937,JSON,,,,verified,,POST https://services9.arcgis.com/weJ1QsnbMYJlCHdG/arcgis/rest/services/Daily_Ports_Data/FeatureServer/0/query objectIds=2260593..2261592,2026-09-25T17:58:12+00:00,"Tue, 22 Sep 2026 11:36:19 GMT",sd2069_-1334569459
data/raw/imf_portwatch_daily/2026-09-25_1790076979705/batch_0165000.json,imf_portwatch_daily,922402,75cf78fdc259ab897660ab13375f702435dbb03ea0808e0abea0899744ae0a46,JSON,,,,verified,,POST https://services9.arcgis.com/weJ1QsnbMYJlCHdG/arcgis/rest/services/Daily_Ports_Data/FeatureServer/0/query objectIds=2261593..2262592,2026-09-25T17:58:12+00:00,"Tue, 22 Sep 2026 11:36:19 GMT",sd2069_-1334569459
data/raw/imf_portwatch_daily/2026-09-25_1790076979705/batch_0166000.json,imf_portwatch_daily,909520,6536861e26f73c7dfaaae13778d5bb8dd3211ebf332a077322bd661ac2525629,JSON,,,,verified,,POST https://services9.arcgis.com/weJ1QsnbMYJlCHdG/arcgis/rest/services/Daily_Ports_Data/FeatureServer/0/query objectIds=2262593..2263592,2026-09-25T17:58:13+00:00,"Tue, 22 Sep 2026 11:36:19 GMT",sd2069_-1334569459
data/raw/imf_portwatch_daily/2026-09-25_1790076979705/batch_0167000.json,imf_portwatch_daily,909244,3efb24a7d17be8a32593ed116a717c39d0dbc46234a689667aa8976cd57f3160,JSON,,,,verified,,POST https://services9.arcgis.com/weJ1QsnbMYJlCHdG/arcgis/rest/services/Daily_Ports_Data/FeatureServer/0/query objectIds=2263593..2264592,2026-09-25T17:58:13+00:00,"Tue, 22 Sep 2026 11:36:19 GMT",sd2069_-1334569459
data/raw/imf_portwatch_daily/2026-09-25_1790076979705/batch_0168000.json,imf_portwatch_daily,905529,1332b72fe43adfb1e0eb8f54e2f8d7009ecdc988bbbf7b8aec934f90facf8ac4,JSON,,,,verified,,POST https://services9.arcgis.com/weJ1QsnbMYJlCHdG/arcgis/rest/services/Daily_Ports_Data/FeatureServer/0/query objectIds=2264593..2265592,2026-09-25T17:58:13+00:00,"Tue, 22 Sep 2026 11:36:19 GMT",sd2069_-1334569459
data/raw/imf_portwatch_daily/2026-09-25_1790076979705/batch_0169000.json,imf_portwatch_daily,915722,bbb3f2fd713885810f596d98ad2d529b1156e1f88066d4226597c5307a80ee81,JSON,,,,verified,,POST https://services9.arcgis.com/weJ1QsnbMYJlCHdG/arcgis/rest/services/Daily_Ports_Data/FeatureServer/0/query objectIds=2265593..2266592,2026-09-25T17:58:13+00:00,"Tue, 22 Sep 2026 11:36:19 GMT",sd2069_-1334569459
data/raw/imf_portwatch_daily/2026-09-25_1790076979705/batch_0170000.json,imf_portwatch_daily,919861,f92b3a9b49fb4b52e1c74d4555632de713b0ab42ae609fee79b044b305ade005,JSON,,,,verified,,POST https://services9.arcgis.com/weJ1QsnbMYJlCHdG/arcgis/rest/services/Daily_Ports_Data/FeatureServer/0/query objectIds=2266593..2267592,2026-09-25T17:58:14+00:00,"Tue, 22 Sep 2026 11:36:19 GMT",sd2069_-1334569459
data/raw/imf_portwatch_daily/2026-09-25_1790076979705/batch_0171000.json,imf_portwatch_daily,917597,099c050535f39e7ae14732d64d9de9425f116e9c380b21a8068032bc9361810b,JSON,,,,verified,,POST https://services9.arcgis.com/weJ1QsnbMYJlCHdG/arcgis/rest/services/Daily_Ports_Data/FeatureServer/0/query objectIds=2267593..2268592,2026-09-25T17:58:14+00:00,"Tue, 22 Sep 2026 11:36:19 GMT",sd2069_-1334569459
data/raw/imf_portwatch_daily/2026-09-25_1790076979705/batch_0172000.json,imf_portwatch_daily,918533,8b111402f28798d6e77f5b890fece5fca3e758e032a0d78c145580f58af88b0f,JSON,,,,verified,,POST https://services9.arcgis.com/weJ1QsnbMYJlCHdG/arcgis/rest/services/Daily_Ports_Data/FeatureServer/0/query objectIds=2268593..2269592,2026-09-25T17:58:14+00:00,"Tue, 22 Sep 2026 11:36:19 GMT",sd2069_-1334569459
data/raw/imf_portwatch_daily/2026-09-25_1790076979705/batch_0173000.json,imf_portwatch_daily,919475,f203a284d60208f76a7594613b56aa9d45d7e3c752a2125a6494d0c9149ca602,JSON,,,,verified,,POST https://services9.arcgis.com/weJ1QsnbMYJlCHdG/arcgis/rest/services/Daily_Ports_Data/FeatureServer/0/query objectIds=2269593..2270648,2026-09-25T17:58:14+00:00,"Tue, 22 Sep 2026 11:36:19 GMT",sd2069_-1334569459
data/raw/imf_portwatch_daily/2026-09-25_1790076979705/batch_0174000.json,imf_portwatch_daily,915221,3a6412397ba480368bd87a882a8e47b9ef2a058704daf2822f161f0fb47eb224,JSON,,,,verified,,POST https://services9.arcgis.com/weJ1QsnbMYJlCHdG/arcgis/rest/services/Daily_Ports_Data/FeatureServer/0/query objectIds=2270649..2280046,2026-09-25T17:58:15+00:00,"Tue, 22 Sep 2026 11:36:19 GMT",sd2069_-1334569459
data/raw/imf_portwatch_daily/2026-09-25_1790076979705/batch_0175000.json,imf_portwatch_daily,902081,af51acba17e583afca6314343c9628e9be2cbac45b23be8005c9c4935f82c6fa,JSON,,,,verified,,POST https://services9.arcgis.com/weJ1QsnbMYJlCHdG/arcgis/rest/services/Daily_Ports_Data/FeatureServer/0/query objectIds=2280047..2281046,2026-09-25T17:58:15+00:00,"Tue, 22 Sep 2026 11:36:19 GMT",sd2069_-1334569459
data/raw/imf_portwatch_daily/2026-09-25_1790076979705/batch_0176000.json,imf_portwatch_daily,902289,eb18977e116c4afb2827498503ce274227763e0b6d806fabde169e8d3fc6bded,JSON,,,,verified,,POST https://services9.arcgis.com/weJ1QsnbMYJlCHdG/arcgis/rest/services/Daily_Ports_Data/FeatureServer/0/query objectIds=2281047..2282872,2026-09-25T17:58:15+00:00,"Tue, 22 Sep 2026 11:36:19 GMT",sd2069_-1334569459
data/raw/imf_portwatch_daily/2026-09-25_1790076979705/batch_0177000.json,imf_portwatch_daily,902885,947d8eb2462f81994abc6f8de74f59c2b5af66a557fc3de07a9d5c8126348c6a,JSON,,,,verified,,POST https://services9.arcgis.com/weJ1QsnbMYJlCHdG/arcgis/rest/services/Daily_Ports_Data/FeatureServer/0/query objectIds=2282873..2294318,2026-09-25T17:58:15+00:00,"Tue, 22 Sep 2026 11:36:19 GMT",sd2069_-1334569459
data/raw/imf_portwatch_daily/2026-09-25_1790076979705/batch_0178000.json,imf_portwatch_daily,903097,319fb03aab2f544337fc41b8610f1773a9b0a6491097b5376399568fa18c66e8,JSON,,,,verified,,POST https://services9.arcgis.com/weJ1QsnbMYJlCHdG/arcgis/rest/services/Daily_Ports_Data/FeatureServer/0/query objectIds=2294319..2295318,2026-09-25T17:58:16+00:00,"Tue, 22 Sep 2026 11:36:19 GMT",sd2069_-1334569459
data/raw/imf_portwatch_daily/2026-09-25_1790076979705/batch_0179000.json,imf_portwatch_daily,902841,1eb414cda03e8097789eb2cd3ca6cd8f17bd2a9917f00baf608c1416c8bc8cb3,JSON,,,,verified,,POST https://services9.arcgis.com/weJ1QsnbMYJlCHdG/arcgis/rest/services/Daily_Ports_Data/FeatureServer/0/query objectIds=2295319..2296742,2026-09-25T17:58:16+00:00,"Tue, 22 Sep 2026 11:36:19 GMT",sd2069_-1334569459
data/raw/imf_portwatch_daily/2026-09-25_1790076979705/batch_0180000.json,imf_portwatch_daily,901147,93308ebf09a83098e40d5636cc9bd8f08ae556c768815543cc7017f071e5247b,JSON,,,,verified,,POST https://services9.arcgis.com/weJ1QsnbMYJlCHdG/arcgis/rest/services/Daily_Ports_Data/FeatureServer/0/query objectIds=2296743..4546082,2026-09-25T17:58:16+00:00,"Tue, 22 Sep 2026 11:36:19 GMT",sd2069_-1334569459
data/raw/imf_portwatch_daily/2026-09-25_1790076979705/batch_0181000.json,imf_portwatch_daily,902291,76be7aad1cdf5e2ca44db074e4a50ec06a398aef68458daddfc350237dda2839,JSON,,,,verified,,POST https://services9.arcgis.com/weJ1QsnbMYJlCHdG/arcgis/rest/services/Daily_Ports_Data/FeatureServer/0/query objectIds=4546083..4547082,2026-09-25T17:58:17+00:00,"Tue, 22 Sep 2026 11:36:19 GMT",sd2069_-1334569459
data/raw/imf_portwatch_daily/2026-09-25_1790076979705/batch_0182000.json,imf_portwatch_daily,902597,c40f6d35f430c02a1c977cb30423a587876a0e532b6a3bfc988119081996a854,JSON,,,,verified,,POST https://services9.arcgis.com/weJ1QsnbMYJlCHdG/arcgis/rest/services/Daily_Ports_Data/FeatureServer/0/query objectIds=4547083..4548082,2026-09-25T17:58:17+00:00,"Tue, 22 Sep 2026 11:36:19 GMT",sd2069_-1334569459
data/raw/imf_portwatch_daily/2026-09-25_1790076979705/batch_0183000.json,imf_portwatch_daily,898551,1a00aac4c98533e9f4e3406ed079038c1107421e88720215d2670cf89a8a42a4,JSON,,,,verified,,POST https://services9.arcgis.com/weJ1QsnbMYJlCHdG/arcgis/rest/services/Daily_Ports_Data/FeatureServer/0/query objectIds=4548083..4549082,2026-09-25T17:58:17+00:00,"Tue, 22 Sep 2026 11:36:19 GMT",sd2069_-1334569459
data/raw/imf_portwatch_daily/2026-09-25_1790076979705/batch_0184000.json,imf_portwatch_daily,898097,8c10d1289badf3a4d090a708d703dafc0b53fda685cee7acc37f665ab2243fd9,JSON,,,,verified,,POST https://services9.arcgis.com/weJ1QsnbMYJlCHdG/arcgis/rest/services/Daily_Ports_Data/FeatureServer/0/query objectIds=4549083..4550082,2026-09-25T17:58:17+00:00,"Tue, 22 Sep 2026 11:36:19 GMT",sd2069_-1334569459
data/raw/imf_portwatch_daily/2026-09-25_1790076979705/batch_0185000.json,imf_portwatch_daily,901522,c773bc9f180121d30bd62485ccee7705391e86eea84051f8418a9d44d6bb9752,JSON,,,,verified,,POST https://services9.arcgis.com/weJ1QsnbMYJlCHdG/arcgis/rest/services/Daily_Ports_Data/FeatureServer/0/query objectIds=4550083..4551082,2026-09-25T17:58:18+00:00,"Tue, 22 Sep 2026 11:36:19 GMT",sd2069_-1334569459
data/raw/imf_portwatch_daily/2026-09-25_1790076979705/batch_0186000.json,imf_portwatch_daily,904982,7a9764689b57525b8e03fc7ef1587dd3138022fcc42d9ba97cffb7592413ab92,JSON,,,,verified,,POST https://services9.arcgis.com/weJ1QsnbMYJlCHdG/arcgis/rest/services/Daily_Ports_Data/FeatureServer/0/query objectIds=4551083..4552082,2026-09-25T17:58:18+00:00,"Tue, 22 Sep 2026 11:36:19 GMT",sd2069_-1334569459
data/raw/imf_portwatch_daily/2026-09-25_1790076979705/batch_0187000.json,imf_portwatch_daily,909969,f175bd4e3887ab31ffb10a2f252f0286b8ab99cb6f387c465c5ba6fdb5110860,JSON,,,,verified,,POST https://services9.arcgis.com/weJ1QsnbMYJlCHdG/arcgis/rest/services/Daily_Ports_Data/FeatureServer/0/query objectIds=4552083..4553082,2026-09-25T17:58:18+00:00,"Tue, 22 Sep 2026 11:36:19 GMT",sd2069_-1334569459
data/raw/imf_portwatch_daily/2026-09-25_1790076979705/batch_0188000.json,imf_portwatch_daily,908730,cdb39a925f718752576ad0ad54b2f30c72e44f65bcc858ef67e94bf433604147,JSON,,,,verified,,POST https://services9.arcgis.com/weJ1QsnbMYJlCHdG/arcgis/rest/services/Daily_Ports_Data/FeatureServer/0/query objectIds=4553083..4554082,2026-09-25T17:58:19+00:00,"Tue, 22 Sep 2026 11:36:19 GMT",sd2069_-1334569459
data/raw/imf_portwatch_daily/2026-09-25_1790076979705/batch_0189000.json,imf_portwatch_daily,904371,e5be42c8e1ce8d84c58c648219af1973b6e2db689276332788f2b5be4d82c250,JSON,,,,verified,,POST https://services9.arcgis.com/weJ1QsnbMYJlCHdG/arcgis/rest/services/Daily_Ports_Data/FeatureServer/0/query objectIds=4554083..4555082,2026-09-25T17:58:19+00:00,"Tue, 22 Sep 2026 11:36:19 GMT",sd2069_-1334569459
data/raw/imf_portwatch_daily/2026-09-25_1790076979705/batch_0190000.json,imf_portwatch_daily,903242,b5575594f797bd759af53268f6542822881d8d6139461e26402b4bc6427e77e9,JSON,,,,verified,,POST https://services9.arcgis.com/weJ1QsnbMYJlCHdG/arcgis/rest/services/Daily_Ports_Data/FeatureServer/0/query objectIds=4555083..4556082,2026-09-25T17:58:19+00:00,"Tue, 22 Sep 2026 11:36:19 GMT",sd2069_-1334569459
data/raw/imf_portwatch_daily/2026-09-25_1790076979705/batch_0191000.json,imf_portwatch_daily,899205,dc92b0dd6c3515593355f71980ae1866493e0eb03ed2792511d107d52a6587e3,JSON,,,,verified,,POST https://services9.arcgis.com/weJ1QsnbMYJlCHdG/arcgis/rest/services/Daily_Ports_Data/FeatureServer/0/query objectIds=4556083..4557082,2026-09-25T17:58:19+00:00,"Tue, 22 Sep 2026 11:36:19 GMT",sd2069_-1334569459
data/raw/imf_portwatch_daily/2026-09-25_1790076979705/batch_0192000.json,imf_portwatch_daily,899772,101cb186ecb0df8819047945c6d83d3f9e804d7113f7df11e838b088e7ff8309,JSON,,,,verified,,POST https://services9.arcgis.com/weJ1QsnbMYJlCHdG/arcgis/rest/services/Daily_Ports_Data/FeatureServer/0/query objectIds=4557083..4558082,2026-09-25T17:58:20+00:00,"Tue, 22 Sep 2026 11:36:19 GMT",sd2069_-1334569459
data/raw/imf_portwatch_daily/2026-09-25_1790076979705/batch_0193000.json,imf_portwatch_daily,899301,f2e3e16a204edc3342f61a1541d179b6ff97f3e494111f7b8afb52de594d34a7,JSON,,,,verified,,POST https://services9.arcgis.com/weJ1QsnbMYJlCHdG/arcgis/rest/services/Daily_Ports_Data/FeatureServer/0/query objectIds=4558083..4559082,2026-09-25T17:58:20+00:00,"Tue, 22 Sep 2026 11:36:19 GMT",sd2069_-1334569459
data/raw/imf_portwatch_daily/2026-09-25_1790076979705/batch_0194000.json,imf_portwatch_daily,902356,ba4afbf13e587e5eaeb7b8cd84445dab1cfd5a0937e9e2e4454a47ff60e23f9f,JSON,,,,verified,,POST https://services9.arcgis.com/weJ1QsnbMYJlCHdG/arcgis/rest/services/Daily_Ports_Data/FeatureServer/0/query objectIds=4559083..4560082,2026-09-25T17:58:20+00:00,"Tue, 22 Sep 2026 11:36:19 GMT",sd2069_-1334569459
data/raw/imf_portwatch_daily/2026-09-25_1790076979705/batch_0195000.json,imf_portwatch_daily,905929,576b5455bc3b678fd02603a7ca90c6ade83884c3f40f84ca45660fac4c6c1e5d,JSON,,,,verified,,POST https://services9.arcgis.com/weJ1QsnbMYJlCHdG/arcgis/rest/services/Daily_Ports_Data/FeatureServer/0/query objectIds=4560083..4561082,2026-09-25T17:58:21+00:00,"Tue, 22 Sep 2026 11:36:19 GMT",sd2069_-1334569459
data/raw/imf_portwatch_daily/2026-09-25_1790076979705/batch_0196000.json,imf_portwatch_daily,905448,f983784cc4ec3f3e25f94d3241519591ab0f1f49efbf34ef5af21da39cbe7848,JSON,,,,verified,,POST https://services9.arcgis.com/weJ1QsnbMYJlCHdG/arcgis/rest/services/Daily_Ports_Data/FeatureServer/0/query objectIds=4561083..4562082,2026-09-25T17:58:21+00:00,"Tue, 22 Sep 2026 11:36:19 GMT",sd2069_-1334569459
data/raw/imf_portwatch_daily/2026-09-25_1790076979705/batch_0197000.json,imf_portwatch_daily,908345,20953e0960599614995338d667682741e1e6bcd5dfee31433cfcaed6eeabc875,JSON,,,,verified,,POST https://services9.arcgis.com/weJ1QsnbMYJlCHdG/arcgis/rest/services/Daily_Ports_Data/FeatureServer/0/query objectIds=4562083..4563082,2026-09-25T17:58:21+00:00,"Tue, 22 Sep 2026 11:36:19 GMT",sd2069_-1334569459
data/raw/imf_portwatch_daily/2026-09-25_1790076979705/batch_0198000.json,imf_portwatch_daily,908241,6cf9411d2def72257e3ed44a5c5786f6249876a8f207c79cd84a85cb0c8ebb34,JSON,,,,verified,,POST https://services9.arcgis.com/weJ1QsnbMYJlCHdG/arcgis/rest/services/Daily_Ports_Data/FeatureServer/0/query objectIds=4563083..4564082,2026-09-25T17:58:22+00:00,"Tue, 22 Sep 2026 11:36:19 GMT",sd2069_-1334569459
data/raw/imf_portwatch_daily/2026-09-25_1790076979705/batch_0199000.json,imf_portwatch_daily,907037,0708b508a13a3bd846e7c6ed837dcbb5d9eeeba2cd992d3f5ec9b334e9fcc6e6,JSON,,,,verified,,POST https://services9.arcgis.com/weJ1QsnbMYJlCHdG/arcgis/rest/services/Daily_Ports_Data/FeatureServer/0/query objectIds=4564083..4565082,2026-09-25T17:58:22+00:00,"Tue, 22 Sep 2026 11:36:19 GMT",sd2069_-1334569459
data/raw/imf_portwatch_daily/2026-09-25_1790076979705/batch_0200000.json,imf_portwatch_daily,900898,79bc91f9043010368809bf06af4d986464860a505aa11b6022c30fbc3e11765d,JSON,,,,verified,,POST https://services9.arcgis.com/weJ1QsnbMYJlCHdG/arcgis/rest/services/Daily_Ports_Data/FeatureServer/0/query objectIds=4565083..4566082,2026-09-25T17:58:22+00:00,"Tue, 22 Sep 2026 11:36:19 GMT",sd2069_-1334569459
data/raw/imf_portwatch_daily/2026-09-25_1790076979705/batch_0201000.json,imf_portwatch_daily,896795,e1951c6ee4836e1d151cd4d82d645247c1d8befeb322ddbd34236984d2f3a5cc,JSON,,,,verified,,POST https://services9.arcgis.com/weJ1QsnbMYJlCHdG/arcgis/rest/services/Daily_Ports_Data/FeatureServer/0/query objectIds=4566083..4567082,2026-09-25T17:58:23+00:00,"Tue, 22 Sep 2026 11:36:19 GMT",sd2069_-1334569459
data/raw/imf_portwatch_daily/2026-09-25_1790076979705/batch_0202000.json,imf_portwatch_daily,896940,1466119caa5802a188228541d1f4044f8e306c4ac72fbea1322cf40e640ba7d9,JSON,,,,verified,,POST https://services9.arcgis.com/weJ1QsnbMYJlCHdG/arcgis/rest/services/Daily_Ports_Data/FeatureServer/0/query objectIds=4567083..4568082,2026-09-25T17:58:23+00:00,"Tue, 22 Sep 2026 11:36:19 GMT",sd2069_-1334569459
data/raw/imf_portwatch_daily/2026-09-25_1790076979705/batch_0203000.json,imf_portwatch_daily,899034,99e6eaa6526de2af75e602315a183da2b0fa0013b4742741edcb74e01a7cc502,JSON,,,,verified,,POST https://services9.arcgis.com/weJ1QsnbMYJlCHdG/arcgis/rest/services/Daily_Ports_Data/FeatureServer/0/query objectIds=4568083..4569082,2026-09-25T17:58:23+00:00,"Tue, 22 Sep 2026 11:36:19 GMT",sd2069_-1334569459
data/raw/imf_portwatch_daily/2026-09-25_1790076979705/batch_0204000.json,imf_portwatch_daily,898707,1e1da34f146b816121600175abbb98168dd997a8e145e6893ab7636792ddcd24,JSON,,,,verified,,POST https://services9.arcgis.com/weJ1QsnbMYJlCHdG/arcgis/rest/services/Daily_Ports_Data/FeatureServer/0/query objectIds=4569083..4570082,2026-09-25T17:58:23+00:00,"Tue, 22 Sep 2026 11:36:19 GMT",sd2069_-1334569459
data/raw/imf_portwatch_daily/2026-09-25_1790076979705/batch_0205000.json,imf_portwatch_daily,900180,6fff3f115b5b9e6a86ded0342a000af1697818e5d0b3d8564d6cac32be2866be,JSON,,,,verified,,POST https://services9.arcgis.com/weJ1QsnbMYJlCHdG/arcgis/rest/services/Daily_Ports_Data/FeatureServer/0/query objectIds=4570083..4571082,2026-09-25T17:58:24+00:00,"Tue, 22 Sep 2026 11:36:19 GMT",sd2069_-1334569459
data/raw/imf_portwatch_daily/2026-09-25_1790076979705/batch_0206000.json,imf_portwatch_daily,900340,2d676484f609f93b616aeae3897f063873375e7995fcc52c3cfd166b499ee95e,JSON,,,,verified,,POST https://services9.arcgis.com/weJ1QsnbMYJlCHdG/arcgis/rest/services/Daily_Ports_Data/FeatureServer/0/query objectIds=4571083..4572082,2026-09-25T17:58:24+00:00,"Tue, 22 Sep 2026 11:36:19 GMT",sd2069_-1334569459
data/raw/imf_portwatch_daily/2026-09-25_1790076979705/batch_0207000.json,imf_portwatch_daily,899764,98e1f0cbfbb24c6ca50428e7ceab4d5f61d3db712b7fdc4b2bd8dd5b541f3ca2,JSON,,,,verified,,POST https://services9.arcgis.com/weJ1QsnbMYJlCHdG/arcgis/rest/services/Daily_Ports_Data/FeatureServer/0/query objectIds=4572083..4573082,2026-09-25T17:58:24+00:00,"Tue, 22 Sep 2026 11:36:19 GMT",sd2069_-1334569459
data/raw/imf_portwatch_daily/2026-09-25_1790076979705/batch_0208000.json,imf_portwatch_daily,899651,e837047ad0f23bd6a9bc20ca3cab60564cded63f38790388809c0ddafbf6a874,JSON,,,,verified,,POST https://services9.arcgis.com/weJ1QsnbMYJlCHdG/arcgis/rest/services/Daily_Ports_Data/FeatureServer/0/query objectIds=4573083..4574082,2026-09-25T17:58:24+00:00,"Tue, 22 Sep 2026 11:36:19 GMT",sd2069_-1334569459
data/raw/imf_portwatch_daily/2026-09-25_1790076979705/batch_0209000.json,imf_portwatch_daily,899658,b94d126425052179a6c7a63c1f2d6e400ff3fbf6a7acf430825645f223bc76f1,JSON,,,,verified,,POST https://services9.arcgis.com/weJ1QsnbMYJlCHdG/arcgis/rest/services/Daily_Ports_Data/FeatureServer/0/query objectIds=4574083..4575082,2026-09-25T17:58:25+00:00,"Tue, 22 Sep 2026 11:36:19 GMT",sd2069_-1334569459
data/raw/imf_portwatch_daily/2026-09-25_1790076979705/batch_0210000.json,imf_portwatch_daily,898653,8659532792da903a2fdb469d0bd5c8055df36f851e9aff4855d8ac8db0fe6a7e,JSON,,,,verified,,POST https://services9.arcgis.com/weJ1QsnbMYJlCHdG/arcgis/rest/services/Daily_Ports_Data/FeatureServer/0/query objectIds=4575083..4576565,2026-09-25T17:58:25+00:00,"Tue, 22 Sep 2026 11:36:19 GMT",sd2069_-1334569459
data/raw/imf_portwatch_daily/2026-09-25_1790076979705/batch_0211000.json,imf_portwatch_daily,897895,3d46a8257696684088509bd9cb0c02e637d047d60cb7ac573fba04b209718768,JSON,,,,verified,,POST https://services9.arcgis.com/weJ1QsnbMYJlCHdG/arcgis/rest/services/Daily_Ports_Data/FeatureServer/0/query objectIds=4576566..4703782,2026-09-25T17:58:25+00:00,"Tue, 22 Sep 2026 11:36:19 GMT",sd2069_-1334569459
data/raw/imf_portwatch_daily/2026-09-25_1790076979705/batch_0212000.json,imf_portwatch_daily,898195,9fe22daf80787dcfc6dc66d559e8fe24a00a4f2ed6aa360d51529d649c66d3f7,JSON,,,,verified,,POST https://services9.arcgis.com/weJ1QsnbMYJlCHdG/arcgis/rest/services/Daily_Ports_Data/FeatureServer/0/query objectIds=4703784..4704892,2026-09-25T17:58:26+00:00,"Tue, 22 Sep 2026 11:36:19 GMT",sd2069_-1334569459
data/raw/imf_portwatch_daily/2026-09-25_1790076979705/batch_0213000.json,imf_portwatch_daily,898871,d6070b75ba80502e6014f5db656aa75960213b4d7440edf586c6e51201a9c136,JSON,,,,verified,,POST https://services9.arcgis.com/weJ1QsnbMYJlCHdG/arcgis/rest/services/Daily_Ports_Data/FeatureServer/0/query objectIds=4704893..4705892,2026-09-25T17:58:26+00:00,"Tue, 22 Sep 2026 11:36:19 GMT",sd2069_-1334569459
data/raw/imf_portwatch_daily/2026-09-25_1790076979705/batch_0214000.json,imf_portwatch_daily,908322,74dfaabb92eb3eb26091b6bd01774b8d99673c7cac45c49034f07461b0c60638,JSON,,,,verified,,POST https://services9.arcgis.com/weJ1QsnbMYJlCHdG/arcgis/rest/services/Daily_Ports_Data/FeatureServer/0/query objectIds=4705893..4706892,2026-09-25T17:58:26+00:00,"Tue, 22 Sep 2026 11:36:19 GMT",sd2069_-1334569459
data/raw/imf_portwatch_daily/2026-09-25_1790076979705/batch_0215000.json,imf_portwatch_daily,907418,fb28bdb09a2cbd1bd32bf3b48695b9cfc1c92af37437cbbe8c9b8658e1c62589,JSON,,,,verified,,POST https://services9.arcgis.com/weJ1QsnbMYJlCHdG/arcgis/rest/services/Daily_Ports_Data/FeatureServer/0/query objectIds=4706893..4707892,2026-09-25T17:58:27+00:00,"Tue, 22 Sep 2026 11:36:19 GMT",sd2069_-1334569459
data/raw/imf_portwatch_daily/2026-09-25_1790076979705/batch_0216000.json,imf_portwatch_daily,911172,cef6f279b2b2e5db6bfd5c0176606a88b346d37b7266480abc034d49009f9da3,JSON,,,,verified,,POST https://services9.arcgis.com/weJ1QsnbMYJlCHdG/arcgis/rest/services/Daily_Ports_Data/FeatureServer/0/query objectIds=4707893..4722184,2026-09-25T17:58:27+00:00,"Tue, 22 Sep 2026 11:36:19 GMT",sd2069_-1334569459
data/raw/imf_portwatch_daily/2026-09-25_1790076979705/batch_0217000.json,imf_portwatch_daily,915568,2f260ddcc170b911dfa3d1077ce839f9a4aa3036193e497f9c6c6d0212d1953e,JSON,,,,verified,,POST https://services9.arcgis.com/weJ1QsnbMYJlCHdG/arcgis/rest/services/Daily_Ports_Data/FeatureServer/0/query objectIds=4722185..4723623,2026-09-25T17:58:27+00:00,"Tue, 22 Sep 2026 11:36:19 GMT",sd2069_-1334569459
data/raw/imf_portwatch_daily/2026-09-25_1790076979705/batch_0218000.json,imf_portwatch_daily,913082,96eb37977272ed4a3feed42e4a40807cba773818600ba151a584b0cac0b2d946,JSON,,,,verified,,POST https://services9.arcgis.com/weJ1QsnbMYJlCHdG/arcgis/rest/services/Daily_Ports_Data/FeatureServer/0/query objectIds=4723624..4725196,2026-09-25T17:58:27+00:00,"Tue, 22 Sep 2026 11:36:19 GMT",sd2069_-1334569459
data/raw/imf_portwatch_daily/2026-09-25_1790076979705/batch_0219000.json,imf_portwatch_daily,911967,140b3c137f0d62b40aa89a10322b8750e3a094020c97cba9a230fbf31805c683,JSON,,,,verified,,POST https://services9.arcgis.com/weJ1QsnbMYJlCHdG/arcgis/rest/services/Daily_Ports_Data/FeatureServer/0/query objectIds=4725197..4740072,2026-09-25T17:58:28+00:00,"Tue, 22 Sep 2026 11:36:19 GMT",sd2069_-1334569459
data/raw/imf_portwatch_daily/2026-09-25_1790076979705/batch_0220000.json,imf_portwatch_daily,912009,dc491946c79b25de617b09ea16a0bed9daebcd49d41c2d240daf88e86ea760d3,JSON,,,,verified,,POST https://services9.arcgis.com/weJ1QsnbMYJlCHdG/arcgis/rest/services/Daily_Ports_Data/FeatureServer/0/query objectIds=4740073..4741072,2026-09-25T17:58:28+00:00,"Tue, 22 Sep 2026 11:36:19 GMT",sd2069_-1334569459
data/raw/imf_portwatch_daily/2026-09-25_1790076979705/batch_0221000.json,imf_portwatch_daily,911560,a04af868bb5e0a228e5dca7147e6a62258ba8b4940890d488414396305f00aff,JSON,,,,verified,,POST https://services9.arcgis.com/weJ1QsnbMYJlCHdG/arcgis/rest/services/Daily_Ports_Data/FeatureServer/0/query objectIds=4741073..4742094,2026-09-25T17:58:28+00:00,"Tue, 22 Sep 2026 11:36:19 GMT",sd2069_-1334569459
data/raw/imf_portwatch_daily/2026-09-25_1790076979705/batch_0222000.json,imf_portwatch_daily,910319,7376ce108d83347c95163bd5c2da7db58660aebe94cc3fa4a78af5048b106188,JSON,,,,verified,,POST https://services9.arcgis.com/weJ1QsnbMYJlCHdG/arcgis/rest/services/Daily_Ports_Data/FeatureServer/0/query objectIds=4742095..4852583,2026-09-25T17:58:29+00:00,"Tue, 22 Sep 2026 11:36:19 GMT",sd2069_-1334569459
data/raw/imf_portwatch_daily/2026-09-25_1790076979705/batch_0223000.json,imf_portwatch_daily,906883,86fad6ac930c971733a6696ba08e491c893034d5e4ee9fc61f063d03755def8b,JSON,,,,verified,,POST https://services9.arcgis.com/weJ1QsnbMYJlCHdG/arcgis/rest/services/Daily_Ports_Data/FeatureServer/0/query objectIds=4852584..4853938,2026-09-25T17:58:29+00:00,"Tue, 22 Sep 2026 11:36:19 GMT",sd2069_-1334569459
data/raw/imf_portwatch_daily/2026-09-25_1790076979705/batch_0224000.json,imf_portwatch_daily,906090,b5ee1a5c06fafe657dc35ceb97d182d4f7bcf4602916c1f4a618147cd620c5d0,JSON,,,,verified,,POST https://services9.arcgis.com/weJ1QsnbMYJlCHdG/arcgis/rest/services/Daily_Ports_Data/FeatureServer/0/query objectIds=4853940..4855560,2026-09-25T17:58:29+00:00,"Tue, 22 Sep 2026 11:36:19 GMT",sd2069_-1334569459
data/raw/imf_portwatch_daily/2026-09-25_1790076979705/batch_0225000.json,imf_portwatch_daily,913342,8be183fbfbc776530a69e180d3e686ea85c8bb63f5a0d395e8b801437c30745c,JSON,,,,verified,,POST https://services9.arcgis.com/weJ1QsnbMYJlCHdG/arcgis/rest/services/Daily_Ports_Data/FeatureServer/0/query objectIds=4855561..4946150,2026-09-25T17:58:30+00:00,"Tue, 22 Sep 2026 11:36:19 GMT",sd2069_-1334569459
data/raw/imf_portwatch_daily/2026-09-25_1790076979705/batch_0226000.json,imf_portwatch_daily,919083,5a5399ca8361a5cefc8296c39b95cdf0ac7986ea2982fb10d609837cf137d768,JSON,,,,verified,,POST https://services9.arcgis.com/weJ1QsnbMYJlCHdG/arcgis/rest/services/Daily_Ports_Data/FeatureServer/0/query objectIds=4946151..4947150,2026-09-25T17:58:30+00:00,"Tue, 22 Sep 2026 11:36:19 GMT",sd2069_-1334569459
data/raw/imf_portwatch_daily/2026-09-25_1790076979705/batch_0227000.json,imf_portwatch_daily,918850,66214022244d4de60ec278b1262596c5ff6755f92750c9e0871a7ab6c7ed30a2,JSON,,,,verified,,POST https://services9.arcgis.com/weJ1QsnbMYJlCHdG/arcgis/rest/services/Daily_Ports_Data/FeatureServer/0/query objectIds=4947151..4949213,2026-09-25T17:58:30+00:00,"Tue, 22 Sep 2026 11:36:19 GMT",sd2069_-1334569459
data/raw/imf_portwatch_daily/2026-09-25_1790076979705/batch_0228000.json,imf_portwatch_daily,904374,032b1749e197a34fa6742ca21f940cc236c4d29c75e0ee6944d1f4f30b285a5b,JSON,,,,verified,,POST https://services9.arcgis.com/weJ1QsnbMYJlCHdG/arcgis/rest/services/Daily_Ports_Data/FeatureServer/0/query objectIds=4949215..4999813,2026-09-25T17:58:30+00:00,"Tue, 22 Sep 2026 11:36:19 GMT",sd2069_-1334569459
data/raw/imf_portwatch_daily/2026-09-25_1790076979705/batch_0229000.json,imf_portwatch_daily,902351,f1d143738f5365a954c014c2ae230af9ba6d6c2caeaeb21a36100642bf054422,JSON,,,,verified,,POST https://services9.arcgis.com/weJ1QsnbMYJlCHdG/arcgis/rest/services/Daily_Ports_Data/FeatureServer/0/query objectIds=4999815..5000924,2026-09-25T17:58:31+00:00,"Tue, 22 Sep 2026 11:36:19 GMT",sd2069_-1334569459
data/raw/imf_portwatch_daily/2026-09-25_1790076979705/batch_0230000.json,imf_portwatch_daily,902222,80554b857a9a661b7d1eb17e5672b7f97e9ecddd52ace71c6903759137c5645b,JSON,,,,verified,,POST https://services9.arcgis.com/weJ1QsnbMYJlCHdG/arcgis/rest/services/Daily_Ports_Data/FeatureServer/0/query objectIds=5000925..5001924,2026-09-25T17:58:31+00:00,"Tue, 22 Sep 2026 11:36:19 GMT",sd2069_-1334569459
data/raw/imf_portwatch_daily/2026-09-25_1790076979705/batch_0231000.json,imf_portwatch_daily,922328,14960958caa36739c210603e683303865508279bf32fdfbae5184546176875de,JSON,,,,verified,,POST https://services9.arcgis.com/weJ1QsnbMYJlCHdG/arcgis/rest/services/Daily_Ports_Data/FeatureServer/0/query objectIds=5001925..5321308,2026-09-25T17:58:31+00:00,"Tue, 22 Sep 2026 11:36:19 GMT",sd2069_-1334569459
data/raw/imf_portwatch_daily/2026-09-25_1790076979705/batch_0232000.json,imf_portwatch_daily,924519,3ce86170e19b340173d8848c07f038b48d53d87141083abfe42aedd09dc57b65,JSON,,,,verified,,POST https://services9.arcgis.com/weJ1QsnbMYJlCHdG/arcgis/rest/services/Daily_Ports_Data/FeatureServer/0/query objectIds=5321309..5322308,2026-09-25T17:58:32+00:00,"Tue, 22 Sep 2026 11:36:19 GMT",sd2069_-1334569459
data/raw/imf_portwatch_daily/2026-09-25_1790076979705/batch_0233000.json,imf_portwatch_daily,924867,a4d624f922f7c84a1b73ce77d49b2dc508df7360f997b734badb77d82c8e90ad,JSON,,,,verified,,POST https://services9.arcgis.com/weJ1QsnbMYJlCHdG/arcgis/rest/services/Daily_Ports_Data/FeatureServer/0/query objectIds=5322309..5323308,2026-09-25T17:58:32+00:00,"Tue, 22 Sep 2026 11:36:19 GMT",sd2069_-1334569459
data/raw/imf_portwatch_daily/2026-09-25_1790076979705/batch_0234000.json,imf_portwatch_daily,924862,66a7cc55e6b312c2e81955c6a6138d829c1e1c776661dbe26cce421ec885a0a4,JSON,,,,verified,,POST https://services9.arcgis.com/weJ1QsnbMYJlCHdG/arcgis/rest/services/Daily_Ports_Data/FeatureServer/0/query objectIds=5323309..5324308,2026-09-25T17:58:32+00:00,"Tue, 22 Sep 2026 11:36:19 GMT",sd2069_-1334569459
data/raw/imf_portwatch_daily/2026-09-25_1790076979705/batch_0235000.json,imf_portwatch_daily,927309,e709a90a330c036dad3c0303136079bf1e80cd05354a72fc513d4e8add096a21,JSON,,,,verified,,POST https://services9.arcgis.com/weJ1QsnbMYJlCHdG/arcgis/rest/services/Daily_Ports_Data/FeatureServer/0/query objectIds=5324309..5325308,2026-09-25T17:58:33+00:00,"Tue, 22 Sep 2026 11:36:19 GMT",sd2069_-1334569459
data/raw/imf_portwatch_daily/2026-09-25_1790076979705/batch_0236000.json,imf_portwatch_daily,926334,ba6ff6730f6acba2e18af33c02dfc06718d9243d8fc9ee6b2580a30e30a77795,JSON,,,,verified,,POST https://services9.arcgis.com/weJ1QsnbMYJlCHdG/arcgis/rest/services/Daily_Ports_Data/FeatureServer/0/query objectIds=5325309..5326308,2026-09-25T17:58:33+00:00,"Tue, 22 Sep 2026 11:36:19 GMT",sd2069_-1334569459
data/raw/imf_portwatch_daily/2026-09-25_1790076979705/batch_0237000.json,imf_portwatch_daily,925131,f1475ac8c39beec6933feb777215b8da48be74ad7f60b6645a2a84def4181fdf,JSON,,,,verified,,POST https://services9.arcgis.com/weJ1QsnbMYJlCHdG/arcgis/rest/services/Daily_Ports_Data/FeatureServer/0/query objectIds=5326309..5327308,2026-09-25T17:58:33+00:00,"Tue, 22 Sep 2026 11:36:19 GMT",sd2069_-1334569459
data/raw/imf_portwatch_daily/2026-09-25_1790076979705/batch_0238000.json,imf_portwatch_daily,925506,ed3585222dfdf2d108909378dead39cfde8d35bf73bfaf77e3352acdf105450b,JSON,,,,verified,,POST https://services9.arcgis.com/weJ1QsnbMYJlCHdG/arcgis/rest/services/Daily_Ports_Data/FeatureServer/0/query objectIds=5327309..5328308,2026-09-25T17:58:33+00:00,"Tue, 22 Sep 2026 11:36:19 GMT",sd2069_-1334569459
data/raw/imf_portwatch_daily/2026-09-25_1790076979705/batch_0239000.json,imf_portwatch_daily,926323,154c5430e064d1819754c08a3d796ec9bf9ee0dc41c263d18254eb6eee4410e7,JSON,,,,verified,,POST https://services9.arcgis.com/weJ1QsnbMYJlCHdG/arcgis/rest/services/Daily_Ports_Data/FeatureServer/0/query objectIds=5328309..5329308,2026-09-25T17:58:34+00:00,"Tue, 22 Sep 2026 11:36:19 GMT",sd2069_-1334569459
data/raw/imf_portwatch_daily/2026-09-25_1790076979705/batch_0240000.json,imf_portwatch_daily,926118,4184c8bdc8de05d5b82d6f30182e91a62bcb7c3deec9d919538bdd6c880432e8,JSON,,,,verified,,POST https://services9.arcgis.com/weJ1QsnbMYJlCHdG/arcgis/rest/services/Daily_Ports_Data/FeatureServer/0/query objectIds=5329309..5330308,2026-09-25T17:58:34+00:00,"Tue, 22 Sep 2026 11:36:19 GMT",sd2069_-1334569459
data/raw/imf_portwatch_daily/2026-09-25_1790076979705/batch_0241000.json,imf_portwatch_daily,926180,9e35d97fb0ea5c9e73c210e9edc3924fe87e74352001be5adc18cb558a56251f,JSON,,,,verified,,POST https://services9.arcgis.com/weJ1QsnbMYJlCHdG/arcgis/rest/services/Daily_Ports_Data/FeatureServer/0/query objectIds=5330309..5331308,2026-09-25T17:58:34+00:00,"Tue, 22 Sep 2026 11:36:19 GMT",sd2069_-1334569459
data/raw/imf_portwatch_daily/2026-09-25_1790076979705/batch_0242000.json,imf_portwatch_daily,926101,73822a2150f46b1007bf6459d5bbf1f378781f927b921709ee276935dc328a42,JSON,,,,verified,,POST https://services9.arcgis.com/weJ1QsnbMYJlCHdG/arcgis/rest/services/Daily_Ports_Data/FeatureServer/0/query objectIds=5331309..5332308,2026-09-25T17:58:35+00:00,"Tue, 22 Sep 2026 11:36:19 GMT",sd2069_-1334569459
data/raw/imf_portwatch_daily/2026-09-25_1790076979705/batch_0243000.json,imf_portwatch_daily,925716,284b12e2eabe542d2585bbbeee124d210cfdd9a462f04ff83785df860baf4c42,JSON,,,,verified,,POST https://services9.arcgis.com/weJ1QsnbMYJlCHdG/arcgis/rest/services/Daily_Ports_Data/FeatureServer/0/query objectIds=5332309..5333308,2026-09-25T17:58:35+00:00,"Tue, 22 Sep 2026 11:36:19 GMT",sd2069_-1334569459
data/raw/imf_portwatch_daily/2026-09-25_1790076979705/batch_0244000.json,imf_portwatch_daily,925589,89978dddd86648cc116763a90a71835de1865e9e39c053974a20b85380b87847,JSON,,,,verified,,POST https://services9.arcgis.com/weJ1QsnbMYJlCHdG/arcgis/rest/services/Daily_Ports_Data/FeatureServer/0/query objectIds=5333309..5334308,2026-09-25T17:58:35+00:00,"Tue, 22 Sep 2026 11:36:19 GMT",sd2069_-1334569459
data/raw/imf_portwatch_daily/2026-09-25_1790076979705/batch_0245000.json,imf_portwatch_daily,925481,9e607855ab38abef76acc5d06b3c6aeef0e8bdb46fd5c525d8291984a9353e45,JSON,,,,verified,,POST https://services9.arcgis.com/weJ1QsnbMYJlCHdG/arcgis/rest/services/Daily_Ports_Data/FeatureServer/0/query objectIds=5334309..5335308,2026-09-25T17:58:36+00:00,"Tue, 22 Sep 2026 11:36:19 GMT",sd2069_-1334569459
data/raw/imf_portwatch_daily/2026-09-25_1790076979705/batch_0246000.json,imf_portwatch_daily,925104,0a1da77f13075d04bcc90057f637824d620860f0b737137fb2f4604c41ce2773,JSON,,,,verified,,POST https://services9.arcgis.com/weJ1QsnbMYJlCHdG/arcgis/rest/services/Daily_Ports_Data/FeatureServer/0/query objectIds=5335309..5336308,2026-09-25T17:58:36+00:00,"Tue, 22 Sep 2026 11:36:19 GMT",sd2069_-1334569459
data/raw/imf_portwatch_daily/2026-09-25_1790076979705/batch_0247000.json,imf_portwatch_daily,925103,b06d64672d5190b30931fd92996668a42dc97ef5584358b1999ecfc7ed1c20d7,JSON,,,,verified,,POST https://services9.arcgis.com/weJ1QsnbMYJlCHdG/arcgis/rest/services/Daily_Ports_Data/FeatureServer/0/query objectIds=5336309..5337308,2026-09-25T17:58:36+00:00,"Tue, 22 Sep 2026 11:36:19 GMT",sd2069_-1334569459
data/raw/imf_portwatch_daily/2026-09-25_1790076979705/batch_0248000.json,imf_portwatch_daily,925394,0813a23b97f94fb0d370521b4b206b5d09138e0c8755f447a9a2e48f16c23c5f,JSON,,,,verified,,POST https://services9.arcgis.com/weJ1QsnbMYJlCHdG/arcgis/rest/services/Daily_Ports_Data/FeatureServer/0/query objectIds=5337309..5338308,2026-09-25T17:58:37+00:00,"Tue, 22 Sep 2026 11:36:19 GMT",sd2069_-1334569459
data/raw/imf_portwatch_daily/2026-09-25_1790076979705/batch_0249000.json,imf_portwatch_daily,925210,b260eeedcf4810130be8a9852d2b43cc6ee1b1db3a00d25ec28be656a9db9d26,JSON,,,,verified,,POST https://services9.arcgis.com/weJ1QsnbMYJlCHdG/arcgis/rest/services/Daily_Ports_Data/FeatureServer/0/query objectIds=5338309..5339308,2026-09-25T17:58:37+00:00,"Tue, 22 Sep 2026 11:36:19 GMT",sd2069_-1334569459
data/raw/imf_portwatch_daily/2026-09-25_1790076979705/batch_0250000.json,imf_portwatch_daily,924844,6d13b43b9ab87ce5418c8f51e9602f04ea6bf26c8a6cee3c5c5f234a0bb928a6,JSON,,,,verified,,POST https://services9.arcgis.com/weJ1QsnbMYJlCHdG/arcgis/rest/services/Daily_Ports_Data/FeatureServer/0/query objectIds=5339309..5340308,2026-09-25T17:58:37+00:00,"Tue, 22 Sep 2026 11:36:19 GMT",sd2069_-1334569459
data/raw/imf_portwatch_daily/2026-09-25_1790076979705/batch_0251000.json,imf_portwatch_daily,924244,3a150f3852cdad4739f26a834679268c1216d3bccf439f16200b8febe8b6f009,JSON,,,,verified,,POST https://services9.arcgis.com/weJ1QsnbMYJlCHdG/arcgis/rest/services/Daily_Ports_Data/FeatureServer/0/query objectIds=5340309..5341308,2026-09-25T17:58:38+00:00,"Tue, 22 Sep 2026 11:36:19 GMT",sd2069_-1334569459
data/raw/imf_portwatch_daily/2026-09-25_1790076979705/batch_0252000.json,imf_portwatch_daily,924074,24c592ebfea2d566cac5c6938a227ad131507caa268192f936619e3da4ce1936,JSON,,,,verified,,POST https://services9.arcgis.com/weJ1QsnbMYJlCHdG/arcgis/rest/services/Daily_Ports_Data/FeatureServer/0/query objectIds=5341309..5342308,2026-09-25T17:58:38+00:00,"Tue, 22 Sep 2026 11:36:19 GMT",sd2069_-1334569459
data/raw/imf_portwatch_daily/2026-09-25_1790076979705/batch_0253000.json,imf_portwatch_daily,924015,62e0303ef15fe7e27ca8f4e8d28ffcca65c4831057ed1920a0cc5b7d4761f93f,JSON,,,,verified,,POST https://services9.arcgis.com/weJ1QsnbMYJlCHdG/arcgis/rest/services/Daily_Ports_Data/FeatureServer/0/query objectIds=5342309..5343308,2026-09-25T17:58:38+00:00,"Tue, 22 Sep 2026 11:36:19 GMT",sd2069_-1334569459
data/raw/imf_portwatch_daily/2026-09-25_1790076979705/batch_0254000.json,imf_portwatch_daily,924097,3f7d70229d7324bd4f167ce34a0146442158cd36da3d14eac24ece9141603d89,JSON,,,,verified,,POST https://services9.arcgis.com/weJ1QsnbMYJlCHdG/arcgis/rest/services/Daily_Ports_Data/FeatureServer/0/query objectIds=5343309..5344308,2026-09-25T17:58:39+00:00,"Tue, 22 Sep 2026 11:36:19 GMT",sd2069_-1334569459
data/raw/imf_portwatch_daily/2026-09-25_1790076979705/batch_0255000.json,imf_portwatch_daily,923942,7e1b5222772e9822e0d68e454e4412df81792b09aada03a037cc31360f0eea7c,JSON,,,,verified,,POST https://services9.arcgis.com/weJ1QsnbMYJlCHdG/arcgis/rest/services/Daily_Ports_Data/FeatureServer/0/query objectIds=5344309..5345308,2026-09-25T17:58:39+00:00,"Tue, 22 Sep 2026 11:36:19 GMT",sd2069_-1334569459
data/raw/imf_portwatch_daily/2026-09-25_1790076979705/batch_0256000.json,imf_portwatch_daily,924114,fda3e776e61750c7448818c39bb8448dbc9d1eaf47a8514f683b91fa8ba00dc9,JSON,,,,verified,,POST https://services9.arcgis.com/weJ1QsnbMYJlCHdG/arcgis/rest/services/Daily_Ports_Data/FeatureServer/0/query objectIds=5345309..5346308,2026-09-25T17:58:39+00:00,"Tue, 22 Sep 2026 11:36:19 GMT",sd2069_-1334569459
data/raw/imf_portwatch_daily/2026-09-25_1790076979705/batch_0257000.json,imf_portwatch_daily,924081,2994d2db14b2166632b0820274fd5adcefda6f96827e39c69f11f213625b2e26,JSON,,,,verified,,POST https://services9.arcgis.com/weJ1QsnbMYJlCHdG/arcgis/rest/services/Daily_Ports_Data/FeatureServer/0/query objectIds=5346309..5347308,2026-09-25T17:58:39+00:00,"Tue, 22 Sep 2026 11:36:19 GMT",sd2069_-1334569459
data/raw/imf_portwatch_daily/2026-09-25_1790076979705/batch_0258000.json,imf_portwatch_daily,924141,ea70373398b81b6c3c1f2ccb358dbc7fc5bed96b0a4aceb6ab9716a14cf96554,JSON,,,,verified,,POST https://services9.arcgis.com/weJ1QsnbMYJlCHdG/arcgis/rest/services/Daily_Ports_Data/FeatureServer/0/query objectIds=5347309..5348308,2026-09-25T17:58:40+00:00,"Tue, 22 Sep 2026 11:36:19 GMT",sd2069_-1334569459
data/raw/imf_portwatch_daily/2026-09-25_1790076979705/batch_0259000.json,imf_portwatch_daily,924147,819d9c30dca6b44911650d50ddc5a31d35875961e2fc9bb5b3641517f5912543,JSON,,,,verified,,POST https://services9.arcgis.com/weJ1QsnbMYJlCHdG/arcgis/rest/services/Daily_Ports_Data/FeatureServer/0/query objectIds=5348309..5349308,2026-09-25T17:58:40+00:00,"Tue, 22 Sep 2026 11:36:19 GMT",sd2069_-1334569459
data/raw/imf_portwatch_daily/2026-09-25_1790076979705/batch_0260000.json,imf_portwatch_daily,924029,7efcf5ee9366da65a39c61f903dcbe9821dcd650eb9ea92b6ea99f21579a2662,JSON,,,,verified,,POST https://services9.arcgis.com/weJ1QsnbMYJlCHdG/arcgis/rest/services/Daily_Ports_Data/FeatureServer/0/query objectIds=5349309..5350308,2026-09-25T17:58:41+00:00,"Tue, 22 Sep 2026 11:36:19 GMT",sd2069_-1334569459
data/raw/imf_portwatch_daily/2026-09-25_1790076979705/batch_0261000.json,imf_portwatch_daily,924253,9939849b0c99cc6a335c87d0172dba1a2a1b23644fa6076301828ae33b6cb1b1,JSON,,,,verified,,POST https://services9.arcgis.com/weJ1QsnbMYJlCHdG/arcgis/rest/services/Daily_Ports_Data/FeatureServer/0/query objectIds=5350309..5351308,2026-09-25T17:58:41+00:00,"Tue, 22 Sep 2026 11:36:19 GMT",sd2069_-1334569459
data/raw/imf_portwatch_daily/2026-09-25_1790076979705/batch_0262000.json,imf_portwatch_daily,923993,675e90637e69ec51769a7a4430aff91abe88eb1f723a2311b94fa1bfc018317d,JSON,,,,verified,,POST https://services9.arcgis.com/weJ1QsnbMYJlCHdG/arcgis/rest/services/Daily_Ports_Data/FeatureServer/0/query objectIds=5351309..5352308,2026-09-25T17:58:41+00:00,"Tue, 22 Sep 2026 11:36:19 GMT",sd2069_-1334569459
data/raw/imf_portwatch_daily/2026-09-25_1790076979705/batch_0263000.json,imf_portwatch_daily,924196,a79f3f64fd111743036e7137f3bf727b8f75bfa77cedf8cada2b44982d8fa60f,JSON,,,,verified,,POST https://services9.arcgis.com/weJ1QsnbMYJlCHdG/arcgis/rest/services/Daily_Ports_Data/FeatureServer/0/query objectIds=5352309..5353308,2026-09-25T17:58:41+00:00,"Tue, 22 Sep 2026 11:36:19 GMT",sd2069_-1334569459
data/raw/imf_portwatch_daily/2026-09-25_1790076979705/batch_0264000.json,imf_portwatch_daily,924022,db34cde2ace5dbe21dc14cc844d835352be3b3da272e1ae2874155055535913e,JSON,,,,verified,,POST https://services9.arcgis.com/weJ1QsnbMYJlCHdG/arcgis/rest/services/Daily_Ports_Data/FeatureServer/0/query objectIds=5353309..5354308,2026-09-25T17:58:42+00:00,"Tue, 22 Sep 2026 11:36:19 GMT",sd2069_-1334569459
data/raw/imf_portwatch_daily/2026-09-25_1790076979705/batch_0265000.json,imf_portwatch_daily,924118,0a897b6d4f24701988d37fba2f830f314a7a642d9c6d4435e88df24e680c901c,JSON,,,,verified,,POST https://services9.arcgis.com/weJ1QsnbMYJlCHdG/arcgis/rest/services/Daily_Ports_Data/FeatureServer/0/query objectIds=5354309..5355308,2026-09-25T17:58:42+00:00,"Tue, 22 Sep 2026 11:36:19 GMT",sd2069_-1334569459
data/raw/imf_portwatch_daily/2026-09-25_1790076979705/batch_0266000.json,imf_portwatch_daily,924038,9f9dd934f042a129cb0b5c6189de71a9e2e69cc8c89c05a501b709fc83f72d7b,JSON,,,,verified,,POST https://services9.arcgis.com/weJ1QsnbMYJlCHdG/arcgis/rest/services/Daily_Ports_Data/FeatureServer/0/query objectIds=5355309..5356308,2026-09-25T17:58:42+00:00,"Tue, 22 Sep 2026 11:36:19 GMT",sd2069_-1334569459
data/raw/imf_portwatch_daily/2026-09-25_1790076979705/batch_0267000.json,imf_portwatch_daily,924113,0611d0eac856191c07ee4fd5d45790d0c810c4dfdc9c292f046448222be83b2f,JSON,,,,verified,,POST https://services9.arcgis.com/weJ1QsnbMYJlCHdG/arcgis/rest/services/Daily_Ports_Data/FeatureServer/0/query objectIds=5356309..5357308,2026-09-25T17:58:42+00:00,"Tue, 22 Sep 2026 11:36:19 GMT",sd2069_-1334569459
data/raw/imf_portwatch_daily/2026-09-25_1790076979705/batch_0268000.json,imf_portwatch_daily,924018,0fe5e4c511654aa3ab20c76574879a80a3761a9762986a716805705b75e1558d,JSON,,,,verified,,POST https://services9.arcgis.com/weJ1QsnbMYJlCHdG/arcgis/rest/services/Daily_Ports_Data/FeatureServer/0/query objectIds=5357309..5358308,2026-09-25T17:58:43+00:00,"Tue, 22 Sep 2026 11:36:19 GMT",sd2069_-1334569459
data/raw/imf_portwatch_daily/2026-09-25_1790076979705/batch_0269000.json,imf_portwatch_daily,924177,44e47862ac552a98b8d787d4ab8a58bf9e0c62a4a86edb9f429681894abe6307,JSON,,,,verified,,POST https://services9.arcgis.com/weJ1QsnbMYJlCHdG/arcgis/rest/services/Daily_Ports_Data/FeatureServer/0/query objectIds=5358309..5359308,2026-09-25T17:58:43+00:00,"Tue, 22 Sep 2026 11:36:19 GMT",sd2069_-1334569459
data/raw/imf_portwatch_daily/2026-09-25_1790076979705/batch_0270000.json,imf_portwatch_daily,924725,817905d3e2f45de59ce9336369e46a31d8bbf8edb25599ee88eb3f1b1b3193c5,JSON,,,,verified,,POST https://services9.arcgis.com/weJ1QsnbMYJlCHdG/arcgis/rest/services/Daily_Ports_Data/FeatureServer/0/query objectIds=5359309..5360308,2026-09-25T17:58:43+00:00,"Tue, 22 Sep 2026 11:36:19 GMT",sd2069_-1334569459
data/raw/imf_portwatch_daily/2026-09-25_1790076979705/batch_0271000.json,imf_portwatch_daily,925619,ad2889bcc643a3f1b8f293acdff73339536eda7c049dc19c27a492779e3f1b0d,JSON,,,,verified,,POST https://services9.arcgis.com/weJ1QsnbMYJlCHdG/arcgis/rest/services/Daily_Ports_Data/FeatureServer/0/query objectIds=5360309..5361308,2026-09-25T17:58:44+00:00,"Tue, 22 Sep 2026 11:36:19 GMT",sd2069_-1334569459
data/raw/imf_portwatch_daily/2026-09-25_1790076979705/batch_0272000.json,imf_portwatch_daily,925759,0933e6ee1dbabd5acfadb69d8be018600f1af0d3deb04e4e6553170625036e83,JSON,,,,verified,,POST https://services9.arcgis.com/weJ1QsnbMYJlCHdG/arcgis/rest/services/Daily_Ports_Data/FeatureServer/0/query objectIds=5361309..5363209,2026-09-25T17:58:44+00:00,"Tue, 22 Sep 2026 11:36:19 GMT",sd2069_-1334569459
data/raw/imf_portwatch_daily/2026-09-25_1790076979705/batch_0273000.json,imf_portwatch_daily,908618,cb1a0cbd3eb167502d6d0e6fdfd9a29696cddce63773109fef0b1d99fd989feb,JSON,,,,verified,,POST https://services9.arcgis.com/weJ1QsnbMYJlCHdG/arcgis/rest/services/Daily_Ports_Data/FeatureServer/0/query objectIds=5363210..5642290,2026-09-25T17:58:44+00:00,"Tue, 22 Sep 2026 11:36:19 GMT",sd2069_-1334569459
data/raw/imf_portwatch_daily/2026-09-25_1790076979705/batch_0274000.json,imf_portwatch_daily,898864,677e46b43e34f2173f85ccea35a46f31c4b43627fdcc78da77f209bf44153d64,JSON,,,,verified,,POST https://services9.arcgis.com/weJ1QsnbMYJlCHdG/arcgis/rest/services/Daily_Ports_Data/FeatureServer/0/query objectIds=5642291..5643290,2026-09-25T17:58:45+00:00,"Tue, 22 Sep 2026 11:36:19 GMT",sd2069_-1334569459
data/raw/imf_portwatch_daily/2026-09-25_1790076979705/batch_0275000.json,imf_portwatch_daily,899280,80bd07a015fcf8feb7a0c42a2c09cf62c1e024c3205bf5ae863dd1eb6fc1874c,JSON,,,,verified,,POST https://services9.arcgis.com/weJ1QsnbMYJlCHdG/arcgis/rest/services/Daily_Ports_Data/FeatureServer/0/query objectIds=5643291..5644696,2026-09-25T17:58:45+00:00,"Tue, 22 Sep 2026 11:36:19 GMT",sd2069_-1334569459
data/raw/imf_portwatch_daily/2026-09-25_1790076979705/batch_0276000.json,imf_portwatch_daily,902461,ffe20097434c9ab5197450744b90ad52a1c24613c3175074f0627285be0dd768,JSON,,,,verified,,POST https://services9.arcgis.com/weJ1QsnbMYJlCHdG/arcgis/rest/services/Daily_Ports_Data/FeatureServer/0/query objectIds=5644697..5681145,2026-09-25T17:58:45+00:00,"Tue, 22 Sep 2026 11:36:19 GMT",sd2069_-1334569459
data/raw/imf_portwatch_daily/2026-09-25_1790076979705/batch_0277000.json,imf_portwatch_daily,903123,7a75940630495bbccdc3b83a0b2e5ba48f8365e375e098c7f5c434423dd30246,JSON,,,,verified,,POST https://services9.arcgis.com/weJ1QsnbMYJlCHdG/arcgis/rest/services/Daily_Ports_Data/FeatureServer/0/query objectIds=5681146..5683018,2026-09-25T17:58:46+00:00,"Tue, 22 Sep 2026 11:36:19 GMT",sd2069_-1334569459
data/raw/imf_portwatch_daily/2026-09-25_1790076979705/batch_0278000.json,imf_portwatch_daily,903058,35b7fc60a54901bf86c7565c78b99e4c97fe9b790fbd0608f2c6c6f959f7f31d,JSON,,,,verified,,POST https://services9.arcgis.com/weJ1QsnbMYJlCHdG/arcgis/rest/services/Daily_Ports_Data/FeatureServer/0/query objectIds=5683019..5712104,2026-09-25T17:58:46+00:00,"Tue, 22 Sep 2026 11:36:19 GMT",sd2069_-1334569459
data/raw/imf_portwatch_daily/2026-09-25_1790076979705/batch_0279000.json,imf_portwatch_daily,902074,b9363924ff5032c855917a3eb4d3a10503e6b503f418d47b16fc808dcc87dd25,JSON,,,,verified,,POST https://services9.arcgis.com/weJ1QsnbMYJlCHdG/arcgis/rest/services/Daily_Ports_Data/FeatureServer/0/query objectIds=5712105..5713104,2026-09-25T17:58:46+00:00,"Tue, 22 Sep 2026 11:36:19 GMT",sd2069_-1334569459
data/raw/imf_portwatch_daily/2026-09-25_1790076979705/batch_0280000.json,imf_portwatch_daily,902395,dfb3c3811776449ceb73c0e606953870be30bc1b021444e78e0d885cf479aa09,JSON,,,,verified,,POST https://services9.arcgis.com/weJ1QsnbMYJlCHdG/arcgis/rest/services/Daily_Ports_Data/FeatureServer/0/query objectIds=5713105..5714106,2026-09-25T17:58:47+00:00,"Tue, 22 Sep 2026 11:36:19 GMT",sd2069_-1334569459
data/raw/imf_portwatch_daily/2026-09-25_1790076979705/batch_0281000.json,imf_portwatch_daily,901870,321924e0d85a36101d873bdcecab2c09833259000704b54217633fcedd0205e9,JSON,,,,verified,,POST https://services9.arcgis.com/weJ1QsnbMYJlCHdG/arcgis/rest/services/Daily_Ports_Data/FeatureServer/0/query objectIds=5714107..5716763,2026-09-25T17:58:47+00:00,"Tue, 22 Sep 2026 11:36:19 GMT",sd2069_-1334569459
data/raw/imf_portwatch_daily/2026-09-25_1790076979705/batch_0282000.json,imf_portwatch_daily,901042,07dd80a68eff4dbcde5aac3bd634c4e7700ea0247b3d5330d1fed36605623e19,JSON,,,,verified,,POST https://services9.arcgis.com/weJ1QsnbMYJlCHdG/arcgis/rest/services/Daily_Ports_Data/FeatureServer/0/query objectIds=5716764..5718922,2026-09-25T17:58:47+00:00,"Tue, 22 Sep 2026 11:36:19 GMT",sd2069_-1334569459
data/raw/imf_portwatch_daily/2026-09-25_1790076979705/batch_0283000.json,imf_portwatch_daily,900784,f95261482aed9b5f2bb0fb878bd7e2cee8a5fb738ee10c0cfc6ad11a9543160b,JSON,,,,verified,,POST https://services9.arcgis.com/weJ1QsnbMYJlCHdG/arcgis/rest/services/Daily_Ports_Data/FeatureServer/0/query objectIds=5718923..5719922,2026-09-25T17:58:47+00:00,"Tue, 22 Sep 2026 11:36:19 GMT",sd2069_-1334569459
data/raw/imf_portwatch_daily/2026-09-25_1790076979705/batch_0284000.json,imf_portwatch_daily,558061,d313cbefd0a2d5dc4a29d6942dcf7ef6c455604ab08790e6978cd9638695208b,JSON,,,,verified,,POST https://services9.arcgis.com/weJ1QsnbMYJlCHdG/arcgis/rest/services/Daily_Ports_Data/FeatureServer/0/query objectIds=5719923..5721477,2026-09-25T17:58:48+00:00,"Tue, 22 Sep 2026 11:36:19 GMT",sd2069_-1334569459
data/raw/imf_portwatch_ports/2026-09-25_1789742026415/layer_metadata.json,imf_portwatch_ports,20564,e496a2dd594df57954597ebf1094cba9b9e15bc3483fda5757361e7240b34d69,JSON,,,,verified,,GET https://services9.arcgis.com/weJ1QsnbMYJlCHdG/arcgis/rest/services/PortWatch_ports_database/FeatureServer/0?f=json,2026-09-25T17:58:48+00:00,"Fri, 18 Sep 2026 14:33:46 GMT",-1151170707
data/raw/imf_portwatch_ports/2026-09-25_1789742026415/ids.json,imf_portwatch_ports,1072,cb427b4c1ad5288cb14f8bc587b8e7fc0a415bf07c5fafd4479666aa67b03692,JSON,,,,verified,,GET https://services9.arcgis.com/weJ1QsnbMYJlCHdG/arcgis/rest/services/PortWatch_ports_database/FeatureServer/0/query returnIdsOnly,2026-09-25T17:58:48+00:00,,
data/raw/imf_portwatch_ports/2026-09-25_1789742026415/batch_0000000.json,imf_portwatch_ports,105342,dbfc06e5d5328f6d5a84ad60caa1bb9af365916fb9649a9ef692d6805672cb5c,JSON,,,,verified,,POST https://services9.arcgis.com/weJ1QsnbMYJlCHdG/arcgis/rest/services/PortWatch_ports_database/FeatureServer/0/query objectIds=2..2031,2026-09-25T17:58:49+00:00,"Fri, 18 Sep 2026 14:33:46 GMT",sd1201_-802421151
data/raw/big_kemenhub_ports/2026-09-25/layer_1/layer_metadata.json,big_kemenhub_ports_1,13933,87e32c535308816c142aefb01235736b04c5e33c64c541ffbb1b617289e17e0f,JSON,,,,verified,,GET https://kspservices.big.go.id/satupeta/rest/services/PUBLIK/SARANA_PRASARANA/MapServer/1?f=json,2026-09-25T17:58:50+00:00,,960cc99
data/raw/big_kemenhub_ports/2026-09-25/layer_3/layer_metadata.json,big_kemenhub_ports_3,9487,ccb13522e077df413b467a66a44f5e1b3753807e486a7068f508a4d63ecde4e0,JSON,,,,verified,,GET https://kspservices.big.go.id/satupeta/rest/services/PUBLIK/SARANA_PRASARANA/MapServer/3?f=json,2026-09-25T17:58:50+00:00,,960cc99
data/raw/osmdata_coastlines/2026-09-25/coastlines-split-4326.zip,osmdata_coastlines,924310897,c253fccc0887d1183e9fef13507085de4a236fa90b43f4595b2af29f8d98b719,ZIP,,,,verified,,,2026-09-25T18:01:35+00:00,"Fri, 25 Sep 2026 03:30:26 GMT","""3717dd71-65c465653edd4"""
data/raw/big_kemenhub_ports/2026-09-25/layer_1/ids.json,big_kemenhub_ports_1,4752,330623b8bc8f67588253a0a21189877edb2ea959ea24e6837804046cbaeee28c,JSON,,,,verified,,GET https://kspservices.big.go.id/satupeta/rest/services/PUBLIK/SARANA_PRASARANA/MapServer/1/query returnIdsOnly,2026-09-25T18:04:24+00:00,,
data/raw/big_kemenhub_ports/2026-09-25/layer_1/batch_0000000.json,big_kemenhub_ports_1,1133138,5157817db93d937af2590992bfafbebee5d27ca74164cbeb1226df38e65d21ce,JSON,,,,verified,,POST https://kspservices.big.go.id/satupeta/rest/services/PUBLIK/SARANA_PRASARANA/MapServer/1/query objectIds=1..527,2026-09-25T18:04:25+00:00,,1646bff
data/raw/big_kemenhub_ports/2026-09-25/layer_3/ids.json,big_kemenhub_ports_3,18793,57f38d6424eb91bd1b8ad1fc6a9b64cbfdf389794a70f6adcb8f3847dd8b156b,JSON,,,,verified,,GET https://kspservices.big.go.id/satupeta/rest/services/PUBLIK/SARANA_PRASARANA/MapServer/3/query returnIdsOnly,2026-09-25T18:04:26+00:00,,
data/raw/big_kemenhub_ports/2026-09-25/layer_3/batch_0000000.json,big_kemenhub_ports_3,1454390,5f2fe595b64eba549efb7271a58f577636f3de3e7519192e0add47efda3e44b5,JSON,,,,verified,,POST https://kspservices.big.go.id/satupeta/rest/services/PUBLIK/SARANA_PRASARANA/MapServer/3/query objectIds=1..1000,2026-09-25T18:04:27+00:00,,5218d76d
data/raw/big_kemenhub_ports/2026-09-25/layer_3/batch_0001000.json,big_kemenhub_ports_3,1439095,40136a3464e9d8512dd66426a397ca88508982113089a33c1ccd7aa7f5e4513f,JSON,,,,verified,,POST https://kspservices.big.go.id/satupeta/rest/services/PUBLIK/SARANA_PRASARANA/MapServer/3/query objectIds=1001..1978,2026-09-25T18:04:27+00:00,,7dc7cacd
data/raw/big_peta_lahan_gambut/2026-09-25/layer_metadata.json,big_peta_lahan_gambut,19278,af7c1b8388e782a95d120ba736393e99bc098f9a5f817a7c947701a5e381fc25,JSON,,,,verified,,GET https://kspservices.big.go.id/satupeta/rest/services/PUBLIK/SUMBER_DAYA_ALAM_DAN_LINGKUNGAN/MapServer/6?f=json,2026-09-25T18:06:59+00:00,,860f74cd
data/raw/big_peta_lahan_gambut/2026-09-25/ids.json,big_peta_lahan_gambut,1323,5067de52af197208c6830d47fd3fa391b7c13dbc6f2d731333260e047cf998a1,JSON,,,,verified,,GET https://kspservices.big.go.id/satupeta/rest/services/PUBLIK/SUMBER_DAYA_ALAM_DAN_LINGKUNGAN/MapServer/6/query returnIdsOnly,2026-09-25T18:07:00+00:00,,
data/raw/big_peta_lahan_gambut/2026-09-25/batch_0000000.json,big_peta_lahan_gambut,70050888,3d58bd922e7c0d8096ebe47c203077f47996abc1462796b4461127da518890d5,JSON,,,,verified,,POST https://kspservices.big.go.id/satupeta/rest/services/PUBLIK/SUMBER_DAYA_ALAM_DAN_LINGKUNGAN/MapServer/6/query objectIds=1..146,2026-09-25T18:07:12+00:00,,ea2bbaca
data/raw/big_peta_lahan_gambut/2026-09-25/features.geojson,big_peta_lahan_gambut,75559150,d4dd1a03683799df11fb0054eee908b6db4bea2ad4bfa35b5475ccd94c6edce3,JSON,,,,verified,,GET https://kspservices.big.go.id/satupeta/rest/services/PUBLIK/SUMBER_DAYA_ALAM_DAN_LINGKUNGAN/MapServer/6/query f=geojson,2026-09-25T18:07:50+00:00,,17c2f09e
data/raw/gebco_2026/2026-09-25/elevation.dds,gebco_2026,331,84517a18d0668cf69c07c215bd5124c6f300158e6464aa10a65b98956ddd8596,DDS,,,,verified,,GET https://dap.ceda.ac.uk/thredds/dodsC/bodc/gebco/global/gebco_2026/ice_surface_elevation/netcdf/GEBCO_2026.nc.dds,2026-09-25T18:14:38+00:00,,
data/raw/gebco_2026/2026-09-25/elevation.das,gebco_2026,4880,5aa6408d05f1c5847058b91a2f71ac6f654d12bca07bbefb3c513ef69a3ac174,DAS,,,,verified,,GET https://dap.ceda.ac.uk/thredds/dodsC/bodc/gebco/global/gebco_2026/ice_surface_elevation/netcdf/GEBCO_2026.nc.das,2026-09-25T18:14:38+00:00,,
data/raw/kek_official_registry/2026-09-25/kek-palu.json,kek_official_registry,581,6bfce4e4cfdbdd321fbc2f1329a06276c0175dd87a3f7f60a7838e1703f06267,JSON,,,1,verified,,GET https://kek.go.id/id/investment/distribution/kek-palu; extract getDetailSezRegions fields,2026-09-25T18:15:46+00:00,,
data/raw/kek_official_registry/2026-09-25/kek-nongsa.json,kek_official_registry,598,81abf829912c3fc91691a33cb56bb538061c919125ba0f51d28a9fc7260cba6d,JSON,,,1,verified,,GET https://kek.go.id/id/investment/distribution/kek-nongsa; extract getDetailSezRegions fields,2026-09-25T18:15:47+00:00,,
data/raw/gebco_2026/2026-09-25/gebco_2026_elevation_regional.nc,gebco_2026,55404492,027339a3ca2b3f24a70e1a3b056138b7d0cb3395d7910fed3ffa1fdab8ba8268,NetCDF4,"(93.0020833333333, -12.997916666666669, 142.99791666666664, 7.997916666666669)",,5040x12000,verified,,OPeNDAP elevation[18480:23519][65520:77519],2026-09-25T18:16:44+00:00,,
data/raw/gebco_2026/2026-09-25/tid.dds,gebco_2026,321,46baf517f1fc3c3968de820733b28af7e4a85b4ea84cc4672a15ecb1947c1180,DDS,,,,verified,,GET https://dap.ceda.ac.uk/thredds/dodsC/bodc/gebco/global/gebco_2026/type_identifier_grid/netcdf/gebco_2026_tid.nc.dds,2026-09-25T18:16:44+00:00,,
data/raw/gebco_2026/2026-09-25/tid.das,gebco_2026,7252,5cc433f1e5a0c2ecfe080b1bcbb0af53a554fa547be6181588db6d9e00e06153,DAS,,,,verified,,GET https://dap.ceda.ac.uk/thredds/dodsC/bodc/gebco/global/gebco_2026/type_identifier_grid/netcdf/gebco_2026_tid.nc.das,2026-09-25T18:16:44+00:00,,
data/raw/gebco_2026/2026-09-25/gebco_2026_tid_regional.nc,gebco_2026,4051055,6e487ea1180e28b2f877751dd9fb7fac27352bfa094f9162430e5bf329d603c2,NetCDF4,"(93.0020833333333, -12.997916666666669, 142.99791666666664, 7.997916666666669)",,5040x12000,verified,,OPeNDAP tid[18480:23519][65520:77519],2026-09-25T18:17:28+00:00,,
data/raw/gebco_2026/2026-09-25/subset_request.json,gebco_2026,1051,411744c9081097313fc87eda9e4caa5edcc512177fccda64f50c88ae78f051bb,JSON,,,,verified,,,2026-09-25T18:17:28+00:00,,
data/raw/iaph_ports_harbors_1996_06/2026-09-25/ports_and_harbors_1996_06.pdf,iaph_ports_harbors_1996_06,6833946,974531062ffbb22232f566a109559593b6bf14f66c668b5106f0591eaa10f329,PDF,,,,verified,,,2026-09-25T18:18:45+00:00,,
data/raw/rothenberg_wang_chari_2025/2026-09-25/repository_metadata.json,rothenberg_wang_chari_2025,25308,4057aa69620ff3b061db6e0b7fa76bee282ec58f1e76b6db16698a9cdbb1a164,JSON,,,,verified,,GET https://api.figshare.com/v2/articles/28646048,2026-09-25T18:35:19+00:00,,
data/raw/rothenberg_wang_chari_2025/2026-09-25/published_article.pdf,rothenberg_wang_chari_2025,3628577,0be66a990748f2630f09703b02fbda85648460505fdeca2fc231477d74edc5e3,PDF,,,,verified,,,2026-09-25T18:35:21+00:00,"Wed, 07 May 2025 11:43:43 GMT","""00434e28961d28b0bfc034f878718d9b"""
data/processed/boundary/2026-09-25/indonesia_adm0.gpkg,geoboundaries_idn_adm0,7897088,57efde18b34773d6ff900769b8d45061501eaad196c62f978b2c1d3908f821db,GeoPackage,"(np.float64(95.01098450000003), np.float64(-11.007826099999981), np.float64(141.01944440000005), np.float64(5.907234800000012))",,1,verified,data/raw/geoboundaries_idn_adm0/2026-09-25_IDN-ADM0-11942859/adm0.geojson,python -m indo_data process --all,2026-09-25T18:36:48+00:00,,
data/processed/port_activity/2026-09-25/daily.parquet,imf_portwatch_daily,5554106,2436bf7b6711c06da5955a20c562d1eb1b2dfefb00c7dd1dac8afad4ef5bfd6c,Parquet,,2019-01-01/2026-09-18,284618,verified,data/raw/imf_portwatch_daily/2026-09-25_1790076979705,python -m indo_data process --all,2026-09-25T18:36:50+00:00,,
data/processed/port_activity/2026-09-25/monthly.parquet,imf_portwatch_daily,486144,4f76073f7106f5b4fdae2b861d39308ec2c5fee7fc69ea24c9fc8487ec24ef8f,Parquet,,2019-01/2026-09,9393,verified,data/processed/port_activity/2026-09-25/daily.parquet,python -m indo_data process --all,2026-09-25T18:36:59+00:00,,
data/processed/port_activity/2026-09-25/yearly.parquet,imf_portwatch_daily,94787,a9c780e588b3a3ee7aa2679afff0e08278f56827260ad297816582527b3df297,Parquet,,2019/2026,808,verified,data/processed/port_activity/2026-09-25/daily.parquet,python -m indo_data process --all,2026-09-25T18:37:00+00:00,,
data/processed/port_activity/2026-09-25/port_coverage.csv,imf_portwatch_daily,3607,f3c2fa09a38cc11f27a974504af48ac9e55512ef857e584d07ddffe3d1b6d945,CSV,,,101,verified,data/processed/port_activity/2026-09-25/daily.parquet,,2026-09-25T18:37:00+00:00,,
data/processed/port_activity/2026-09-25/portwatch_ports.gpkg,imf_portwatch_ports,135168,ba9157f2e143fbfd3199340085e64692e18688b52752a3aefba820e6483927d3,GeoPackage,"(np.float64(95.24432071), np.float64(-10.19659728000001), np.float64(140.7191664), np.float64(5.884918418956145))",,101,verified,data/raw/imf_portwatch_ports/2026-09-25_1789742026415,python -m indo_data process --all,2026-09-25T18:37:00+00:00,,
data/processed/ports_historical/2026-09-25/ports_current.gpkg,big_kemenhub_ports,1470464,21c1a05b673cdbe2a911d6d53075e258139e322f33d2ee070ea85a96d72d53d1,GeoPackage,"(np.float64(95.04479980500008), np.float64(-10.865600585999971), np.float64(140.77975000000004), np.float64(5.889587402000075))",,2505,verified,data/raw/big_kemenhub_ports/2026-09-25/layer_1;data/raw/big_kemenhub_ports/2026-09-25/layer_3,python -m indo_data process --all,2026-09-25T18:37:00+00:00,,
data/processed/ports_historical/2026-09-25/ports_static_proxy.gpkg,big_kemenhub_ports,528384,1f86a185d2abcc7ad17790f2e069b035c531408ff525f060bfe25b27bb226d53,GeoPackage,"(np.float64(95.04479980500008), np.float64(-10.865600585999971), np.float64(140.77975000000004), np.float64(5.889587402000075))",,2505,verified,data/processed/ports_historical/2026-09-25/ports_current.gpkg,,2026-09-25T18:37:00+00:00,,
data/processed/ports_historical/2026-09-25/big_year_field_audit.csv,big_kemenhub_ports,235,40d0865eb9fc465695f340c664094e42b1279d67cd4c6918a2e1873b85daa62e,CSV,,,6,verified,data/processed/ports_historical/2026-09-25/ports_current.gpkg,,2026-09-25T18:37:00+00:00,,
data/processed/ports_historical/2026-09-25/historical_port_review_queue.csv,big_kemenhub_ports,327945,77983346ef3a10643f471d56da6e01798a5a75d0b787fcd764ca39021de8c075,CSV,,,2505,verified,data/processed/ports_historical/2026-09-25/ports_current.gpkg,,2026-09-25T18:37:00+00:00,,
data/processed/coast_bathymetry/2026-09-25/regional_coastline.gpkg,osmdata_coastlines,63803392,1c84b53c5458fc3e47aedece7050cc1032a7dd8553f6f9afc1fbf2c6f7176930,GeoPackage,"(np.float64(93.3107525), np.float64(-13.5337151), np.float64(143.558646), np.float64(8.5227619))",,22086,verified,data/raw/osmdata_coastlines/2026-09-25/coastlines-split-4326.zip,python -m indo_data process --all,2026-09-25T18:37:05+00:00,,
data/processed/coast_bathymetry/2026-09-25/extent_report.json,osmdata_coastlines,206,e4e777c3959eac813d21337b1dec84b188f0cb2152b2ab9315dce80458ea5602,JSON,,,,verified,data/processed/coast_bathymetry/2026-09-25/regional_coastline.gpkg,,2026-09-25T18:37:05+00:00,,
data/processed/peatland/2026-09-25/big_peta_lahan_gambut_partial.gpkg,big_peta_lahan_gambut,11857920,0105c444df7fdcb1a00a38416c170a115598d57eb42be74878c985a20cc36516,GeoPackage,"(np.float64(108.86017326100006), np.float64(-3.46058131999996), np.float64(118.57645895300004), np.float64(4.070093808000024))",,146,verified,data/raw/big_peta_lahan_gambut/2026-09-25/features.geojson,python -m indo_data process --all,2026-09-25T18:37:05+00:00,,
data/processed/coast_bathymetry/2026-09-25/gebco_2026_elevation_regional.tif,gebco_2026,48993429,53e59eb9031c512d7de3f90ef27cdb64829f4003a4d1c1d203acf68dd22fe14b,GeoTIFF,"(92.99999999999994, -13.000000000267363, 143.0000000006366, 8.000000000000028)",,5040x12000,verified,data/raw/gebco_2026/2026-09-25/gebco_2026_elevation_regional.nc,python -m indo_data process --all,2026-09-25T18:37:12+00:00,,
data/processed/coast_bathymetry/2026-09-25/gebco_2026_tid_regional.tif,gebco_2026,2667939,9ba4cf408f0c904a66044bca6cd37241ba8bb886d4ce0926d94f5762edae127b,GeoTIFF,"(92.99999999999994, -13.000000000267363, 143.0000000006366, 8.000000000000028)",,5040x12000,verified,data/raw/gebco_2026/2026-09-25/gebco_2026_tid_regional.nc,python -m indo_data process --all,2026-09-25T18:37:13+00:00,,
data/processed/policy_treatment/2026-09-25/kek_registry.csv,kek_official_registry,744,72924a56b5a8bd97183b8aebf78bd8cbb6cb4363af0a80724b71199f6f6d7208,CSV,,,2,verified,data/raw/kek_official_registry/2026-09-25,python -m indo_data process --all,2026-09-25T18:37:13+00:00,,
data/raw/big_kemenhub_ports/2026-09-25/layer_1/query_parameters.json,big_kemenhub_ports_1,226,a8f1dde8833b4dd13eda1cdd876ecfd78a44a9fd63f26a07a9c86af43e422239,JSON,,,,verified,,python -m indo_data fetch --all; record ArcGIS request parameters,2026-09-25T18:39:13+00:00,,
data/raw/big_kemenhub_ports/2026-09-25/layer_3/query_parameters.json,big_kemenhub_ports_3,228,a69d6d7e67e2b61ac078fd5bea044b31649aa5fc6dff33fedbdc15b32819c443,JSON,,,,verified,,python -m indo_data fetch --all; record ArcGIS request parameters,2026-09-25T18:39:13+00:00,,
data/raw/imf_portwatch_daily/2026-09-25_1790076979705/query_parameters.json,imf_portwatch_daily,274,2b64c8663fa4d1c33bab8bb713451def8af9dd4b431236baceeaa79cc616e6ae,JSON,,,,verified,,python -m indo_data fetch --all; record ArcGIS request parameters,2026-09-25T18:39:13+00:00,,
data/raw/big_peta_lahan_gambut/2026-09-25/query_parameters.json,big_peta_lahan_gambut,241,7dbcf3d2405eaff4170f0500d3f500dae473834b22944989620731f5c291339a,JSON,,,,verified,,python -m indo_data fetch --all; record ArcGIS request parameters,2026-09-25T18:39:13+00:00,,
data/raw/imf_portwatch_ports/2026-09-25_1789742026415/query_parameters.json,imf_portwatch_ports,252,6267e2b8836147fba372fc28b4ae1a75c240facd2b53b4e4d40eac389996f469,JSON,,,,verified,,python -m indo_data fetch --all; record ArcGIS request parameters,2026-09-25T18:39:13+00:00,,
data/raw/big_kemenhub_ports/2026-09-25/layer_1/reconciliation.json,big_kemenhub_ports_1,214,0acd609c29c3ff23842cf85a3fecd1264f77425805aa2bf9fc82b9ef73113d80,JSON,,,,verified,,python -m indo_data fetch --all; reconcile ArcGIS IDs and server count,2026-09-25T18:39:13+00:00,,
data/raw/big_kemenhub_ports/2026-09-25/layer_3/reconciliation.json,big_kemenhub_ports_3,216,272fb86d36135d951e04e1ae239b4ed4d5bc3bcfeeafa0cb065590b8775c3e29,JSON,,,,verified,,python -m indo_data fetch --all; reconcile ArcGIS IDs and server count,2026-09-25T18:39:13+00:00,,
data/raw/imf_portwatch_daily/2026-09-25_1790076979705/reconciliation.json,imf_portwatch_daily,236,6054691e6d38303f2cf20eeba2d3f0ff9bd4f2598f4517afd11bc3d7b7bfd346,JSON,,,,verified,,python -m indo_data fetch --all; reconcile ArcGIS IDs and server count,2026-09-25T18:39:13+00:00,,
data/raw/big_peta_lahan_gambut/2026-09-25/reconciliation.json,big_peta_lahan_gambut,209,e8f98ad16dfa29b1f4da998817746855bf7a1a0b2400ad73284fb8d9c4330817,JSON,,,,verified,,python -m indo_data fetch --all; reconcile ArcGIS IDs and server count,2026-09-25T18:39:13+00:00,,
data/raw/imf_portwatch_ports/2026-09-25_1789742026415/reconciliation.json,imf_portwatch_ports,230,fd71a9ced10c17555c5a899c111aaa2f54af8f490a69badfffb3b0cef145b813,JSON,,,,verified,,python -m indo_data fetch --all; reconcile ArcGIS IDs and server count,2026-09-25T18:39:13+00:00,,
data/raw/geofabrik_osm_policy/2026-09-25/kalimantan_source.json,geofabrik_osm_policy,335,24210934988acd19bf82df7a444e1d5b12e459c0a203ea5851fc9a7ef3de921a,JSON,,,,verified,,HEAD https://download.geofabrik.de/asia/indonesia/kalimantan-260924-free.gpkg.zip,2026-09-25T19:19:48+00:00,,
data/raw/geofabrik_osm_policy/2026-09-25/kalimantan-260924-free.gpkg.zip,geofabrik_osm_policy,394182367,fb94f5fd2e812d823087debad46e0e09d68a15a1ec40565c6a68a2e1f8316a0b,ZIP,,,,verified,,,2026-09-25T19:22:00+00:00,"Fri, 25 Sep 2026 05:07:42 GMT","""177ebedf-65c47b22e772b"""
data/raw/geofabrik_osm_policy/2026-09-25/papua_source.json,geofabrik_osm_policy,323,9c0b731dc2fd24bd3c0be5fcdee959bd727e27364ad5b3673021a5821e055c98,JSON,,,,verified,,HEAD https://download.geofabrik.de/asia/indonesia/papua-260924-free.gpkg.zip,2026-09-25T19:22:00+00:00,,
data/raw/geofabrik_osm_policy/2026-09-25/papua-260924-free.gpkg.zip,geofabrik_osm_policy,94250871,0c1bedd7675550a52064fe8d6453f7cbc7e1ca5d9abe74a6169a0e1aa9b023f0,ZIP,,,,verified,,,2026-09-25T19:22:17+00:00,"Fri, 25 Sep 2026 01:08:55 GMT","""59e2777-65c445c4170c4"""
data/raw/geofabrik_osm_policy/2026-09-25/sulawesi_source.json,geofabrik_osm_policy,331,f9b2880bad2b7dedc6c6d90073fe97fa14f30ce0a0c8c29b44a5370601e86a7f,JSON,,,,verified,,HEAD https://download.geofabrik.de/asia/indonesia/sulawesi-260924-free.gpkg.zip,2026-09-25T19:22:17+00:00,,
data/raw/geofabrik_osm_policy/2026-09-25/sulawesi-260924-free.gpkg.zip,geofabrik_osm_policy,413955903,7a281508d71e1eee39bfb2bfbf48fe0527e1588b6882268615927cbc54e19670,ZIP,,,,verified,,,2026-09-25T19:24:13+00:00,"Fri, 25 Sep 2026 01:08:15 GMT","""18ac773f-65c4459e078cb"""
data/raw/geofabrik_osm_policy/2026-09-25/sumatra_source.json,geofabrik_osm_policy,329,8a96b24ee96398cb169f7955d2d4543996530dc862b89926cce7bb77d5157136,JSON,,,,verified,,HEAD https://download.geofabrik.de/asia/indonesia/sumatra-260924-free.gpkg.zip,2026-09-25T19:24:13+00:00,,
data/raw/geofabrik_osm_policy/2026-09-25/sumatra-260924-free.gpkg.zip,geofabrik_osm_policy,751295591,aa5e361a8bc85a9414cb35a9a770113feaac9a3dde579bca524d9a7beb59104b,ZIP,,,,verified,,,2026-09-25T19:27:50+00:00,"Fri, 25 Sep 2026 01:08:28 GMT","""2cc7dc67-65c445aa24e58"""
data/raw/geofabrik_osm_policy/2026-09-25/maluku_source.json,geofabrik_osm_policy,325,aa5713185bcb5512198188702152fabaa1d4665b4e77a8f29fbadf51a5fad547,JSON,,,,verified,,HEAD https://download.geofabrik.de/asia/indonesia/maluku-260924-free.gpkg.zip,2026-09-25T19:27:50+00:00,,
data/raw/geofabrik_osm_policy/2026-09-25/maluku-260924-free.gpkg.zip,geofabrik_osm_policy,74893572,ba91938fccd61cdf8512dd6be4c25bdc9dd3356ecac8d5bd33342c1b6823300a,ZIP,,,,verified,,,2026-09-25T19:28:17+00:00,"Fri, 25 Sep 2026 01:04:42 GMT","""476c904-65c444d2d86bb"""
data/raw/geofabrik_osm_policy/2026-09-25/nusa_tenggara_source.json,geofabrik_osm_policy,341,8b38c3291c1d17c37acd82bc3424fc1a8787203d91ccc4f51cf962f3e862f0aa,JSON,,,,verified,,HEAD https://download.geofabrik.de/asia/indonesia/nusa-tenggara-260924-free.gpkg.zip,2026-09-25T19:28:17+00:00,,
data/raw/geofabrik_osm_policy/2026-09-25/nusa-tenggara-260924-free.gpkg.zip,geofabrik_osm_policy,467637153,8c0327ee13bc0377b448e1210c965b5306fc85daabd5f1ea7ef6220144178868,ZIP,,,,verified,,,2026-09-25T19:30:55+00:00,"Fri, 25 Sep 2026 01:09:25 GMT","""1bdf93a1-65c445e0e2743"""
data/interim/geofabrik_osm_policy/2026-09-25/sumatra.gpkg,geofabrik_osm_policy,1672974336,5595f66b29b8d49526061822558f7c1ae32fed316825c1b6f6560050ff950112,GeoPackage,,,OSM regional extract,verified,data/raw/geofabrik_osm_policy/2026-09-25/sumatra-260924-free.gpkg.zip,python -m indo_data process --all,2026-09-25T19:31:53+00:00,,
data/interim/geofabrik_osm_policy/2026-09-25/kalimantan.gpkg,geofabrik_osm_policy,866242560,004accd063b776d4481884092a7842665a572e7909871b0cc8ad87c8aebe0b11,GeoPackage,,,OSM regional extract,verified,data/raw/geofabrik_osm_policy/2026-09-25/kalimantan-260924-free.gpkg.zip,python -m indo_data process --all,2026-09-25T19:31:55+00:00,,
data/interim/geofabrik_osm_policy/2026-09-25/sulawesi.gpkg,geofabrik_osm_policy,959799296,ce98e355d78a6ac26b2fd48caa30d7cd03c53d1660df62c0506442e2e785b41a,GeoPackage,,,OSM regional extract,verified,data/raw/geofabrik_osm_policy/2026-09-25/sulawesi-260924-free.gpkg.zip,python -m indo_data process --all,2026-09-25T19:31:57+00:00,,
data/interim/geofabrik_osm_policy/2026-09-25/papua.gpkg,geofabrik_osm_policy,186761216,5388244fd619ad0f9fadea727df3d521f5b7cf5150e41d5e8405793727c86efc,GeoPackage,,,OSM regional extract,verified,data/raw/geofabrik_osm_policy/2026-09-25/papua-260924-free.gpkg.zip,python -m indo_data process --all,2026-09-25T19:32:11+00:00,,
data/interim/geofabrik_osm_policy/2026-09-25/maluku.gpkg,geofabrik_osm_policy,160751616,d81fcfc6e8bdac614d06d104896a1a050db5f63c41686809b072e1dd7ffce4e5,GeoPackage,,,OSM regional extract,verified,data/raw/geofabrik_osm_policy/2026-09-25/maluku-260924-free.gpkg.zip,python -m indo_data process --all,2026-09-25T19:32:12+00:00,,
data/interim/geofabrik_osm_policy/2026-09-25/nusa-tenggara.gpkg,geofabrik_osm_policy,1129263104,a5efba791dc9eaa4e7eacc9606d08d297121c122fe265d8489721cd62e8777f9,GeoPackage,,,OSM regional extract,verified,data/raw/geofabrik_osm_policy/2026-09-25/nusa-tenggara-260924-free.gpkg.zip,python -m indo_data process --all,2026-09-25T19:32:14+00:00,,
data/processed/policy_treatment/2026-09-25/kapet_registry.csv,official_kapet_decrees,5661,5687ff5026b50f9add52e4f61aac531d59f19b35b18109e696f4d9d0c53b85e7,CSV,,,14,verified,config/policy_claims.yaml,python -m indo_data process --all,2026-09-25T19:44:48+00:00,,
data/processed/policy_treatment/2026-09-25/kapet_legal_events.csv,official_kapet_decrees,1205,18d7496558583c37034070b1e26a4905bbbdc414622f9fabc1196dc930420d14,CSV,,,4,verified,config/policy_claims.yaml,python -m indo_data process --all,2026-09-25T19:44:48+00:00,,
data/processed/policy_treatment/2026-09-25/kapet_place_claims.csv,official_kapet_decrees,16892,f29bd6c71c2f2413aad1e268676af9b1b2503cfa3a51e8d2db5bd6636ebbe9af,CSV,,,70,verified,config/policy_places.yaml,python -m indo_data process --all,2026-09-25T19:44:48+00:00,,
data/processed/policy_treatment/2026-09-25/policy_evidence.csv,official_kapet_decrees,29878,ae6944b401872902971d56c2ca2b22e1f1d1b7d020cb411613fac9f5329420df,CSV,,,88,verified,config/policy_claims.yaml,python -m indo_data process --all,2026-09-25T19:44:48+00:00,,
data/processed/policy_treatment/2026-09-25/policy_review_queue.csv,official_kapet_decrees,2193,26fae6a90a1ccfa6215a25f25be1fd852c5b11e1cdc307933ff12c92b026da4f,CSV,,,14,verified,config/policy_claims.yaml,,2026-09-25T19:44:48+00:00,,
data/processed/policy_treatment/2026-09-25/policy_location_proxies.gpkg,geofabrik_osm_policy,1589248,c5a228f3b62654f76005b2cbfd8765e9f8332524d1cf2d0c72123b4c6f1c7901,GeoPackage,,,32,verified,data/interim/geofabrik_osm_policy/2026-09-25/sumatra.gpkg;data/interim/geofabrik_osm_policy/2026-09-25/kalimantan.gpkg;data/interim/geofabrik_osm_policy/2026-09-25/sulawesi.gpkg;data/interim/geofabrik_osm_policy/2026-09-25/papua.gpkg;data/interim/geofabrik_osm_policy/2026-09-25/maluku.gpkg;data/interim/geofabrik_osm_policy/2026-09-25/nusa-tenggara.gpkg,python -m indo_data process --all,2026-09-25T19:44:56+00:00,,
data/processed/policy_treatment/2026-09-25/policy_location_crosswalk.csv,geofabrik_osm_policy,13402,009d26a3986133d74c0f9671fe0440f332675ceac0044f20c962bd07d3ee3c61,CSV,,,32,verified,data/processed/policy_treatment/2026-09-25/policy_location_proxies.gpkg,python -m indo_data process --all,2026-09-25T19:44:56+00:00,,
data/processed/policy_treatment/2026-09-25/policy_location_review.csv,official_kapet_decrees,16414,3211fc86f896bfb0ec0f68fa6305d81bb5b6ce0e7637b481cce42a82cec9eb55,CSV,,,72,verified,config/policy_places.yaml,python -m indo_data process --all,2026-09-25T19:44:56+00:00,,
data/processed/policy_treatment/2026-09-25/article_data_availability.csv,rothenberg_wang_chari_2025,582,d965b2ab6032632420a60896fb3ffcb9ad79d1f8adc31b3ffc4b1956744319bd,CSV,,,1,verified,data/raw/rothenberg_wang_chari_2025/2026-09-25/published_article.pdf,python -m indo_data process --all,2026-09-25T19:45:33+00:00,,
data/processed/ports_historical/2026-09-25/port_history_events.csv,iaph_ports_harbors_1996_06,8111,ec29379b0f9935c2122af2042f6c6d2ad73a7550c6ef561de2bf475a036f4727,CSV,,1991/1995,35,verified,data/raw/iaph_ports_harbors_1996_06/2026-09-25/ports_and_harbors_1996_06.pdf,python -m indo_data process --all,2026-09-25T19:45:33+00:00,,
data/processed/ports_historical/2026-09-25/port_presence_1992_2020.parquet,iaph_ports_harbors_1996_06,4604,8a638cc90b4a0c863cb0ca9f14a48b52ff3bb719359177c60269bfc990cbd654,Parquet,,1992/2020,203,verified,data/processed/ports_historical/2026-09-25/port_history_events.csv,python -m indo_data process --all,2026-09-25T19:45:33+00:00,,
data/processed/ports_historical/2026-09-25/historical_evidence_review_queue.csv,iaph_ports_harbors_1996_06,1281,3a54f8e928989a67daa93f8085cd8da46e5996544e99c2af606f55143a2a23da,CSV,,,7,verified,data/processed/ports_historical/2026-09-25/port_history_events.csv,,2026-09-25T19:45:33+00:00,,
