path,source_id,bytes,sha256,format,spatial_extent,temporal_extent,rows_or_dimensions,validation_status,parent_files,transformation_command,retrieved_at,http_last_modified,http_etag
data/raw/ghsl_built_s_r2023a/2026-10-07_tiles/GHS_BUILT_S_E1990_GLOBE_R2023A_54009_100_V1_0_R9_C28.zip,ghsl_built_s_r2023a,3202305,a48cf7f30d51d14fbd1842ec5c677c71768627fd51ee0b71545cf32424eb8435,ZIP (GeoTIFF),"GHSL tile R9_C28, ESRI:54009",1990,,verified: size = server Content-Length; zip CRC ok,,GET https://jeodpp.jrc.ec.europa.eu/ftp/jrc-opendata/GHSL/GHS_BUILT_S_GLOBE_R2023A/GHS_BUILT_S_E1990_GLOBE_R2023A_54009_100/V1-0/tiles/GHS_BUILT_S_E1990_GLOBE_R2023A_54009_100_V1_0_R9_C28.zip,2026-10-07T12:56:08+00:00,,
data/raw/ghsl_built_s_r2023a/2026-10-07_tiles/GHS_BUILT_S_E1990_GLOBE_R2023A_54009_100_V1_0_R9_C29.zip,ghsl_built_s_r2023a,5471718,a36ed9fb478b7543fe7e5e6eae8ffe118cb157827de87e6f04a06ce7e4fd98b1,ZIP (GeoTIFF),"GHSL tile R9_C29, ESRI:54009",1990,,verified: size = server Content-Length; zip CRC ok,,GET https://jeodpp.jrc.ec.europa.eu/ftp/jrc-opendata/GHSL/GHS_BUILT_S_GLOBE_R2023A/GHS_BUILT_S_E1990_GLOBE_R2023A_54009_100/V1-0/tiles/GHS_BUILT_S_E1990_GLOBE_R2023A_54009_100_V1_0_R9_C29.zip,2026-10-07T12:56:08+00:00,,
data/raw/ghsl_built_s_r2023a/2026-10-07_tiles/GHS_BUILT_S_E1990_GLOBE_R2023A_54009_100_V1_0_R9_C30.zip,ghsl_built_s_r2023a,3012124,04d5755695ea6dad03b08c47b8edf7d9a27a9faff4cd7af45b96ac93221766fb,ZIP (GeoTIFF),"GHSL tile R9_C30, ESRI:54009",1990,,verified: size = server Content-Length; zip CRC ok,,GET https://jeodpp.jrc.ec.europa.eu/ftp/jrc-opendata/GHSL/GHS_BUILT_S_GLOBE_R2023A/GHS_BUILT_S_E1990_GLOBE_R2023A_54009_100/V1-0/tiles/GHS_BUILT_S_E1990_GLOBE_R2023A_54009_100_V1_0_R9_C30.zip,2026-10-07T12:56:07+00:00,,
data/raw/ghsl_built_s_r2023a/2026-10-07_tiles/GHS_BUILT_S_E1990_GLOBE_R2023A_54009_100_V1_0_R9_C31.zip,ghsl_built_s_r2023a,3126146,3ed17023e4636465053778206037caed2018883f36534144f899373bc67897a4,ZIP (GeoTIFF),"GHSL tile R9_C31, ESRI:54009",1990,,verified: size = server Content-Length; zip CRC ok,,GET https://jeodpp.jrc.ec.europa.eu/ftp/jrc-opendata/GHSL/GHS_BUILT_S_GLOBE_R2023A/GHS_BUILT_S_E1990_GLOBE_R2023A_54009_100/V1-0/tiles/GHS_BUILT_S_E1990_GLOBE_R2023A_54009_100_V1_0_R9_C31.zip,2026-10-07T12:56:06+00:00,,
data/raw/ghsl_built_s_r2023a/2026-10-07_tiles/GHS_BUILT_S_E1990_GLOBE_R2023A_54009_100_V1_0_R9_C32.zip,ghsl_built_s_r2023a,1469478,dd0e6249eb51f8d4237a81be427a7a7c8450f01bfd03f0c9eba08e1c393ec367,ZIP (GeoTIFF),"GHSL tile R9_C32, ESRI:54009",1990,,verified: size = server Content-Length; zip CRC ok,,GET https://jeodpp.jrc.ec.europa.eu/ftp/jrc-opendata/GHSL/GHS_BUILT_S_GLOBE_R2023A/GHS_BUILT_S_E1990_GLOBE_R2023A_54009_100/V1-0/tiles/GHS_BUILT_S_E1990_GLOBE_R2023A_54009_100_V1_0_R9_C32.zip,2026-10-07T12:56:05+00:00,,
data/raw/ghsl_built_s_r2023a/2026-10-07_tiles/GHS_BUILT_S_E1990_GLOBE_R2023A_54009_100_V1_0_R9_C33.zip,ghsl_built_s_r2023a,1435894,3ad5995ba42dcb415d3d06a1e924b77edf224e0bbde653d4553a1aecaa2ec1c9,ZIP (GeoTIFF),"GHSL tile R9_C33, ESRI:54009",1990,,verified: size = server Content-Length; zip CRC ok,,GET https://jeodpp.jrc.ec.europa.eu/ftp/jrc-opendata/GHSL/GHS_BUILT_S_GLOBE_R2023A/GHS_BUILT_S_E1990_GLOBE_R2023A_54009_100/V1-0/tiles/GHS_BUILT_S_E1990_GLOBE_R2023A_54009_100_V1_0_R9_C33.zip,2026-10-07T12:56:05+00:00,,
data/raw/ghsl_built_s_r2023a/2026-10-07_tiles/GHS_BUILT_S_E1990_GLOBE_R2023A_54009_100_V1_0_R10_C28.zip,ghsl_built_s_r2023a,1443480,c0334f161981540609a7d9e7d103473cc648dbebfcaf93c62c097295a20b44fa,ZIP (GeoTIFF),"GHSL tile R10_C28, ESRI:54009",1990,,verified: size = server Content-Length; zip CRC ok,,GET https://jeodpp.jrc.ec.europa.eu/ftp/jrc-opendata/GHSL/GHS_BUILT_S_GLOBE_R2023A/GHS_BUILT_S_E1990_GLOBE_R2023A_54009_100/V1-0/tiles/GHS_BUILT_S_E1990_GLOBE_R2023A_54009_100_V1_0_R10_C28.zip,2026-10-07T12:56:09+00:00,,
data/raw/ghsl_built_s_r2023a/2026-10-07_tiles/GHS_BUILT_S_E1990_GLOBE_R2023A_54009_100_V1_0_R10_C29.zip,ghsl_built_s_r2023a,7444295,e2b866f69d47c29176efa3715eda8737a69b27164cbac1d41c2a8cb76cf8c337,ZIP (GeoTIFF),"GHSL tile R10_C29, ESRI:54009",1990,,verified: size = server Content-Length; zip CRC ok,,GET https://jeodpp.jrc.ec.europa.eu/ftp/jrc-opendata/GHSL/GHS_BUILT_S_GLOBE_R2023A/GHS_BUILT_S_E1990_GLOBE_R2023A_54009_100/V1-0/tiles/GHS_BUILT_S_E1990_GLOBE_R2023A_54009_100_V1_0_R10_C29.zip,2026-10-07T12:56:08+00:00,,
data/raw/ghsl_built_s_r2023a/2026-10-07_tiles/GHS_BUILT_S_E1990_GLOBE_R2023A_54009_100_V1_0_R10_C30.zip,ghsl_built_s_r2023a,6655525,6333e5d7c6a08e6aec596d614bfe4d315c7ae6e2541a92e29357c4e04cff8b1e,ZIP (GeoTIFF),"GHSL tile R10_C30, ESRI:54009",1990,,verified: size = server Content-Length; zip CRC ok,,GET https://jeodpp.jrc.ec.europa.eu/ftp/jrc-opendata/GHSL/GHS_BUILT_S_GLOBE_R2023A/GHS_BUILT_S_E1990_GLOBE_R2023A_54009_100/V1-0/tiles/GHS_BUILT_S_E1990_GLOBE_R2023A_54009_100_V1_0_R10_C30.zip,2026-10-07T12:56:07+00:00,,
data/raw/ghsl_built_s_r2023a/2026-10-07_tiles/GHS_BUILT_S_E1990_GLOBE_R2023A_54009_100_V1_0_R10_C31.zip,ghsl_built_s_r2023a,3216790,102b85ac5d96f7f9ffb4b2692fc580a454bf37a46a38dfed2b0e1681182e6965,ZIP (GeoTIFF),"GHSL tile R10_C31, ESRI:54009",1990,,verified: size = server Content-Length; zip CRC ok,,GET https://jeodpp.jrc.ec.europa.eu/ftp/jrc-opendata/GHSL/GHS_BUILT_S_GLOBE_R2023A/GHS_BUILT_S_E1990_GLOBE_R2023A_54009_100/V1-0/tiles/GHS_BUILT_S_E1990_GLOBE_R2023A_54009_100_V1_0_R10_C31.zip,2026-10-07T12:56:06+00:00,,
data/raw/ghsl_built_s_r2023a/2026-10-07_tiles/GHS_BUILT_S_E1990_GLOBE_R2023A_54009_100_V1_0_R10_C32.zip,ghsl_built_s_r2023a,1914542,c55e50250b18247d078bdbaa22a912491783a27c176bbc621e3ea878e1c53578,ZIP (GeoTIFF),"GHSL tile R10_C32, ESRI:54009",1990,,verified: size = server Content-Length; zip CRC ok,,GET https://jeodpp.jrc.ec.europa.eu/ftp/jrc-opendata/GHSL/GHS_BUILT_S_GLOBE_R2023A/GHS_BUILT_S_E1990_GLOBE_R2023A_54009_100/V1-0/tiles/GHS_BUILT_S_E1990_GLOBE_R2023A_54009_100_V1_0_R10_C32.zip,2026-10-07T12:56:06+00:00,,
data/raw/ghsl_built_s_r2023a/2026-10-07_tiles/GHS_BUILT_S_E1990_GLOBE_R2023A_54009_100_V1_0_R10_C33.zip,ghsl_built_s_r2023a,2375906,81b7d6543ecf4da99e4e287bccd6eeb23c362b946f470538da5a0e5d61ea515b,ZIP (GeoTIFF),"GHSL tile R10_C33, ESRI:54009",1990,,verified: size = server Content-Length; zip CRC ok,,GET https://jeodpp.jrc.ec.europa.eu/ftp/jrc-opendata/GHSL/GHS_BUILT_S_GLOBE_R2023A/GHS_BUILT_S_E1990_GLOBE_R2023A_54009_100/V1-0/tiles/GHS_BUILT_S_E1990_GLOBE_R2023A_54009_100_V1_0_R10_C33.zip,2026-10-07T12:56:04+00:00,,
data/raw/ghsl_built_s_r2023a/2026-10-07_tiles/GHS_BUILT_S_E1990_GLOBE_R2023A_54009_100_V1_0_R11_C28.zip,ghsl_built_s_r2023a,1427304,8b4a55406e3a618134f8f8feb66c365e05dc0415d4f9b58c63c2ae7542a61d19,ZIP (GeoTIFF),"GHSL tile R11_C28, ESRI:54009",1990,,verified: size = server Content-Length; zip CRC ok,,GET https://jeodpp.jrc.ec.europa.eu/ftp/jrc-opendata/GHSL/GHS_BUILT_S_GLOBE_R2023A/GHS_BUILT_S_E1990_GLOBE_R2023A_54009_100/V1-0/tiles/GHS_BUILT_S_E1990_GLOBE_R2023A_54009_100_V1_0_R11_C28.zip,2026-10-07T12:56:00+00:00,,
data/raw/ghsl_built_s_r2023a/2026-10-07_tiles/GHS_BUILT_S_E1990_GLOBE_R2023A_54009_100_V1_0_R11_C29.zip,ghsl_built_s_r2023a,1428030,ae028878ca38adcc001fa688baf4b096695fee2eb6af089a5b41ef20a6edb4b0,ZIP (GeoTIFF),"GHSL tile R11_C29, ESRI:54009",1990,,verified: size = server Content-Length; zip CRC ok,,GET https://jeodpp.jrc.ec.europa.eu/ftp/jrc-opendata/GHSL/GHS_BUILT_S_GLOBE_R2023A/GHS_BUILT_S_E1990_GLOBE_R2023A_54009_100/V1-0/tiles/GHS_BUILT_S_E1990_GLOBE_R2023A_54009_100_V1_0_R11_C29.zip,2026-10-07T12:56:01+00:00,,
data/raw/ghsl_built_s_r2023a/2026-10-07_tiles/GHS_BUILT_S_E1990_GLOBE_R2023A_54009_100_V1_0_R11_C30.zip,ghsl_built_s_r2023a,2936052,fb01646b7b4ac184e8f86389dc54853f5d4ae15adb4f61dd291a593893281711,ZIP (GeoTIFF),"GHSL tile R11_C30, ESRI:54009",1990,,verified: size = server Content-Length; zip CRC ok,,GET https://jeodpp.jrc.ec.europa.eu/ftp/jrc-opendata/GHSL/GHS_BUILT_S_GLOBE_R2023A/GHS_BUILT_S_E1990_GLOBE_R2023A_54009_100/V1-0/tiles/GHS_BUILT_S_E1990_GLOBE_R2023A_54009_100_V1_0_R11_C30.zip,2026-10-07T12:56:02+00:00,,
data/raw/ghsl_built_s_r2023a/2026-10-07_tiles/GHS_BUILT_S_E1990_GLOBE_R2023A_54009_100_V1_0_R11_C31.zip,ghsl_built_s_r2023a,2424728,a6a84012b1b78383f43d16536edcd4214c7088155c418be845c0093080c56dcb,ZIP (GeoTIFF),"GHSL tile R11_C31, ESRI:54009",1990,,verified: size = server Content-Length; zip CRC ok,,GET https://jeodpp.jrc.ec.europa.eu/ftp/jrc-opendata/GHSL/GHS_BUILT_S_GLOBE_R2023A/GHS_BUILT_S_E1990_GLOBE_R2023A_54009_100/V1-0/tiles/GHS_BUILT_S_E1990_GLOBE_R2023A_54009_100_V1_0_R11_C31.zip,2026-10-07T12:56:03+00:00,,
data/raw/ghsl_built_s_r2023a/2026-10-07_tiles/GHS_BUILT_S_E1990_GLOBE_R2023A_54009_100_V1_0_R11_C32.zip,ghsl_built_s_r2023a,1522313,0fa38390861935bcb03b0a6b4c96110a71b62e6756a51badb944b3c17818ddf3,ZIP (GeoTIFF),"GHSL tile R11_C32, ESRI:54009",1990,,verified: size = server Content-Length; zip CRC ok,,GET https://jeodpp.jrc.ec.europa.eu/ftp/jrc-opendata/GHSL/GHS_BUILT_S_GLOBE_R2023A/GHS_BUILT_S_E1990_GLOBE_R2023A_54009_100/V1-0/tiles/GHS_BUILT_S_E1990_GLOBE_R2023A_54009_100_V1_0_R11_C32.zip,2026-10-07T12:56:03+00:00,,
data/raw/ghsl_built_s_r2023a/2026-10-07_tiles/GHS_BUILT_S_E1990_GLOBE_R2023A_54009_100_V1_0_R11_C33.zip,ghsl_built_s_r2023a,1728356,daf293cd4a8742835ee723736cc72cde22b27f47db53af7d5f5775c45dc577d2,ZIP (GeoTIFF),"GHSL tile R11_C33, ESRI:54009",1990,,verified: size = server Content-Length; zip CRC ok,,GET https://jeodpp.jrc.ec.europa.eu/ftp/jrc-opendata/GHSL/GHS_BUILT_S_GLOBE_R2023A/GHS_BUILT_S_E1990_GLOBE_R2023A_54009_100/V1-0/tiles/GHS_BUILT_S_E1990_GLOBE_R2023A_54009_100_V1_0_R11_C33.zip,2026-10-07T12:56:04+00:00,,
data/raw/ghsl_built_s_r2023a/2026-10-07_tiles/GHS_BUILT_S_E1995_GLOBE_R2023A_54009_100_V1_0_R9_C28.zip,ghsl_built_s_r2023a,3275911,a2b3562a5b691e111fb80c1bd2e9b744806127aee0c4304cff6c3a9f3b3382cd,ZIP (GeoTIFF),"GHSL tile R9_C28, ESRI:54009",1995,,verified: size = server Content-Length; zip CRC ok,,GET https://jeodpp.jrc.ec.europa.eu/ftp/jrc-opendata/GHSL/GHS_BUILT_S_GLOBE_R2023A/GHS_BUILT_S_E1995_GLOBE_R2023A_54009_100/V1-0/tiles/GHS_BUILT_S_E1995_GLOBE_R2023A_54009_100_V1_0_R9_C28.zip,2026-10-07T12:56:16+00:00,,
data/raw/ghsl_built_s_r2023a/2026-10-07_tiles/GHS_BUILT_S_E1995_GLOBE_R2023A_54009_100_V1_0_R9_C29.zip,ghsl_built_s_r2023a,5841951,8727be78e3b2c135acdf33eab0db99a9ab2b414d25afd305a2902718c09c2ffd,ZIP (GeoTIFF),"GHSL tile R9_C29, ESRI:54009",1995,,verified: size = server Content-Length; zip CRC ok,,GET https://jeodpp.jrc.ec.europa.eu/ftp/jrc-opendata/GHSL/GHS_BUILT_S_GLOBE_R2023A/GHS_BUILT_S_E1995_GLOBE_R2023A_54009_100/V1-0/tiles/GHS_BUILT_S_E1995_GLOBE_R2023A_54009_100_V1_0_R9_C29.zip,2026-10-07T12:56:16+00:00,,
data/raw/ghsl_built_s_r2023a/2026-10-07_tiles/GHS_BUILT_S_E1995_GLOBE_R2023A_54009_100_V1_0_R9_C30.zip,ghsl_built_s_r2023a,3108180,558b41671f64a26a3fea655d1e1cc001316ff37894e4e7aec38d5d1c9eccdab2,ZIP (GeoTIFF),"GHSL tile R9_C30, ESRI:54009",1995,,verified: size = server Content-Length; zip CRC ok,,GET https://jeodpp.jrc.ec.europa.eu/ftp/jrc-opendata/GHSL/GHS_BUILT_S_GLOBE_R2023A/GHS_BUILT_S_E1995_GLOBE_R2023A_54009_100/V1-0/tiles/GHS_BUILT_S_E1995_GLOBE_R2023A_54009_100_V1_0_R9_C30.zip,2026-10-07T12:56:16+00:00,,
data/raw/ghsl_built_s_r2023a/2026-10-07_tiles/GHS_BUILT_S_E1995_GLOBE_R2023A_54009_100_V1_0_R9_C31.zip,ghsl_built_s_r2023a,3189399,a9c8d8863066cf69138d8eb51fda7b7fc19d3a195034e4c6a75af894984ba45d,ZIP (GeoTIFF),"GHSL tile R9_C31, ESRI:54009",1995,,verified: size = server Content-Length; zip CRC ok,,GET https://jeodpp.jrc.ec.europa.eu/ftp/jrc-opendata/GHSL/GHS_BUILT_S_GLOBE_R2023A/GHS_BUILT_S_E1995_GLOBE_R2023A_54009_100/V1-0/tiles/GHS_BUILT_S_E1995_GLOBE_R2023A_54009_100_V1_0_R9_C31.zip,2026-10-07T12:56:16+00:00,,
data/raw/ghsl_built_s_r2023a/2026-10-07_tiles/GHS_BUILT_S_E1995_GLOBE_R2023A_54009_100_V1_0_R9_C32.zip,ghsl_built_s_r2023a,1469167,d5d7a5de26aba0fbf6b915831ed09a9472824ddecdf0c55c8762c6fe59665bf2,ZIP (GeoTIFF),"GHSL tile R9_C32, ESRI:54009",1995,,verified: size = server Content-Length; zip CRC ok,,GET https://jeodpp.jrc.ec.europa.eu/ftp/jrc-opendata/GHSL/GHS_BUILT_S_GLOBE_R2023A/GHS_BUILT_S_E1995_GLOBE_R2023A_54009_100/V1-0/tiles/GHS_BUILT_S_E1995_GLOBE_R2023A_54009_100_V1_0_R9_C32.zip,2026-10-07T12:56:17+00:00,,
data/raw/ghsl_built_s_r2023a/2026-10-07_tiles/GHS_BUILT_S_E1995_GLOBE_R2023A_54009_100_V1_0_R9_C33.zip,ghsl_built_s_r2023a,1435884,3b84babe62078c00ab7dab17fdde2650546cbc3c484556e2be36f831c835acc5,ZIP (GeoTIFF),"GHSL tile R9_C33, ESRI:54009",1995,,verified: size = server Content-Length; zip CRC ok,,GET https://jeodpp.jrc.ec.europa.eu/ftp/jrc-opendata/GHSL/GHS_BUILT_S_GLOBE_R2023A/GHS_BUILT_S_E1995_GLOBE_R2023A_54009_100/V1-0/tiles/GHS_BUILT_S_E1995_GLOBE_R2023A_54009_100_V1_0_R9_C33.zip,2026-10-07T12:56:17+00:00,,
data/raw/ghsl_built_s_r2023a/2026-10-07_tiles/GHS_BUILT_S_E1995_GLOBE_R2023A_54009_100_V1_0_R10_C28.zip,ghsl_built_s_r2023a,1444025,073a30deb44a14ca6c5e52ec0d49a5c6dd2a6261c6f452f6a51e938b3e358f1c,ZIP (GeoTIFF),"GHSL tile R10_C28, ESRI:54009",1995,,verified: size = server Content-Length; zip CRC ok,,GET https://jeodpp.jrc.ec.europa.eu/ftp/jrc-opendata/GHSL/GHS_BUILT_S_GLOBE_R2023A/GHS_BUILT_S_E1995_GLOBE_R2023A_54009_100/V1-0/tiles/GHS_BUILT_S_E1995_GLOBE_R2023A_54009_100_V1_0_R10_C28.zip,2026-10-07T12:56:22+00:00,,
data/raw/ghsl_built_s_r2023a/2026-10-07_tiles/GHS_BUILT_S_E1995_GLOBE_R2023A_54009_100_V1_0_R10_C29.zip,ghsl_built_s_r2023a,7830179,a04c27098aa75f0a92814a9ab23f205fefadaf297dbaf2d5eb40c2c32fbfa4ee,ZIP (GeoTIFF),"GHSL tile R10_C29, ESRI:54009",1995,,verified: size = server Content-Length; zip CRC ok,,GET https://jeodpp.jrc.ec.europa.eu/ftp/jrc-opendata/GHSL/GHS_BUILT_S_GLOBE_R2023A/GHS_BUILT_S_E1995_GLOBE_R2023A_54009_100/V1-0/tiles/GHS_BUILT_S_E1995_GLOBE_R2023A_54009_100_V1_0_R10_C29.zip,2026-10-07T12:56:21+00:00,,
data/raw/ghsl_built_s_r2023a/2026-10-07_tiles/GHS_BUILT_S_E1995_GLOBE_R2023A_54009_100_V1_0_R10_C30.zip,ghsl_built_s_r2023a,6905132,84c78194fcdbebbb9252fadec9d9b92c5a07741ab29fbe7144d739eee9f4d443,ZIP (GeoTIFF),"GHSL tile R10_C30, ESRI:54009",1995,,verified: size = server Content-Length; zip CRC ok,,GET https://jeodpp.jrc.ec.europa.eu/ftp/jrc-opendata/GHSL/GHS_BUILT_S_GLOBE_R2023A/GHS_BUILT_S_E1995_GLOBE_R2023A_54009_100/V1-0/tiles/GHS_BUILT_S_E1995_GLOBE_R2023A_54009_100_V1_0_R10_C30.zip,2026-10-07T12:56:21+00:00,,
data/raw/ghsl_built_s_r2023a/2026-10-07_tiles/GHS_BUILT_S_E1995_GLOBE_R2023A_54009_100_V1_0_R10_C31.zip,ghsl_built_s_r2023a,3271335,9f3faa8cd3a33e8dff1d59c5293bb1e87732e83d4ae7b300195ee4079273e1da,ZIP (GeoTIFF),"GHSL tile R10_C31, ESRI:54009",1995,,verified: size = server Content-Length; zip CRC ok,,GET https://jeodpp.jrc.ec.europa.eu/ftp/jrc-opendata/GHSL/GHS_BUILT_S_GLOBE_R2023A/GHS_BUILT_S_E1995_GLOBE_R2023A_54009_100/V1-0/tiles/GHS_BUILT_S_E1995_GLOBE_R2023A_54009_100_V1_0_R10_C31.zip,2026-10-07T12:56:20+00:00,,
data/raw/ghsl_built_s_r2023a/2026-10-07_tiles/GHS_BUILT_S_E1995_GLOBE_R2023A_54009_100_V1_0_R10_C32.zip,ghsl_built_s_r2023a,1936537,4641c55e7b26f6af390de7a36d91bb0094b2034af3198b0ff7a65a753d6446af,ZIP (GeoTIFF),"GHSL tile R10_C32, ESRI:54009",1995,,verified: size = server Content-Length; zip CRC ok,,GET https://jeodpp.jrc.ec.europa.eu/ftp/jrc-opendata/GHSL/GHS_BUILT_S_GLOBE_R2023A/GHS_BUILT_S_E1995_GLOBE_R2023A_54009_100/V1-0/tiles/GHS_BUILT_S_E1995_GLOBE_R2023A_54009_100_V1_0_R10_C32.zip,2026-10-07T12:56:19+00:00,,
data/raw/ghsl_built_s_r2023a/2026-10-07_tiles/GHS_BUILT_S_E1995_GLOBE_R2023A_54009_100_V1_0_R10_C33.zip,ghsl_built_s_r2023a,2399742,8cf8e4ecdc4586de1b9bde23ee550dd2159b0db5590d848b798e7d3cb4e95847,ZIP (GeoTIFF),"GHSL tile R10_C33, ESRI:54009",1995,,verified: size = server Content-Length; zip CRC ok,,GET https://jeodpp.jrc.ec.europa.eu/ftp/jrc-opendata/GHSL/GHS_BUILT_S_GLOBE_R2023A/GHS_BUILT_S_E1995_GLOBE_R2023A_54009_100/V1-0/tiles/GHS_BUILT_S_E1995_GLOBE_R2023A_54009_100_V1_0_R10_C33.zip,2026-10-07T12:56:18+00:00,,
data/raw/ghsl_built_s_r2023a/2026-10-07_tiles/GHS_BUILT_S_E1995_GLOBE_R2023A_54009_100_V1_0_R11_C28.zip,ghsl_built_s_r2023a,1427303,36ec9c3c63a5035430853ced32f4413fd2cf22c67078121b9369ea11dbf69c56,ZIP (GeoTIFF),"GHSL tile R11_C28, ESRI:54009",1995,,verified: size = server Content-Length; zip CRC ok,,GET https://jeodpp.jrc.ec.europa.eu/ftp/jrc-opendata/GHSL/GHS_BUILT_S_GLOBE_R2023A/GHS_BUILT_S_E1995_GLOBE_R2023A_54009_100/V1-0/tiles/GHS_BUILT_S_E1995_GLOBE_R2023A_54009_100_V1_0_R11_C28.zip,2026-10-07T12:56:22+00:00,,
data/raw/ghsl_built_s_r2023a/2026-10-07_tiles/GHS_BUILT_S_E1995_GLOBE_R2023A_54009_100_V1_0_R11_C29.zip,ghsl_built_s_r2023a,1428032,3ff2fb1869f33acc9463643ad35cbe46168fd6b56b3493c00e632f2bb23750da,ZIP (GeoTIFF),"GHSL tile R11_C29, ESRI:54009",1995,,verified: size = server Content-Length; zip CRC ok,,GET https://jeodpp.jrc.ec.europa.eu/ftp/jrc-opendata/GHSL/GHS_BUILT_S_GLOBE_R2023A/GHS_BUILT_S_E1995_GLOBE_R2023A_54009_100/V1-0/tiles/GHS_BUILT_S_E1995_GLOBE_R2023A_54009_100_V1_0_R11_C29.zip,2026-10-07T12:56:21+00:00,,
data/raw/ghsl_built_s_r2023a/2026-10-07_tiles/GHS_BUILT_S_E1995_GLOBE_R2023A_54009_100_V1_0_R11_C30.zip,ghsl_built_s_r2023a,2998511,1c7fe279eab5d901a51c423747ac514f5ea76b5d91079701314c82e17361ae82,ZIP (GeoTIFF),"GHSL tile R11_C30, ESRI:54009",1995,,verified: size = server Content-Length; zip CRC ok,,GET https://jeodpp.jrc.ec.europa.eu/ftp/jrc-opendata/GHSL/GHS_BUILT_S_GLOBE_R2023A/GHS_BUILT_S_E1995_GLOBE_R2023A_54009_100/V1-0/tiles/GHS_BUILT_S_E1995_GLOBE_R2023A_54009_100_V1_0_R11_C30.zip,2026-10-07T12:56:20+00:00,,
data/raw/ghsl_built_s_r2023a/2026-10-07_tiles/GHS_BUILT_S_E1995_GLOBE_R2023A_54009_100_V1_0_R11_C31.zip,ghsl_built_s_r2023a,2459172,4e438578af1cbb76b54f1f26e65c33cafd3b8f46b409ed3caf1407ce649ceb55,ZIP (GeoTIFF),"GHSL tile R11_C31, ESRI:54009",1995,,verified: size = server Content-Length; zip CRC ok,,GET https://jeodpp.jrc.ec.europa.eu/ftp/jrc-opendata/GHSL/GHS_BUILT_S_GLOBE_R2023A/GHS_BUILT_S_E1995_GLOBE_R2023A_54009_100/V1-0/tiles/GHS_BUILT_S_E1995_GLOBE_R2023A_54009_100_V1_0_R11_C31.zip,2026-10-07T12:56:20+00:00,,
data/raw/ghsl_built_s_r2023a/2026-10-07_tiles/GHS_BUILT_S_E1995_GLOBE_R2023A_54009_100_V1_0_R11_C32.zip,ghsl_built_s_r2023a,1524749,5874ae03733718f9248a85bc13c254f5e01b098fefd21840905a5d19ec170f73,ZIP (GeoTIFF),"GHSL tile R11_C32, ESRI:54009",1995,,verified: size = server Content-Length; zip CRC ok,,GET https://jeodpp.jrc.ec.europa.eu/ftp/jrc-opendata/GHSL/GHS_BUILT_S_GLOBE_R2023A/GHS_BUILT_S_E1995_GLOBE_R2023A_54009_100/V1-0/tiles/GHS_BUILT_S_E1995_GLOBE_R2023A_54009_100_V1_0_R11_C32.zip,2026-10-07T12:56:19+00:00,,
data/raw/ghsl_built_s_r2023a/2026-10-07_tiles/GHS_BUILT_S_E1995_GLOBE_R2023A_54009_100_V1_0_R11_C33.zip,ghsl_built_s_r2023a,1734078,b40fb5fb4dc3ecd3f79d3606296732c1ea477922d935cce378b43591c37ef8da,ZIP (GeoTIFF),"GHSL tile R11_C33, ESRI:54009",1995,,verified: size = server Content-Length; zip CRC ok,,GET https://jeodpp.jrc.ec.europa.eu/ftp/jrc-opendata/GHSL/GHS_BUILT_S_GLOBE_R2023A/GHS_BUILT_S_E1995_GLOBE_R2023A_54009_100/V1-0/tiles/GHS_BUILT_S_E1995_GLOBE_R2023A_54009_100_V1_0_R11_C33.zip,2026-10-07T12:56:18+00:00,,
data/raw/ghsl_built_s_r2023a/2026-10-07_tiles/GHS_BUILT_S_E2000_GLOBE_R2023A_54009_100_V1_0_R9_C28.zip,ghsl_built_s_r2023a,3345130,4e98c9d3124ba11ff29eaf25eae388bb6db8f7026a5bb324f4fb9885c57d21a4,ZIP (GeoTIFF),"GHSL tile R9_C28, ESRI:54009",2000,,verified: size = server Content-Length; zip CRC ok,,GET https://jeodpp.jrc.ec.europa.eu/ftp/jrc-opendata/GHSL/GHS_BUILT_S_GLOBE_R2023A/GHS_BUILT_S_E2000_GLOBE_R2023A_54009_100/V1-0/tiles/GHS_BUILT_S_E2000_GLOBE_R2023A_54009_100_V1_0_R9_C28.zip,2026-10-07T12:56:26+00:00,,
data/raw/ghsl_built_s_r2023a/2026-10-07_tiles/GHS_BUILT_S_E2000_GLOBE_R2023A_54009_100_V1_0_R9_C29.zip,ghsl_built_s_r2023a,6155540,15435b42a0884c7d0d2a11926355f70e1e29559ec4c241f016fa3f4824b40490,ZIP (GeoTIFF),"GHSL tile R9_C29, ESRI:54009",2000,,verified: size = server Content-Length; zip CRC ok,,GET https://jeodpp.jrc.ec.europa.eu/ftp/jrc-opendata/GHSL/GHS_BUILT_S_GLOBE_R2023A/GHS_BUILT_S_E2000_GLOBE_R2023A_54009_100/V1-0/tiles/GHS_BUILT_S_E2000_GLOBE_R2023A_54009_100_V1_0_R9_C29.zip,2026-10-07T12:56:26+00:00,,
data/raw/ghsl_built_s_r2023a/2026-10-07_tiles/GHS_BUILT_S_E2000_GLOBE_R2023A_54009_100_V1_0_R9_C30.zip,ghsl_built_s_r2023a,3191028,177deb4466115fe2e6da93372e0f2bae4d59647a4f9c663e0bec96edd3db44a7,ZIP (GeoTIFF),"GHSL tile R9_C30, ESRI:54009",2000,,verified: size = server Content-Length; zip CRC ok,,GET https://jeodpp.jrc.ec.europa.eu/ftp/jrc-opendata/GHSL/GHS_BUILT_S_GLOBE_R2023A/GHS_BUILT_S_E2000_GLOBE_R2023A_54009_100/V1-0/tiles/GHS_BUILT_S_E2000_GLOBE_R2023A_54009_100_V1_0_R9_C30.zip,2026-10-07T12:56:26+00:00,,
data/raw/ghsl_built_s_r2023a/2026-10-07_tiles/GHS_BUILT_S_E2000_GLOBE_R2023A_54009_100_V1_0_R9_C31.zip,ghsl_built_s_r2023a,3245745,aaa585b86ca22047b2abb8c67b21bb7656a5c0d9032968d2395a1d7d6b3ab9d6,ZIP (GeoTIFF),"GHSL tile R9_C31, ESRI:54009",2000,,verified: size = server Content-Length; zip CRC ok,,GET https://jeodpp.jrc.ec.europa.eu/ftp/jrc-opendata/GHSL/GHS_BUILT_S_GLOBE_R2023A/GHS_BUILT_S_E2000_GLOBE_R2023A_54009_100/V1-0/tiles/GHS_BUILT_S_E2000_GLOBE_R2023A_54009_100_V1_0_R9_C31.zip,2026-10-07T12:56:27+00:00,,
data/raw/ghsl_built_s_r2023a/2026-10-07_tiles/GHS_BUILT_S_E2000_GLOBE_R2023A_54009_100_V1_0_R9_C32.zip,ghsl_built_s_r2023a,1469724,27dd8aaf64e94a469d927fc6e3311efec06a50bca04c1cd94b81133a1bb5a4a5,ZIP (GeoTIFF),"GHSL tile R9_C32, ESRI:54009",2000,,verified: size = server Content-Length; zip CRC ok,,GET https://jeodpp.jrc.ec.europa.eu/ftp/jrc-opendata/GHSL/GHS_BUILT_S_GLOBE_R2023A/GHS_BUILT_S_E2000_GLOBE_R2023A_54009_100/V1-0/tiles/GHS_BUILT_S_E2000_GLOBE_R2023A_54009_100_V1_0_R9_C32.zip,2026-10-07T12:56:27+00:00,,
data/raw/ghsl_built_s_r2023a/2026-10-07_tiles/GHS_BUILT_S_E2000_GLOBE_R2023A_54009_100_V1_0_R9_C33.zip,ghsl_built_s_r2023a,1435596,4abf7f80df9a327f865e2cb8ca1deffa2662e1c5f61294df5d863ecad89b1ad2,ZIP (GeoTIFF),"GHSL tile R9_C33, ESRI:54009",2000,,verified: size = server Content-Length; zip CRC ok,,GET https://jeodpp.jrc.ec.europa.eu/ftp/jrc-opendata/GHSL/GHS_BUILT_S_GLOBE_R2023A/GHS_BUILT_S_E2000_GLOBE_R2023A_54009_100/V1-0/tiles/GHS_BUILT_S_E2000_GLOBE_R2023A_54009_100_V1_0_R9_C33.zip,2026-10-07T12:56:27+00:00,,
data/raw/ghsl_built_s_r2023a/2026-10-07_tiles/GHS_BUILT_S_E2000_GLOBE_R2023A_54009_100_V1_0_R10_C28.zip,ghsl_built_s_r2023a,1443934,8a7a4b5d66871077ff4a8aaeab9143f902170747061c8e7da8b6cb2d6e3a0f26,ZIP (GeoTIFF),"GHSL tile R10_C28, ESRI:54009",2000,,verified: size = server Content-Length; zip CRC ok,,GET https://jeodpp.jrc.ec.europa.eu/ftp/jrc-opendata/GHSL/GHS_BUILT_S_GLOBE_R2023A/GHS_BUILT_S_E2000_GLOBE_R2023A_54009_100/V1-0/tiles/GHS_BUILT_S_E2000_GLOBE_R2023A_54009_100_V1_0_R10_C28.zip,2026-10-07T12:56:33+00:00,,
data/raw/ghsl_built_s_r2023a/2026-10-07_tiles/GHS_BUILT_S_E2000_GLOBE_R2023A_54009_100_V1_0_R10_C29.zip,ghsl_built_s_r2023a,8174390,7af6d94846154798a144a8573469276c92fc4b7bc34e65001a3d7464a32d113a,ZIP (GeoTIFF),"GHSL tile R10_C29, ESRI:54009",2000,,verified: size = server Content-Length; zip CRC ok,,GET https://jeodpp.jrc.ec.europa.eu/ftp/jrc-opendata/GHSL/GHS_BUILT_S_GLOBE_R2023A/GHS_BUILT_S_E2000_GLOBE_R2023A_54009_100/V1-0/tiles/GHS_BUILT_S_E2000_GLOBE_R2023A_54009_100_V1_0_R10_C29.zip,2026-10-07T12:56:31+00:00,,
data/raw/ghsl_built_s_r2023a/2026-10-07_tiles/GHS_BUILT_S_E2000_GLOBE_R2023A_54009_100_V1_0_R10_C30.zip,ghsl_built_s_r2023a,7137435,9bcd70b66f042df01ee58296f1cb820254fe626f7ffd74910f74223b5f02f2bf,ZIP (GeoTIFF),"GHSL tile R10_C30, ESRI:54009",2000,,verified: size = server Content-Length; zip CRC ok,,GET https://jeodpp.jrc.ec.europa.eu/ftp/jrc-opendata/GHSL/GHS_BUILT_S_GLOBE_R2023A/GHS_BUILT_S_E2000_GLOBE_R2023A_54009_100/V1-0/tiles/GHS_BUILT_S_E2000_GLOBE_R2023A_54009_100_V1_0_R10_C30.zip,2026-10-07T12:56:30+00:00,,
data/raw/ghsl_built_s_r2023a/2026-10-07_tiles/GHS_BUILT_S_E2000_GLOBE_R2023A_54009_100_V1_0_R10_C31.zip,ghsl_built_s_r2023a,3326510,ccfb4119f2450ddd86a2db3d1ba639f6164b11114571b70f3abb39f9b1271020,ZIP (GeoTIFF),"GHSL tile R10_C31, ESRI:54009",2000,,verified: size = server Content-Length; zip CRC ok,,GET https://jeodpp.jrc.ec.europa.eu/ftp/jrc-opendata/GHSL/GHS_BUILT_S_GLOBE_R2023A/GHS_BUILT_S_E2000_GLOBE_R2023A_54009_100/V1-0/tiles/GHS_BUILT_S_E2000_GLOBE_R2023A_54009_100_V1_0_R10_C31.zip,2026-10-07T12:56:30+00:00,,
data/raw/ghsl_built_s_r2023a/2026-10-07_tiles/GHS_BUILT_S_E2000_GLOBE_R2023A_54009_100_V1_0_R10_C32.zip,ghsl_built_s_r2023a,1954448,be150bfacc2f047769847aed26e2dbe55ae3fa731bc19f3d326b5ff3d7226a1f,ZIP (GeoTIFF),"GHSL tile R10_C32, ESRI:54009",2000,,verified: size = server Content-Length; zip CRC ok,,GET https://jeodpp.jrc.ec.europa.eu/ftp/jrc-opendata/GHSL/GHS_BUILT_S_GLOBE_R2023A/GHS_BUILT_S_E2000_GLOBE_R2023A_54009_100/V1-0/tiles/GHS_BUILT_S_E2000_GLOBE_R2023A_54009_100_V1_0_R10_C32.zip,2026-10-07T12:56:28+00:00,,
data/raw/ghsl_built_s_r2023a/2026-10-07_tiles/GHS_BUILT_S_E2000_GLOBE_R2023A_54009_100_V1_0_R10_C33.zip,ghsl_built_s_r2023a,2422742,6996783e712b505047b9a3f70f1d5407b9274fe164206773e3b01e99007bde66,ZIP (GeoTIFF),"GHSL tile R10_C33, ESRI:54009",2000,,verified: size = server Content-Length; zip CRC ok,,GET https://jeodpp.jrc.ec.europa.eu/ftp/jrc-opendata/GHSL/GHS_BUILT_S_GLOBE_R2023A/GHS_BUILT_S_E2000_GLOBE_R2023A_54009_100/V1-0/tiles/GHS_BUILT_S_E2000_GLOBE_R2023A_54009_100_V1_0_R10_C33.zip,2026-10-07T12:56:28+00:00,,
data/raw/ghsl_built_s_r2023a/2026-10-07_tiles/GHS_BUILT_S_E2000_GLOBE_R2023A_54009_100_V1_0_R11_C28.zip,ghsl_built_s_r2023a,1427537,d832bd1dc894327d50f2dccb8791cf9d98b8e2ebf5f67c4cadc40df09ce12544,ZIP (GeoTIFF),"GHSL tile R11_C28, ESRI:54009",2000,,verified: size = server Content-Length; zip CRC ok,,GET https://jeodpp.jrc.ec.europa.eu/ftp/jrc-opendata/GHSL/GHS_BUILT_S_GLOBE_R2023A/GHS_BUILT_S_E2000_GLOBE_R2023A_54009_100/V1-0/tiles/GHS_BUILT_S_E2000_GLOBE_R2023A_54009_100_V1_0_R11_C28.zip,2026-10-07T12:56:32+00:00,,
data/raw/ghsl_built_s_r2023a/2026-10-07_tiles/GHS_BUILT_S_E2000_GLOBE_R2023A_54009_100_V1_0_R11_C29.zip,ghsl_built_s_r2023a,1428450,816d3d57eaf134acfde7e32757f6da5f50d881b3f1d3ee6e07d36e7177a2f873,ZIP (GeoTIFF),"GHSL tile R11_C29, ESRI:54009",2000,,verified: size = server Content-Length; zip CRC ok,,GET https://jeodpp.jrc.ec.europa.eu/ftp/jrc-opendata/GHSL/GHS_BUILT_S_GLOBE_R2023A/GHS_BUILT_S_E2000_GLOBE_R2023A_54009_100/V1-0/tiles/GHS_BUILT_S_E2000_GLOBE_R2023A_54009_100_V1_0_R11_C29.zip,2026-10-07T12:56:31+00:00,,
data/raw/ghsl_built_s_r2023a/2026-10-07_tiles/GHS_BUILT_S_E2000_GLOBE_R2023A_54009_100_V1_0_R11_C30.zip,ghsl_built_s_r2023a,3056617,5979e8cd7331216ad1338f5d440c5f809c183d2b563b60394bc084d3e762aba0,ZIP (GeoTIFF),"GHSL tile R11_C30, ESRI:54009",2000,,verified: size = server Content-Length; zip CRC ok,,GET https://jeodpp.jrc.ec.europa.eu/ftp/jrc-opendata/GHSL/GHS_BUILT_S_GLOBE_R2023A/GHS_BUILT_S_E2000_GLOBE_R2023A_54009_100/V1-0/tiles/GHS_BUILT_S_E2000_GLOBE_R2023A_54009_100_V1_0_R11_C30.zip,2026-10-07T12:56:30+00:00,,
data/raw/ghsl_built_s_r2023a/2026-10-07_tiles/GHS_BUILT_S_E2000_GLOBE_R2023A_54009_100_V1_0_R11_C31.zip,ghsl_built_s_r2023a,2492111,884d96e0123da629f46af4d4ef8b531e689acff38ee6890b8e146b379eb98801,ZIP (GeoTIFF),"GHSL tile R11_C31, ESRI:54009",2000,,verified: size = server Content-Length; zip CRC ok,,GET https://jeodpp.jrc.ec.europa.eu/ftp/jrc-opendata/GHSL/GHS_BUILT_S_GLOBE_R2023A/GHS_BUILT_S_E2000_GLOBE_R2023A_54009_100/V1-0/tiles/GHS_BUILT_S_E2000_GLOBE_R2023A_54009_100_V1_0_R11_C31.zip,2026-10-07T12:56:29+00:00,,
data/raw/ghsl_built_s_r2023a/2026-10-07_tiles/GHS_BUILT_S_E2000_GLOBE_R2023A_54009_100_V1_0_R11_C32.zip,ghsl_built_s_r2023a,1526064,9ba3e2ac5cab1023251ecccd7a881b9d6af60c85cd3d51313e5aa6aae3724f9d,ZIP (GeoTIFF),"GHSL tile R11_C32, ESRI:54009",2000,,verified: size = server Content-Length; zip CRC ok,,GET https://jeodpp.jrc.ec.europa.eu/ftp/jrc-opendata/GHSL/GHS_BUILT_S_GLOBE_R2023A/GHS_BUILT_S_E2000_GLOBE_R2023A_54009_100/V1-0/tiles/GHS_BUILT_S_E2000_GLOBE_R2023A_54009_100_V1_0_R11_C32.zip,2026-10-07T12:56:29+00:00,,
data/raw/ghsl_built_s_r2023a/2026-10-07_tiles/GHS_BUILT_S_E2000_GLOBE_R2023A_54009_100_V1_0_R11_C33.zip,ghsl_built_s_r2023a,1737438,9c630a6cfd364fb05e6e2039d6a87a74cfad8e0de4553fb0e907252442b19d39,ZIP (GeoTIFF),"GHSL tile R11_C33, ESRI:54009",2000,,verified: size = server Content-Length; zip CRC ok,,GET https://jeodpp.jrc.ec.europa.eu/ftp/jrc-opendata/GHSL/GHS_BUILT_S_GLOBE_R2023A/GHS_BUILT_S_E2000_GLOBE_R2023A_54009_100/V1-0/tiles/GHS_BUILT_S_E2000_GLOBE_R2023A_54009_100_V1_0_R11_C33.zip,2026-10-07T12:56:28+00:00,,
data/raw/ghsl_built_s_r2023a/2026-10-07_tiles/GHS_BUILT_S_E2005_GLOBE_R2023A_54009_100_V1_0_R9_C28.zip,ghsl_built_s_r2023a,3418735,51a4f81ee22876891efeefe1ef51cf00a29681392eda66510bf966255bd7b432,ZIP (GeoTIFF),"GHSL tile R9_C28, ESRI:54009",2005,,verified: size = server Content-Length; zip CRC ok,,GET https://jeodpp.jrc.ec.europa.eu/ftp/jrc-opendata/GHSL/GHS_BUILT_S_GLOBE_R2023A/GHS_BUILT_S_E2005_GLOBE_R2023A_54009_100/V1-0/tiles/GHS_BUILT_S_E2005_GLOBE_R2023A_54009_100_V1_0_R9_C28.zip,2026-10-07T12:56:38+00:00,,
data/raw/ghsl_built_s_r2023a/2026-10-07_tiles/GHS_BUILT_S_E2005_GLOBE_R2023A_54009_100_V1_0_R9_C29.zip,ghsl_built_s_r2023a,6398851,a1c407a25f569b343e6c5fe7e0b8486dc0391a34afeec73cc0a4a7100075d107,ZIP (GeoTIFF),"GHSL tile R9_C29, ESRI:54009",2005,,verified: size = server Content-Length; zip CRC ok,,GET https://jeodpp.jrc.ec.europa.eu/ftp/jrc-opendata/GHSL/GHS_BUILT_S_GLOBE_R2023A/GHS_BUILT_S_E2005_GLOBE_R2023A_54009_100/V1-0/tiles/GHS_BUILT_S_E2005_GLOBE_R2023A_54009_100_V1_0_R9_C29.zip,2026-10-07T12:56:38+00:00,,
data/raw/ghsl_built_s_r2023a/2026-10-07_tiles/GHS_BUILT_S_E2005_GLOBE_R2023A_54009_100_V1_0_R9_C30.zip,ghsl_built_s_r2023a,3263132,f1e7e90d47f97f43d381b191a7c80d63420581e961463c1c4604e8419f526493,ZIP (GeoTIFF),"GHSL tile R9_C30, ESRI:54009",2005,,verified: size = server Content-Length; zip CRC ok,,GET https://jeodpp.jrc.ec.europa.eu/ftp/jrc-opendata/GHSL/GHS_BUILT_S_GLOBE_R2023A/GHS_BUILT_S_E2005_GLOBE_R2023A_54009_100/V1-0/tiles/GHS_BUILT_S_E2005_GLOBE_R2023A_54009_100_V1_0_R9_C30.zip,2026-10-07T12:56:39+00:00,,
data/raw/ghsl_built_s_r2023a/2026-10-07_tiles/GHS_BUILT_S_E2005_GLOBE_R2023A_54009_100_V1_0_R9_C31.zip,ghsl_built_s_r2023a,3344775,bfa47d9f7041f1057555cd85948744742f825d5234329b0f3b0d43adf6ec6e10,ZIP (GeoTIFF),"GHSL tile R9_C31, ESRI:54009",2005,,verified: size = server Content-Length; zip CRC ok,,GET https://jeodpp.jrc.ec.europa.eu/ftp/jrc-opendata/GHSL/GHS_BUILT_S_GLOBE_R2023A/GHS_BUILT_S_E2005_GLOBE_R2023A_54009_100/V1-0/tiles/GHS_BUILT_S_E2005_GLOBE_R2023A_54009_100_V1_0_R9_C31.zip,2026-10-07T12:56:39+00:00,,
data/raw/ghsl_built_s_r2023a/2026-10-07_tiles/GHS_BUILT_S_E2005_GLOBE_R2023A_54009_100_V1_0_R9_C32.zip,ghsl_built_s_r2023a,1469716,fb87708ffa153496b188de094dead215fd5e2b0077e1211bee4def3cbbe5630a,ZIP (GeoTIFF),"GHSL tile R9_C32, ESRI:54009",2005,,verified: size = server Content-Length; zip CRC ok,,GET https://jeodpp.jrc.ec.europa.eu/ftp/jrc-opendata/GHSL/GHS_BUILT_S_GLOBE_R2023A/GHS_BUILT_S_E2005_GLOBE_R2023A_54009_100/V1-0/tiles/GHS_BUILT_S_E2005_GLOBE_R2023A_54009_100_V1_0_R9_C32.zip,2026-10-07T12:56:39+00:00,,
data/raw/ghsl_built_s_r2023a/2026-10-07_tiles/GHS_BUILT_S_E2005_GLOBE_R2023A_54009_100_V1_0_R9_C33.zip,ghsl_built_s_r2023a,1435817,ac500051bf5c8d7748d2a1794ae25f2df5faa27d3dc78016eb677dead4b43fd4,ZIP (GeoTIFF),"GHSL tile R9_C33, ESRI:54009",2005,,verified: size = server Content-Length; zip CRC ok,,GET https://jeodpp.jrc.ec.europa.eu/ftp/jrc-opendata/GHSL/GHS_BUILT_S_GLOBE_R2023A/GHS_BUILT_S_E2005_GLOBE_R2023A_54009_100/V1-0/tiles/GHS_BUILT_S_E2005_GLOBE_R2023A_54009_100_V1_0_R9_C33.zip,2026-10-07T12:56:40+00:00,,
data/raw/ghsl_built_s_r2023a/2026-10-07_tiles/GHS_BUILT_S_E2005_GLOBE_R2023A_54009_100_V1_0_R10_C28.zip,ghsl_built_s_r2023a,1444307,219b62773fd6a2cf93a2bb35017fa0901f0839a185a5b2d44d0cdd648b995c4e,ZIP (GeoTIFF),"GHSL tile R10_C28, ESRI:54009",2005,,verified: size = server Content-Length; zip CRC ok,,GET https://jeodpp.jrc.ec.europa.eu/ftp/jrc-opendata/GHSL/GHS_BUILT_S_GLOBE_R2023A/GHS_BUILT_S_E2005_GLOBE_R2023A_54009_100/V1-0/tiles/GHS_BUILT_S_E2005_GLOBE_R2023A_54009_100_V1_0_R10_C28.zip,2026-10-07T12:56:45+00:00,,
data/raw/ghsl_built_s_r2023a/2026-10-07_tiles/GHS_BUILT_S_E2005_GLOBE_R2023A_54009_100_V1_0_R10_C29.zip,ghsl_built_s_r2023a,8548265,9d69feeb3680cf09edff32668ab962163d4d0a2e7fcb361abe6311ee20b61be6,ZIP (GeoTIFF),"GHSL tile R10_C29, ESRI:54009",2005,,verified: size = server Content-Length; zip CRC ok,,GET https://jeodpp.jrc.ec.europa.eu/ftp/jrc-opendata/GHSL/GHS_BUILT_S_GLOBE_R2023A/GHS_BUILT_S_E2005_GLOBE_R2023A_54009_100/V1-0/tiles/GHS_BUILT_S_E2005_GLOBE_R2023A_54009_100_V1_0_R10_C29.zip,2026-10-07T12:56:46+00:00,,
data/raw/ghsl_built_s_r2023a/2026-10-07_tiles/GHS_BUILT_S_E2005_GLOBE_R2023A_54009_100_V1_0_R10_C30.zip,ghsl_built_s_r2023a,7449456,53c6d9b190e4106f65cc5a71e4500c7ef517853dd11592a6d0a79bcb8794e486,ZIP (GeoTIFF),"GHSL tile R10_C30, ESRI:54009",2005,,verified: size = server Content-Length; zip CRC ok,,GET https://jeodpp.jrc.ec.europa.eu/ftp/jrc-opendata/GHSL/GHS_BUILT_S_GLOBE_R2023A/GHS_BUILT_S_E2005_GLOBE_R2023A_54009_100/V1-0/tiles/GHS_BUILT_S_E2005_GLOBE_R2023A_54009_100_V1_0_R10_C30.zip,2026-10-07T12:56:44+00:00,,
data/raw/ghsl_built_s_r2023a/2026-10-07_tiles/GHS_BUILT_S_E2005_GLOBE_R2023A_54009_100_V1_0_R10_C31.zip,ghsl_built_s_r2023a,3398776,b377736a83da6bbf9470cb50dd0dc3bed4bc68c6ed14dad2ccc4a13aba23f857,ZIP (GeoTIFF),"GHSL tile R10_C31, ESRI:54009",2005,,verified: size = server Content-Length; zip CRC ok,,GET https://jeodpp.jrc.ec.europa.eu/ftp/jrc-opendata/GHSL/GHS_BUILT_S_GLOBE_R2023A/GHS_BUILT_S_E2005_GLOBE_R2023A_54009_100/V1-0/tiles/GHS_BUILT_S_E2005_GLOBE_R2023A_54009_100_V1_0_R10_C31.zip,2026-10-07T12:56:42+00:00,,
data/raw/ghsl_built_s_r2023a/2026-10-07_tiles/GHS_BUILT_S_E2005_GLOBE_R2023A_54009_100_V1_0_R10_C32.zip,ghsl_built_s_r2023a,1971808,36e2ce13a49afd43e0fc96a39a9d3a1f94b87b3703a115a7b08a6b93e45dc4f3,ZIP (GeoTIFF),"GHSL tile R10_C32, ESRI:54009",2005,,verified: size = server Content-Length; zip CRC ok,,GET https://jeodpp.jrc.ec.europa.eu/ftp/jrc-opendata/GHSL/GHS_BUILT_S_GLOBE_R2023A/GHS_BUILT_S_E2005_GLOBE_R2023A_54009_100/V1-0/tiles/GHS_BUILT_S_E2005_GLOBE_R2023A_54009_100_V1_0_R10_C32.zip,2026-10-07T12:56:42+00:00,,
data/raw/ghsl_built_s_r2023a/2026-10-07_tiles/GHS_BUILT_S_E2005_GLOBE_R2023A_54009_100_V1_0_R10_C33.zip,ghsl_built_s_r2023a,2465426,b6bf3ac19ec3c0a7e341a122843fbe5ce05b4e3083e43260ba768b3485d57986,ZIP (GeoTIFF),"GHSL tile R10_C33, ESRI:54009",2005,,verified: size = server Content-Length; zip CRC ok,,GET https://jeodpp.jrc.ec.europa.eu/ftp/jrc-opendata/GHSL/GHS_BUILT_S_GLOBE_R2023A/GHS_BUILT_S_E2005_GLOBE_R2023A_54009_100/V1-0/tiles/GHS_BUILT_S_E2005_GLOBE_R2023A_54009_100_V1_0_R10_C33.zip,2026-10-07T12:56:40+00:00,,
data/raw/ghsl_built_s_r2023a/2026-10-07_tiles/GHS_BUILT_S_E2005_GLOBE_R2023A_54009_100_V1_0_R11_C28.zip,ghsl_built_s_r2023a,1427543,c7ae3f203458c9384afcd6827a8e206746ab753788b30f5e0141c17cf81e7d26,ZIP (GeoTIFF),"GHSL tile R11_C28, ESRI:54009",2005,,verified: size = server Content-Length; zip CRC ok,,GET https://jeodpp.jrc.ec.europa.eu/ftp/jrc-opendata/GHSL/GHS_BUILT_S_GLOBE_R2023A/GHS_BUILT_S_E2005_GLOBE_R2023A_54009_100/V1-0/tiles/GHS_BUILT_S_E2005_GLOBE_R2023A_54009_100_V1_0_R11_C28.zip,2026-10-07T12:56:44+00:00,,
data/raw/ghsl_built_s_r2023a/2026-10-07_tiles/GHS_BUILT_S_E2005_GLOBE_R2023A_54009_100_V1_0_R11_C29.zip,ghsl_built_s_r2023a,1428456,a23acfc66d9e707133e35df6dddf54495b19b3c18b30908ffea1ae3d235247a3,ZIP (GeoTIFF),"GHSL tile R11_C29, ESRI:54009",2005,,verified: size = server Content-Length; zip CRC ok,,GET https://jeodpp.jrc.ec.europa.eu/ftp/jrc-opendata/GHSL/GHS_BUILT_S_GLOBE_R2023A/GHS_BUILT_S_E2005_GLOBE_R2023A_54009_100/V1-0/tiles/GHS_BUILT_S_E2005_GLOBE_R2023A_54009_100_V1_0_R11_C29.zip,2026-10-07T12:56:46+00:00,,
data/raw/ghsl_built_s_r2023a/2026-10-07_tiles/GHS_BUILT_S_E2005_GLOBE_R2023A_54009_100_V1_0_R11_C30.zip,ghsl_built_s_r2023a,3147555,d48b19f3b5649dd80617b78cee12e6d02227ff8c9425cc937836dbed1b5f6a7c,ZIP (GeoTIFF),"GHSL tile R11_C30, ESRI:54009",2005,,verified: size = server Content-Length; zip CRC ok,,GET https://jeodpp.jrc.ec.europa.eu/ftp/jrc-opendata/GHSL/GHS_BUILT_S_GLOBE_R2023A/GHS_BUILT_S_E2005_GLOBE_R2023A_54009_100/V1-0/tiles/GHS_BUILT_S_E2005_GLOBE_R2023A_54009_100_V1_0_R11_C30.zip,2026-10-07T12:56:43+00:00,,
data/raw/ghsl_built_s_r2023a/2026-10-07_tiles/GHS_BUILT_S_E2005_GLOBE_R2023A_54009_100_V1_0_R11_C31.zip,ghsl_built_s_r2023a,2532015,025df54cfbf7a59caf0ccdbe0407257d481eed3f66c0a3bd914b3a4d8c30271c,ZIP (GeoTIFF),"GHSL tile R11_C31, ESRI:54009",2005,,verified: size = server Content-Length; zip CRC ok,,GET https://jeodpp.jrc.ec.europa.eu/ftp/jrc-opendata/GHSL/GHS_BUILT_S_GLOBE_R2023A/GHS_BUILT_S_E2005_GLOBE_R2023A_54009_100/V1-0/tiles/GHS_BUILT_S_E2005_GLOBE_R2023A_54009_100_V1_0_R11_C31.zip,2026-10-07T12:56:43+00:00,,
data/raw/ghsl_built_s_r2023a/2026-10-07_tiles/GHS_BUILT_S_E2005_GLOBE_R2023A_54009_100_V1_0_R11_C32.zip,ghsl_built_s_r2023a,1528495,49280bb8744262831966c7357f965d9d580ef462296694cc10162482b6d75041,ZIP (GeoTIFF),"GHSL tile R11_C32, ESRI:54009",2005,,verified: size = server Content-Length; zip CRC ok,,GET https://jeodpp.jrc.ec.europa.eu/ftp/jrc-opendata/GHSL/GHS_BUILT_S_GLOBE_R2023A/GHS_BUILT_S_E2005_GLOBE_R2023A_54009_100/V1-0/tiles/GHS_BUILT_S_E2005_GLOBE_R2023A_54009_100_V1_0_R11_C32.zip,2026-10-07T12:56:41+00:00,,
data/raw/ghsl_built_s_r2023a/2026-10-07_tiles/GHS_BUILT_S_E2005_GLOBE_R2023A_54009_100_V1_0_R11_C33.zip,ghsl_built_s_r2023a,1745135,53a7d5fb5e94660f03091c8aab3c833bcb0a8f0ac7b5d10285804c77cf6a7ba5,ZIP (GeoTIFF),"GHSL tile R11_C33, ESRI:54009",2005,,verified: size = server Content-Length; zip CRC ok,,GET https://jeodpp.jrc.ec.europa.eu/ftp/jrc-opendata/GHSL/GHS_BUILT_S_GLOBE_R2023A/GHS_BUILT_S_E2005_GLOBE_R2023A_54009_100/V1-0/tiles/GHS_BUILT_S_E2005_GLOBE_R2023A_54009_100_V1_0_R11_C33.zip,2026-10-07T12:56:41+00:00,,
data/raw/ghsl_built_s_r2023a/2026-10-07_tiles/GHS_BUILT_S_E2010_GLOBE_R2023A_54009_100_V1_0_R9_C28.zip,ghsl_built_s_r2023a,3498150,9b673fd7bf8c665fde61a051d8cdab168fab6dc5e0f93fde085dfa53c0f3c59c,ZIP (GeoTIFF),"GHSL tile R9_C28, ESRI:54009",2010,,verified: size = server Content-Length; zip CRC ok,,GET https://jeodpp.jrc.ec.europa.eu/ftp/jrc-opendata/GHSL/GHS_BUILT_S_GLOBE_R2023A/GHS_BUILT_S_E2010_GLOBE_R2023A_54009_100/V1-0/tiles/GHS_BUILT_S_E2010_GLOBE_R2023A_54009_100_V1_0_R9_C28.zip,2026-10-07T12:56:50+00:00,,
data/raw/ghsl_built_s_r2023a/2026-10-07_tiles/GHS_BUILT_S_E2010_GLOBE_R2023A_54009_100_V1_0_R9_C29.zip,ghsl_built_s_r2023a,6637244,a5e774a0527fae7995c1e23ad5233c865be4caa8d22c09a1d3bf9ef7f091e1d6,ZIP (GeoTIFF),"GHSL tile R9_C29, ESRI:54009",2010,,verified: size = server Content-Length; zip CRC ok,,GET https://jeodpp.jrc.ec.europa.eu/ftp/jrc-opendata/GHSL/GHS_BUILT_S_GLOBE_R2023A/GHS_BUILT_S_E2010_GLOBE_R2023A_54009_100/V1-0/tiles/GHS_BUILT_S_E2010_GLOBE_R2023A_54009_100_V1_0_R9_C29.zip,2026-10-07T12:56:50+00:00,,
data/raw/ghsl_built_s_r2023a/2026-10-07_tiles/GHS_BUILT_S_E2010_GLOBE_R2023A_54009_100_V1_0_R9_C30.zip,ghsl_built_s_r2023a,3340619,fa2302a92dfe915c967f9d4563b0a4f6addd3e6212352fcc1f32a74ed54fee1c,ZIP (GeoTIFF),"GHSL tile R9_C30, ESRI:54009",2010,,verified: size = server Content-Length; zip CRC ok,,GET https://jeodpp.jrc.ec.europa.eu/ftp/jrc-opendata/GHSL/GHS_BUILT_S_GLOBE_R2023A/GHS_BUILT_S_E2010_GLOBE_R2023A_54009_100/V1-0/tiles/GHS_BUILT_S_E2010_GLOBE_R2023A_54009_100_V1_0_R9_C30.zip,2026-10-07T12:56:51+00:00,,
data/raw/ghsl_built_s_r2023a/2026-10-07_tiles/GHS_BUILT_S_E2010_GLOBE_R2023A_54009_100_V1_0_R9_C31.zip,ghsl_built_s_r2023a,3448530,987cd4db28d826b1d5b0c431afaddbc996df287898c166f5499b8e53316c143e,ZIP (GeoTIFF),"GHSL tile R9_C31, ESRI:54009",2010,,verified: size = server Content-Length; zip CRC ok,,GET https://jeodpp.jrc.ec.europa.eu/ftp/jrc-opendata/GHSL/GHS_BUILT_S_GLOBE_R2023A/GHS_BUILT_S_E2010_GLOBE_R2023A_54009_100/V1-0/tiles/GHS_BUILT_S_E2010_GLOBE_R2023A_54009_100_V1_0_R9_C31.zip,2026-10-07T12:56:51+00:00,,
data/raw/ghsl_built_s_r2023a/2026-10-07_tiles/GHS_BUILT_S_E2010_GLOBE_R2023A_54009_100_V1_0_R9_C32.zip,ghsl_built_s_r2023a,1469703,4d97f303d5fecc743e7dd04a8b43c3a98400abfd64d8e871168fb296edee5780,ZIP (GeoTIFF),"GHSL tile R9_C32, ESRI:54009",2010,,verified: size = server Content-Length; zip CRC ok,,GET https://jeodpp.jrc.ec.europa.eu/ftp/jrc-opendata/GHSL/GHS_BUILT_S_GLOBE_R2023A/GHS_BUILT_S_E2010_GLOBE_R2023A_54009_100/V1-0/tiles/GHS_BUILT_S_E2010_GLOBE_R2023A_54009_100_V1_0_R9_C32.zip,2026-10-07T12:56:51+00:00,,
data/raw/ghsl_built_s_r2023a/2026-10-07_tiles/GHS_BUILT_S_E2010_GLOBE_R2023A_54009_100_V1_0_R9_C33.zip,ghsl_built_s_r2023a,1435589,953abe9864afd07e760cd993f0667983adcf5ee17f2354f84bbe8392e08d0fb0,ZIP (GeoTIFF),"GHSL tile R9_C33, ESRI:54009",2010,,verified: size = server Content-Length; zip CRC ok,,GET https://jeodpp.jrc.ec.europa.eu/ftp/jrc-opendata/GHSL/GHS_BUILT_S_GLOBE_R2023A/GHS_BUILT_S_E2010_GLOBE_R2023A_54009_100/V1-0/tiles/GHS_BUILT_S_E2010_GLOBE_R2023A_54009_100_V1_0_R9_C33.zip,2026-10-07T12:56:51+00:00,,
data/raw/ghsl_built_s_r2023a/2026-10-07_tiles/GHS_BUILT_S_E2010_GLOBE_R2023A_54009_100_V1_0_R10_C28.zip,ghsl_built_s_r2023a,1444615,9ba153d3a16cbbc41ad2f8e8e86024865f78386838edb369f94098073d498310,ZIP (GeoTIFF),"GHSL tile R10_C28, ESRI:54009",2010,,verified: size = server Content-Length; zip CRC ok,,GET https://jeodpp.jrc.ec.europa.eu/ftp/jrc-opendata/GHSL/GHS_BUILT_S_GLOBE_R2023A/GHS_BUILT_S_E2010_GLOBE_R2023A_54009_100/V1-0/tiles/GHS_BUILT_S_E2010_GLOBE_R2023A_54009_100_V1_0_R10_C28.zip,2026-10-07T12:56:57+00:00,,
data/raw/ghsl_built_s_r2023a/2026-10-07_tiles/GHS_BUILT_S_E2010_GLOBE_R2023A_54009_100_V1_0_R10_C29.zip,ghsl_built_s_r2023a,8927848,cd48c97f4f7c0d3b45824e112b01c3613217ab63da3a6e66d4963b1ac0ca32af,ZIP (GeoTIFF),"GHSL tile R10_C29, ESRI:54009",2010,,verified: size = server Content-Length; zip CRC ok,,GET https://jeodpp.jrc.ec.europa.eu/ftp/jrc-opendata/GHSL/GHS_BUILT_S_GLOBE_R2023A/GHS_BUILT_S_E2010_GLOBE_R2023A_54009_100/V1-0/tiles/GHS_BUILT_S_E2010_GLOBE_R2023A_54009_100_V1_0_R10_C29.zip,2026-10-07T12:56:56+00:00,,
data/raw/ghsl_built_s_r2023a/2026-10-07_tiles/GHS_BUILT_S_E2010_GLOBE_R2023A_54009_100_V1_0_R10_C30.zip,ghsl_built_s_r2023a,7757698,a8a02540535053dfc69dbef159882fbe6564b8024038e54f6afc28aed7eaf0a5,ZIP (GeoTIFF),"GHSL tile R10_C30, ESRI:54009",2010,,verified: size = server Content-Length; zip CRC ok,,GET https://jeodpp.jrc.ec.europa.eu/ftp/jrc-opendata/GHSL/GHS_BUILT_S_GLOBE_R2023A/GHS_BUILT_S_E2010_GLOBE_R2023A_54009_100/V1-0/tiles/GHS_BUILT_S_E2010_GLOBE_R2023A_54009_100_V1_0_R10_C30.zip,2026-10-07T12:56:55+00:00,,
data/raw/ghsl_built_s_r2023a/2026-10-07_tiles/GHS_BUILT_S_E2010_GLOBE_R2023A_54009_100_V1_0_R10_C31.zip,ghsl_built_s_r2023a,3474507,5ea1ab5d3db19adb8038ad22795268af32f8e844e2a5745beb461b92edb9cdd6,ZIP (GeoTIFF),"GHSL tile R10_C31, ESRI:54009",2010,,verified: size = server Content-Length; zip CRC ok,,GET https://jeodpp.jrc.ec.europa.eu/ftp/jrc-opendata/GHSL/GHS_BUILT_S_GLOBE_R2023A/GHS_BUILT_S_E2010_GLOBE_R2023A_54009_100/V1-0/tiles/GHS_BUILT_S_E2010_GLOBE_R2023A_54009_100_V1_0_R10_C31.zip,2026-10-07T12:56:54+00:00,,
data/raw/ghsl_built_s_r2023a/2026-10-07_tiles/GHS_BUILT_S_E2010_GLOBE_R2023A_54009_100_V1_0_R10_C32.zip,ghsl_built_s_r2023a,1987278,0aa5b8096f7d6ff9bcd3a69eb334c32adea0c0bc5541b1dd04805808e168cb1b,ZIP (GeoTIFF),"GHSL tile R10_C32, ESRI:54009",2010,,verified: size = server Content-Length; zip CRC ok,,GET https://jeodpp.jrc.ec.europa.eu/ftp/jrc-opendata/GHSL/GHS_BUILT_S_GLOBE_R2023A/GHS_BUILT_S_E2010_GLOBE_R2023A_54009_100/V1-0/tiles/GHS_BUILT_S_E2010_GLOBE_R2023A_54009_100_V1_0_R10_C32.zip,2026-10-07T12:56:52+00:00,,
data/raw/ghsl_built_s_r2023a/2026-10-07_tiles/GHS_BUILT_S_E2010_GLOBE_R2023A_54009_100_V1_0_R10_C33.zip,ghsl_built_s_r2023a,2506603,f70032b07b4110558688466b7b0bf8fd16a4015d7dfd7deac428d94373f00401,ZIP (GeoTIFF),"GHSL tile R10_C33, ESRI:54009",2010,,verified: size = server Content-Length; zip CRC ok,,GET https://jeodpp.jrc.ec.europa.eu/ftp/jrc-opendata/GHSL/GHS_BUILT_S_GLOBE_R2023A/GHS_BUILT_S_E2010_GLOBE_R2023A_54009_100/V1-0/tiles/GHS_BUILT_S_E2010_GLOBE_R2023A_54009_100_V1_0_R10_C33.zip,2026-10-07T12:56:52+00:00,,
data/raw/ghsl_built_s_r2023a/2026-10-07_tiles/GHS_BUILT_S_E2010_GLOBE_R2023A_54009_100_V1_0_R11_C28.zip,ghsl_built_s_r2023a,1427542,e1a27fa6ac9edb59527cd2e2778dc3f72b061dd488ab2af7c4098b7b2f830c97,ZIP (GeoTIFF),"GHSL tile R11_C28, ESRI:54009",2010,,verified: size = server Content-Length; zip CRC ok,,GET https://jeodpp.jrc.ec.europa.eu/ftp/jrc-opendata/GHSL/GHS_BUILT_S_GLOBE_R2023A/GHS_BUILT_S_E2010_GLOBE_R2023A_54009_100/V1-0/tiles/GHS_BUILT_S_E2010_GLOBE_R2023A_54009_100_V1_0_R11_C28.zip,2026-10-07T12:56:56+00:00,,
data/raw/ghsl_built_s_r2023a/2026-10-07_tiles/GHS_BUILT_S_E2010_GLOBE_R2023A_54009_100_V1_0_R11_C29.zip,ghsl_built_s_r2023a,1428380,8830dcc9ffba0350af703de603c5a2e82689b64f33f9966c8f24d268ff85e1a3,ZIP (GeoTIFF),"GHSL tile R11_C29, ESRI:54009",2010,,verified: size = server Content-Length; zip CRC ok,,GET https://jeodpp.jrc.ec.europa.eu/ftp/jrc-opendata/GHSL/GHS_BUILT_S_GLOBE_R2023A/GHS_BUILT_S_E2010_GLOBE_R2023A_54009_100/V1-0/tiles/GHS_BUILT_S_E2010_GLOBE_R2023A_54009_100_V1_0_R11_C29.zip,2026-10-07T12:56:55+00:00,,
data/raw/ghsl_built_s_r2023a/2026-10-07_tiles/GHS_BUILT_S_E2010_GLOBE_R2023A_54009_100_V1_0_R11_C30.zip,ghsl_built_s_r2023a,3237320,b463f4c89bfc6aa1c053956ab04c57892fa8d3c8edf5bf68ad276cf169e20f8a,ZIP (GeoTIFF),"GHSL tile R11_C30, ESRI:54009",2010,,verified: size = server Content-Length; zip CRC ok,,GET https://jeodpp.jrc.ec.europa.eu/ftp/jrc-opendata/GHSL/GHS_BUILT_S_GLOBE_R2023A/GHS_BUILT_S_E2010_GLOBE_R2023A_54009_100/V1-0/tiles/GHS_BUILT_S_E2010_GLOBE_R2023A_54009_100_V1_0_R11_C30.zip,2026-10-07T12:56:56+00:00,,
data/raw/ghsl_built_s_r2023a/2026-10-07_tiles/GHS_BUILT_S_E2010_GLOBE_R2023A_54009_100_V1_0_R11_C31.zip,ghsl_built_s_r2023a,2572361,2320697f432502399996e7eade2405f31975607858a60d692c757c5e76c1fa60,ZIP (GeoTIFF),"GHSL tile R11_C31, ESRI:54009",2010,,verified: size = server Content-Length; zip CRC ok,,GET https://jeodpp.jrc.ec.europa.eu/ftp/jrc-opendata/GHSL/GHS_BUILT_S_GLOBE_R2023A/GHS_BUILT_S_E2010_GLOBE_R2023A_54009_100/V1-0/tiles/GHS_BUILT_S_E2010_GLOBE_R2023A_54009_100_V1_0_R11_C31.zip,2026-10-07T12:56:53+00:00,,
data/raw/ghsl_built_s_r2023a/2026-10-07_tiles/GHS_BUILT_S_E2010_GLOBE_R2023A_54009_100_V1_0_R11_C32.zip,ghsl_built_s_r2023a,1529979,f98d97d281415c8024379dca99daf80fb94e22b21728b915a7d3c0c28ef3665a,ZIP (GeoTIFF),"GHSL tile R11_C32, ESRI:54009",2010,,verified: size = server Content-Length; zip CRC ok,,GET https://jeodpp.jrc.ec.europa.eu/ftp/jrc-opendata/GHSL/GHS_BUILT_S_GLOBE_R2023A/GHS_BUILT_S_E2010_GLOBE_R2023A_54009_100/V1-0/tiles/GHS_BUILT_S_E2010_GLOBE_R2023A_54009_100_V1_0_R11_C32.zip,2026-10-07T12:56:53+00:00,,
data/raw/ghsl_built_s_r2023a/2026-10-07_tiles/GHS_BUILT_S_E2010_GLOBE_R2023A_54009_100_V1_0_R11_C33.zip,ghsl_built_s_r2023a,1750878,8be971daea9292b3875de4a99828a6761cfe725e2789a401bf0101ef6648be57,ZIP (GeoTIFF),"GHSL tile R11_C33, ESRI:54009",2010,,verified: size = server Content-Length; zip CRC ok,,GET https://jeodpp.jrc.ec.europa.eu/ftp/jrc-opendata/GHSL/GHS_BUILT_S_GLOBE_R2023A/GHS_BUILT_S_E2010_GLOBE_R2023A_54009_100/V1-0/tiles/GHS_BUILT_S_E2010_GLOBE_R2023A_54009_100_V1_0_R11_C33.zip,2026-10-07T12:56:53+00:00,,
data/raw/ghsl_built_s_r2023a/2026-10-07_tiles/GHS_BUILT_S_E2015_GLOBE_R2023A_54009_100_V1_0_R9_C28.zip,ghsl_built_s_r2023a,3598996,cfdb3180d37d0be3eac990219130d79d44f7e5879c6352e8aeb972d771d7087b,ZIP (GeoTIFF),"GHSL tile R9_C28, ESRI:54009",2015,,verified: size = server Content-Length; zip CRC ok,,GET https://jeodpp.jrc.ec.europa.eu/ftp/jrc-opendata/GHSL/GHS_BUILT_S_GLOBE_R2023A/GHS_BUILT_S_E2015_GLOBE_R2023A_54009_100/V1-0/tiles/GHS_BUILT_S_E2015_GLOBE_R2023A_54009_100_V1_0_R9_C28.zip,2026-10-07T12:57:01+00:00,,
data/raw/ghsl_built_s_r2023a/2026-10-07_tiles/GHS_BUILT_S_E2015_GLOBE_R2023A_54009_100_V1_0_R9_C29.zip,ghsl_built_s_r2023a,6960427,bfc327aed2e3531fc3241c672ab6180578738100a96284b1348c5519ba0f8fac,ZIP (GeoTIFF),"GHSL tile R9_C29, ESRI:54009",2015,,verified: size = server Content-Length; zip CRC ok,,GET https://jeodpp.jrc.ec.europa.eu/ftp/jrc-opendata/GHSL/GHS_BUILT_S_GLOBE_R2023A/GHS_BUILT_S_E2015_GLOBE_R2023A_54009_100/V1-0/tiles/GHS_BUILT_S_E2015_GLOBE_R2023A_54009_100_V1_0_R9_C29.zip,2026-10-07T12:57:02+00:00,,
data/raw/ghsl_built_s_r2023a/2026-10-07_tiles/GHS_BUILT_S_E2015_GLOBE_R2023A_54009_100_V1_0_R9_C30.zip,ghsl_built_s_r2023a,3493503,2ee8636d83d776c2732a291ec4cee6a1ab93ecd358b0baf0124c9e7955a735d5,ZIP (GeoTIFF),"GHSL tile R9_C30, ESRI:54009",2015,,verified: size = server Content-Length; zip CRC ok,,GET https://jeodpp.jrc.ec.europa.eu/ftp/jrc-opendata/GHSL/GHS_BUILT_S_GLOBE_R2023A/GHS_BUILT_S_E2015_GLOBE_R2023A_54009_100/V1-0/tiles/GHS_BUILT_S_E2015_GLOBE_R2023A_54009_100_V1_0_R9_C30.zip,2026-10-07T12:57:07+00:00,,
data/raw/ghsl_built_s_r2023a/2026-10-07_tiles/GHS_BUILT_S_E2015_GLOBE_R2023A_54009_100_V1_0_R9_C31.zip,ghsl_built_s_r2023a,3595384,6ad65a0869ff7cc502a68ed3b0692795b64154e141e71114d0cc7662f8a405bc,ZIP (GeoTIFF),"GHSL tile R9_C31, ESRI:54009",2015,,verified: size = server Content-Length; zip CRC ok,,GET https://jeodpp.jrc.ec.europa.eu/ftp/jrc-opendata/GHSL/GHS_BUILT_S_GLOBE_R2023A/GHS_BUILT_S_E2015_GLOBE_R2023A_54009_100/V1-0/tiles/GHS_BUILT_S_E2015_GLOBE_R2023A_54009_100_V1_0_R9_C31.zip,2026-10-07T12:57:06+00:00,,
data/raw/ghsl_built_s_r2023a/2026-10-07_tiles/GHS_BUILT_S_E2015_GLOBE_R2023A_54009_100_V1_0_R9_C32.zip,ghsl_built_s_r2023a,1469713,a809fbdc248f1888c0d8610e26740b483800c8d2fb7dfe346a2388f599b5f536,ZIP (GeoTIFF),"GHSL tile R9_C32, ESRI:54009",2015,,verified: size = server Content-Length; zip CRC ok,,GET https://jeodpp.jrc.ec.europa.eu/ftp/jrc-opendata/GHSL/GHS_BUILT_S_GLOBE_R2023A/GHS_BUILT_S_E2015_GLOBE_R2023A_54009_100/V1-0/tiles/GHS_BUILT_S_E2015_GLOBE_R2023A_54009_100_V1_0_R9_C32.zip,2026-10-07T12:57:03+00:00,,
data/raw/ghsl_built_s_r2023a/2026-10-07_tiles/GHS_BUILT_S_E2015_GLOBE_R2023A_54009_100_V1_0_R9_C33.zip,ghsl_built_s_r2023a,1435759,d03513d74f9056d11253282291b0c620e688330746e0ef5b7f27993b5530c295,ZIP (GeoTIFF),"GHSL tile R9_C33, ESRI:54009",2015,,verified: size = server Content-Length; zip CRC ok,,GET https://jeodpp.jrc.ec.europa.eu/ftp/jrc-opendata/GHSL/GHS_BUILT_S_GLOBE_R2023A/GHS_BUILT_S_E2015_GLOBE_R2023A_54009_100/V1-0/tiles/GHS_BUILT_S_E2015_GLOBE_R2023A_54009_100_V1_0_R9_C33.zip,2026-10-07T12:57:03+00:00,,
data/raw/ghsl_built_s_r2023a/2026-10-07_tiles/GHS_BUILT_S_E2015_GLOBE_R2023A_54009_100_V1_0_R10_C28.zip,ghsl_built_s_r2023a,1445186,5471070993126fbafe541f603cbe1fbc22dc18c5d3e53543f4695e8807f5953b,ZIP (GeoTIFF),"GHSL tile R10_C28, ESRI:54009",2015,,verified: size = server Content-Length; zip CRC ok,,GET https://jeodpp.jrc.ec.europa.eu/ftp/jrc-opendata/GHSL/GHS_BUILT_S_GLOBE_R2023A/GHS_BUILT_S_E2015_GLOBE_R2023A_54009_100/V1-0/tiles/GHS_BUILT_S_E2015_GLOBE_R2023A_54009_100_V1_0_R10_C28.zip,2026-10-07T12:57:08+00:00,,
data/raw/ghsl_built_s_r2023a/2026-10-07_tiles/GHS_BUILT_S_E2015_GLOBE_R2023A_54009_100_V1_0_R10_C29.zip,ghsl_built_s_r2023a,9390344,17c646857e67726d7cdf3bd8d5fad3bda67bae832e60bae23ef0b7ea292a7ae2,ZIP (GeoTIFF),"GHSL tile R10_C29, ESRI:54009",2015,,verified: size = server Content-Length; zip CRC ok,,GET https://jeodpp.jrc.ec.europa.eu/ftp/jrc-opendata/GHSL/GHS_BUILT_S_GLOBE_R2023A/GHS_BUILT_S_E2015_GLOBE_R2023A_54009_100/V1-0/tiles/GHS_BUILT_S_E2015_GLOBE_R2023A_54009_100_V1_0_R10_C29.zip,2026-10-07T12:57:08+00:00,,
data/raw/ghsl_built_s_r2023a/2026-10-07_tiles/GHS_BUILT_S_E2015_GLOBE_R2023A_54009_100_V1_0_R10_C30.zip,ghsl_built_s_r2023a,8124019,4e84cf82532df93212cb9093d4f5302263a833d5b164bb96d37e5dd2b68f5ac7,ZIP (GeoTIFF),"GHSL tile R10_C30, ESRI:54009",2015,,verified: size = server Content-Length; zip CRC ok,,GET https://jeodpp.jrc.ec.europa.eu/ftp/jrc-opendata/GHSL/GHS_BUILT_S_GLOBE_R2023A/GHS_BUILT_S_E2015_GLOBE_R2023A_54009_100/V1-0/tiles/GHS_BUILT_S_E2015_GLOBE_R2023A_54009_100_V1_0_R10_C30.zip,2026-10-07T12:57:07+00:00,,
data/raw/ghsl_built_s_r2023a/2026-10-07_tiles/GHS_BUILT_S_E2015_GLOBE_R2023A_54009_100_V1_0_R10_C31.zip,ghsl_built_s_r2023a,3562881,db421a50346d95225f3a37ba76ab90798cf4b0f855aa2b022a9ef03e07872a4f,ZIP (GeoTIFF),"GHSL tile R10_C31, ESRI:54009",2015,,verified: size = server Content-Length; zip CRC ok,,GET https://jeodpp.jrc.ec.europa.eu/ftp/jrc-opendata/GHSL/GHS_BUILT_S_GLOBE_R2023A/GHS_BUILT_S_E2015_GLOBE_R2023A_54009_100/V1-0/tiles/GHS_BUILT_S_E2015_GLOBE_R2023A_54009_100_V1_0_R10_C31.zip,2026-10-07T12:57:05+00:00,,
data/raw/ghsl_built_s_r2023a/2026-10-07_tiles/GHS_BUILT_S_E2015_GLOBE_R2023A_54009_100_V1_0_R10_C32.zip,ghsl_built_s_r2023a,2006063,3602fe7abf940392f8c74e86982ad9249c11c8ea4ec8cbd6586a6281430bfba4,ZIP (GeoTIFF),"GHSL tile R10_C32, ESRI:54009",2015,,verified: size = server Content-Length; zip CRC ok,,GET https://jeodpp.jrc.ec.europa.eu/ftp/jrc-opendata/GHSL/GHS_BUILT_S_GLOBE_R2023A/GHS_BUILT_S_E2015_GLOBE_R2023A_54009_100/V1-0/tiles/GHS_BUILT_S_E2015_GLOBE_R2023A_54009_100_V1_0_R10_C32.zip,2026-10-07T12:57:04+00:00,,
data/raw/ghsl_built_s_r2023a/2026-10-07_tiles/GHS_BUILT_S_E2015_GLOBE_R2023A_54009_100_V1_0_R10_C33.zip,ghsl_built_s_r2023a,2565538,540cad3688bbad7e19d99441671f76bf732c639d87e798523149fd8e70aa4cb0,ZIP (GeoTIFF),"GHSL tile R10_C33, ESRI:54009",2015,,verified: size = server Content-Length; zip CRC ok,,GET https://jeodpp.jrc.ec.europa.eu/ftp/jrc-opendata/GHSL/GHS_BUILT_S_GLOBE_R2023A/GHS_BUILT_S_E2015_GLOBE_R2023A_54009_100/V1-0/tiles/GHS_BUILT_S_E2015_GLOBE_R2023A_54009_100_V1_0_R10_C33.zip,2026-10-07T12:57:04+00:00,,
data/raw/ghsl_built_s_r2023a/2026-10-07_tiles/GHS_BUILT_S_E2015_GLOBE_R2023A_54009_100_V1_0_R11_C28.zip,ghsl_built_s_r2023a,1427307,87851a3a158c732a4edcb1dbbd3e2e41dc5a2b4597d0fdf7eb12950f886579e6,ZIP (GeoTIFF),"GHSL tile R11_C28, ESRI:54009",2015,,verified: size = server Content-Length; zip CRC ok,,GET https://jeodpp.jrc.ec.europa.eu/ftp/jrc-opendata/GHSL/GHS_BUILT_S_GLOBE_R2023A/GHS_BUILT_S_E2015_GLOBE_R2023A_54009_100/V1-0/tiles/GHS_BUILT_S_E2015_GLOBE_R2023A_54009_100_V1_0_R11_C28.zip,2026-10-07T12:57:09+00:00,,
data/raw/ghsl_built_s_r2023a/2026-10-07_tiles/GHS_BUILT_S_E2015_GLOBE_R2023A_54009_100_V1_0_R11_C29.zip,ghsl_built_s_r2023a,1428044,f3c6be6235582e63ccfe7c25070262cdfbf0ff0d264dac0229efe27aa53f9be6,ZIP (GeoTIFF),"GHSL tile R11_C29, ESRI:54009",2015,,verified: size = server Content-Length; zip CRC ok,,GET https://jeodpp.jrc.ec.europa.eu/ftp/jrc-opendata/GHSL/GHS_BUILT_S_GLOBE_R2023A/GHS_BUILT_S_E2015_GLOBE_R2023A_54009_100/V1-0/tiles/GHS_BUILT_S_E2015_GLOBE_R2023A_54009_100_V1_0_R11_C29.zip,2026-10-07T12:57:07+00:00,,
data/raw/ghsl_built_s_r2023a/2026-10-07_tiles/GHS_BUILT_S_E2015_GLOBE_R2023A_54009_100_V1_0_R11_C30.zip,ghsl_built_s_r2023a,3344334,c644177dc7adc27640af1b081e123b8d5ee0c8c7bf5944ed2bbfc39c1bb279f8,ZIP (GeoTIFF),"GHSL tile R11_C30, ESRI:54009",2015,,verified: size = server Content-Length; zip CRC ok,,GET https://jeodpp.jrc.ec.europa.eu/ftp/jrc-opendata/GHSL/GHS_BUILT_S_GLOBE_R2023A/GHS_BUILT_S_E2015_GLOBE_R2023A_54009_100/V1-0/tiles/GHS_BUILT_S_E2015_GLOBE_R2023A_54009_100_V1_0_R11_C30.zip,2026-10-07T12:57:07+00:00,,
data/raw/ghsl_built_s_r2023a/2026-10-07_tiles/GHS_BUILT_S_E2015_GLOBE_R2023A_54009_100_V1_0_R11_C31.zip,ghsl_built_s_r2023a,2634168,a2ed91b2c96c5ae0c84960b4a950ecda86ee5b2e515b6a8b3c7c334ac7b6d3ec,ZIP (GeoTIFF),"GHSL tile R11_C31, ESRI:54009",2015,,verified: size = server Content-Length; zip CRC ok,,GET https://jeodpp.jrc.ec.europa.eu/ftp/jrc-opendata/GHSL/GHS_BUILT_S_GLOBE_R2023A/GHS_BUILT_S_E2015_GLOBE_R2023A_54009_100/V1-0/tiles/GHS_BUILT_S_E2015_GLOBE_R2023A_54009_100_V1_0_R11_C31.zip,2026-10-07T12:57:05+00:00,,
data/raw/ghsl_built_s_r2023a/2026-10-07_tiles/GHS_BUILT_S_E2015_GLOBE_R2023A_54009_100_V1_0_R11_C32.zip,ghsl_built_s_r2023a,1533268,8556eb636f26a40c9f8d78e7ed00b58d6c7f05a5c4bd29b261ff7a37ea2c73f5,ZIP (GeoTIFF),"GHSL tile R11_C32, ESRI:54009",2015,,verified: size = server Content-Length; zip CRC ok,,GET https://jeodpp.jrc.ec.europa.eu/ftp/jrc-opendata/GHSL/GHS_BUILT_S_GLOBE_R2023A/GHS_BUILT_S_E2015_GLOBE_R2023A_54009_100/V1-0/tiles/GHS_BUILT_S_E2015_GLOBE_R2023A_54009_100_V1_0_R11_C32.zip,2026-10-07T12:57:05+00:00,,
data/raw/ghsl_built_s_r2023a/2026-10-07_tiles/GHS_BUILT_S_E2015_GLOBE_R2023A_54009_100_V1_0_R11_C33.zip,ghsl_built_s_r2023a,1758652,8728ff772322ba131158635eac681f03e1602fe10ef7abb25eafa712a3840ef6,ZIP (GeoTIFF),"GHSL tile R11_C33, ESRI:54009",2015,,verified: size = server Content-Length; zip CRC ok,,GET https://jeodpp.jrc.ec.europa.eu/ftp/jrc-opendata/GHSL/GHS_BUILT_S_GLOBE_R2023A/GHS_BUILT_S_E2015_GLOBE_R2023A_54009_100/V1-0/tiles/GHS_BUILT_S_E2015_GLOBE_R2023A_54009_100_V1_0_R11_C33.zip,2026-10-07T12:57:04+00:00,,
data/raw/ghsl_built_s_r2023a/2026-10-07_tiles/GHS_BUILT_S_E2020_GLOBE_R2023A_54009_100_V1_0_R9_C28.zip,ghsl_built_s_r2023a,3687612,7879c8012bbed3d1a231583d71c37b9155cc524bf6f4c41b96cbe0d77eec225f,ZIP (GeoTIFF),"GHSL tile R9_C28, ESRI:54009",2020,,verified: size = server Content-Length; zip CRC ok,,GET https://jeodpp.jrc.ec.europa.eu/ftp/jrc-opendata/GHSL/GHS_BUILT_S_GLOBE_R2023A/GHS_BUILT_S_E2020_GLOBE_R2023A_54009_100/V1-0/tiles/GHS_BUILT_S_E2020_GLOBE_R2023A_54009_100_V1_0_R9_C28.zip,2026-10-07T12:57:19+00:00,,
data/raw/ghsl_built_s_r2023a/2026-10-07_tiles/GHS_BUILT_S_E2020_GLOBE_R2023A_54009_100_V1_0_R9_C29.zip,ghsl_built_s_r2023a,7215640,2c9421f3268301af168343d426a18ab07515333f38acaecc9c0f3f48205b0f9a,ZIP (GeoTIFF),"GHSL tile R9_C29, ESRI:54009",2020,,verified: size = server Content-Length; zip CRC ok,,GET https://jeodpp.jrc.ec.europa.eu/ftp/jrc-opendata/GHSL/GHS_BUILT_S_GLOBE_R2023A/GHS_BUILT_S_E2020_GLOBE_R2023A_54009_100/V1-0/tiles/GHS_BUILT_S_E2020_GLOBE_R2023A_54009_100_V1_0_R9_C29.zip,2026-10-07T12:57:13+00:00,,
data/raw/ghsl_built_s_r2023a/2026-10-07_tiles/GHS_BUILT_S_E2020_GLOBE_R2023A_54009_100_V1_0_R9_C30.zip,ghsl_built_s_r2023a,3606464,655daefd4dfce03e7b0dc318bc1cc0abdbd42e95a7ee0d0e462bf3ccc103801e,ZIP (GeoTIFF),"GHSL tile R9_C30, ESRI:54009",2020,,verified: size = server Content-Length; zip CRC ok,,GET https://jeodpp.jrc.ec.europa.eu/ftp/jrc-opendata/GHSL/GHS_BUILT_S_GLOBE_R2023A/GHS_BUILT_S_E2020_GLOBE_R2023A_54009_100/V1-0/tiles/GHS_BUILT_S_E2020_GLOBE_R2023A_54009_100_V1_0_R9_C30.zip,2026-10-07T12:57:13+00:00,,
data/raw/ghsl_built_s_r2023a/2026-10-07_tiles/GHS_BUILT_S_E2020_GLOBE_R2023A_54009_100_V1_0_R9_C31.zip,ghsl_built_s_r2023a,3726729,70d434ce7bb2eb3887186cfda5a872ab103f1e9a6121bb713ebb68109125802e,ZIP (GeoTIFF),"GHSL tile R9_C31, ESRI:54009",2020,,verified: size = server Content-Length; zip CRC ok,,GET https://jeodpp.jrc.ec.europa.eu/ftp/jrc-opendata/GHSL/GHS_BUILT_S_GLOBE_R2023A/GHS_BUILT_S_E2020_GLOBE_R2023A_54009_100/V1-0/tiles/GHS_BUILT_S_E2020_GLOBE_R2023A_54009_100_V1_0_R9_C31.zip,2026-10-07T12:57:14+00:00,,
data/raw/ghsl_built_s_r2023a/2026-10-07_tiles/GHS_BUILT_S_E2020_GLOBE_R2023A_54009_100_V1_0_R9_C32.zip,ghsl_built_s_r2023a,1469719,e5b28d8146ccd5ddb84047c1e5278bcf80b09509dd3db2aa3ccbb8ee3897a4e7,ZIP (GeoTIFF),"GHSL tile R9_C32, ESRI:54009",2020,,verified: size = server Content-Length; zip CRC ok,,GET https://jeodpp.jrc.ec.europa.eu/ftp/jrc-opendata/GHSL/GHS_BUILT_S_GLOBE_R2023A/GHS_BUILT_S_E2020_GLOBE_R2023A_54009_100/V1-0/tiles/GHS_BUILT_S_E2020_GLOBE_R2023A_54009_100_V1_0_R9_C32.zip,2026-10-07T12:57:14+00:00,,
data/raw/ghsl_built_s_r2023a/2026-10-07_tiles/GHS_BUILT_S_E2020_GLOBE_R2023A_54009_100_V1_0_R9_C33.zip,ghsl_built_s_r2023a,1435822,2f885cbac2f9eabba17fe664496124cc67843c7e684004865d9b56c867de6194,ZIP (GeoTIFF),"GHSL tile R9_C33, ESRI:54009",2020,,verified: size = server Content-Length; zip CRC ok,,GET https://jeodpp.jrc.ec.europa.eu/ftp/jrc-opendata/GHSL/GHS_BUILT_S_GLOBE_R2023A/GHS_BUILT_S_E2020_GLOBE_R2023A_54009_100/V1-0/tiles/GHS_BUILT_S_E2020_GLOBE_R2023A_54009_100_V1_0_R9_C33.zip,2026-10-07T12:57:15+00:00,,
data/raw/ghsl_built_s_r2023a/2026-10-07_tiles/GHS_BUILT_S_E2020_GLOBE_R2023A_54009_100_V1_0_R10_C28.zip,ghsl_built_s_r2023a,1445765,3468daaaa2b3c9e14f82995592da11d88f9ed798e76d07ebba77415bcf58eb17,ZIP (GeoTIFF),"GHSL tile R10_C28, ESRI:54009",2020,,verified: size = server Content-Length; zip CRC ok,,GET https://jeodpp.jrc.ec.europa.eu/ftp/jrc-opendata/GHSL/GHS_BUILT_S_GLOBE_R2023A/GHS_BUILT_S_E2020_GLOBE_R2023A_54009_100/V1-0/tiles/GHS_BUILT_S_E2020_GLOBE_R2023A_54009_100_V1_0_R10_C28.zip,2026-10-07T12:57:18+00:00,,
data/raw/ghsl_built_s_r2023a/2026-10-07_tiles/GHS_BUILT_S_E2020_GLOBE_R2023A_54009_100_V1_0_R10_C29.zip,ghsl_built_s_r2023a,9783923,c4c94c1e88eeb0476ab32eec4b92550763a9d39f12e81d621b2f5c270aa523e4,ZIP (GeoTIFF),"GHSL tile R10_C29, ESRI:54009",2020,,verified: size = server Content-Length; zip CRC ok,,GET https://jeodpp.jrc.ec.europa.eu/ftp/jrc-opendata/GHSL/GHS_BUILT_S_GLOBE_R2023A/GHS_BUILT_S_E2020_GLOBE_R2023A_54009_100/V1-0/tiles/GHS_BUILT_S_E2020_GLOBE_R2023A_54009_100_V1_0_R10_C29.zip,2026-10-07T12:57:20+00:00,,
data/raw/ghsl_built_s_r2023a/2026-10-07_tiles/GHS_BUILT_S_E2020_GLOBE_R2023A_54009_100_V1_0_R10_C30.zip,ghsl_built_s_r2023a,8426565,84c28a4c3d5aebd798744ddf25c68f408e4403c89443f727a77b24b0fc03f5b1,ZIP (GeoTIFF),"GHSL tile R10_C30, ESRI:54009",2020,,verified: size = server Content-Length; zip CRC ok,,GET https://jeodpp.jrc.ec.europa.eu/ftp/jrc-opendata/GHSL/GHS_BUILT_S_GLOBE_R2023A/GHS_BUILT_S_E2020_GLOBE_R2023A_54009_100/V1-0/tiles/GHS_BUILT_S_E2020_GLOBE_R2023A_54009_100_V1_0_R10_C30.zip,2026-10-07T12:57:18+00:00,,
data/raw/ghsl_built_s_r2023a/2026-10-07_tiles/GHS_BUILT_S_E2020_GLOBE_R2023A_54009_100_V1_0_R10_C31.zip,ghsl_built_s_r2023a,3646824,6a19c36a18b1b39e0eee9caa3650ef5f224ac5d410b71a0707a0d4e573839bfe,ZIP (GeoTIFF),"GHSL tile R10_C31, ESRI:54009",2020,,verified: size = server Content-Length; zip CRC ok,,GET https://jeodpp.jrc.ec.europa.eu/ftp/jrc-opendata/GHSL/GHS_BUILT_S_GLOBE_R2023A/GHS_BUILT_S_E2020_GLOBE_R2023A_54009_100/V1-0/tiles/GHS_BUILT_S_E2020_GLOBE_R2023A_54009_100_V1_0_R10_C31.zip,2026-10-07T12:57:15+00:00,,
data/raw/ghsl_built_s_r2023a/2026-10-07_tiles/GHS_BUILT_S_E2020_GLOBE_R2023A_54009_100_V1_0_R10_C32.zip,ghsl_built_s_r2023a,2024915,34385fa1abd76c91a89c0730bb53f1e00355377aeef8800447bbb52f087fde62,ZIP (GeoTIFF),"GHSL tile R10_C32, ESRI:54009",2020,,verified: size = server Content-Length; zip CRC ok,,GET https://jeodpp.jrc.ec.europa.eu/ftp/jrc-opendata/GHSL/GHS_BUILT_S_GLOBE_R2023A/GHS_BUILT_S_E2020_GLOBE_R2023A_54009_100/V1-0/tiles/GHS_BUILT_S_E2020_GLOBE_R2023A_54009_100_V1_0_R10_C32.zip,2026-10-07T12:57:14+00:00,,
data/raw/ghsl_built_s_r2023a/2026-10-07_tiles/GHS_BUILT_S_E2020_GLOBE_R2023A_54009_100_V1_0_R10_C33.zip,ghsl_built_s_r2023a,2617603,35fdbaf2fda45ca6a494fe4ce9acef4d1934bfe0217395f8678661ad396e258e,ZIP (GeoTIFF),"GHSL tile R10_C33, ESRI:54009",2020,,verified: size = server Content-Length; zip CRC ok,,GET https://jeodpp.jrc.ec.europa.eu/ftp/jrc-opendata/GHSL/GHS_BUILT_S_GLOBE_R2023A/GHS_BUILT_S_E2020_GLOBE_R2023A_54009_100/V1-0/tiles/GHS_BUILT_S_E2020_GLOBE_R2023A_54009_100_V1_0_R10_C33.zip,2026-10-07T12:57:15+00:00,,
data/raw/ghsl_built_s_r2023a/2026-10-07_tiles/GHS_BUILT_S_E2020_GLOBE_R2023A_54009_100_V1_0_R11_C28.zip,ghsl_built_s_r2023a,1427303,088b9a7c6e9e36d231c9e77b68f63bf513aac575e8488cb99669b53a27aa4554,ZIP (GeoTIFF),"GHSL tile R11_C28, ESRI:54009",2020,,verified: size = server Content-Length; zip CRC ok,,GET https://jeodpp.jrc.ec.europa.eu/ftp/jrc-opendata/GHSL/GHS_BUILT_S_GLOBE_R2023A/GHS_BUILT_S_E2020_GLOBE_R2023A_54009_100/V1-0/tiles/GHS_BUILT_S_E2020_GLOBE_R2023A_54009_100_V1_0_R11_C28.zip,2026-10-07T12:57:18+00:00,,
data/raw/ghsl_built_s_r2023a/2026-10-07_tiles/GHS_BUILT_S_E2020_GLOBE_R2023A_54009_100_V1_0_R11_C29.zip,ghsl_built_s_r2023a,1428462,497a65f43a1cba5d01cd43866a18c5b56e60fe7352aecf97ae44054830fdbac2,ZIP (GeoTIFF),"GHSL tile R11_C29, ESRI:54009",2020,,verified: size = server Content-Length; zip CRC ok,,GET https://jeodpp.jrc.ec.europa.eu/ftp/jrc-opendata/GHSL/GHS_BUILT_S_GLOBE_R2023A/GHS_BUILT_S_E2020_GLOBE_R2023A_54009_100/V1-0/tiles/GHS_BUILT_S_E2020_GLOBE_R2023A_54009_100_V1_0_R11_C29.zip,2026-10-07T12:57:20+00:00,,
data/raw/ghsl_built_s_r2023a/2026-10-07_tiles/GHS_BUILT_S_E2020_GLOBE_R2023A_54009_100_V1_0_R11_C30.zip,ghsl_built_s_r2023a,3431451,7d8acc58ebc07c6c3e669aae6700ef0e87854e8eba5a234a602d979c25b00757,ZIP (GeoTIFF),"GHSL tile R11_C30, ESRI:54009",2020,,verified: size = server Content-Length; zip CRC ok,,GET https://jeodpp.jrc.ec.europa.eu/ftp/jrc-opendata/GHSL/GHS_BUILT_S_GLOBE_R2023A/GHS_BUILT_S_E2020_GLOBE_R2023A_54009_100/V1-0/tiles/GHS_BUILT_S_E2020_GLOBE_R2023A_54009_100_V1_0_R11_C30.zip,2026-10-07T12:57:16+00:00,,
data/raw/ghsl_built_s_r2023a/2026-10-07_tiles/GHS_BUILT_S_E2020_GLOBE_R2023A_54009_100_V1_0_R11_C31.zip,ghsl_built_s_r2023a,2685167,f72e3dc73008883a33f26b9bdedb349bdf97a85a7da42601487df5e0e9ccc511,ZIP (GeoTIFF),"GHSL tile R11_C31, ESRI:54009",2020,,verified: size = server Content-Length; zip CRC ok,,GET https://jeodpp.jrc.ec.europa.eu/ftp/jrc-opendata/GHSL/GHS_BUILT_S_GLOBE_R2023A/GHS_BUILT_S_E2020_GLOBE_R2023A_54009_100/V1-0/tiles/GHS_BUILT_S_E2020_GLOBE_R2023A_54009_100_V1_0_R11_C31.zip,2026-10-07T12:57:17+00:00,,
data/raw/ghsl_built_s_r2023a/2026-10-07_tiles/GHS_BUILT_S_E2020_GLOBE_R2023A_54009_100_V1_0_R11_C32.zip,ghsl_built_s_r2023a,1538516,60b44accb2571c9bc3796809eeb4f6679ab1468838f64a5018b11d642867b91f,ZIP (GeoTIFF),"GHSL tile R11_C32, ESRI:54009",2020,,verified: size = server Content-Length; zip CRC ok,,GET https://jeodpp.jrc.ec.europa.eu/ftp/jrc-opendata/GHSL/GHS_BUILT_S_GLOBE_R2023A/GHS_BUILT_S_E2020_GLOBE_R2023A_54009_100/V1-0/tiles/GHS_BUILT_S_E2020_GLOBE_R2023A_54009_100_V1_0_R11_C32.zip,2026-10-07T12:57:16+00:00,,
data/raw/ghsl_built_s_r2023a/2026-10-07_tiles/GHS_BUILT_S_E2020_GLOBE_R2023A_54009_100_V1_0_R11_C33.zip,ghsl_built_s_r2023a,1768446,2280ce1490a8b4885b9ccb482884d0e45b8cd33d89832b34f75624bb9209b90a,ZIP (GeoTIFF),"GHSL tile R11_C33, ESRI:54009",2020,,verified: size = server Content-Length; zip CRC ok,,GET https://jeodpp.jrc.ec.europa.eu/ftp/jrc-opendata/GHSL/GHS_BUILT_S_GLOBE_R2023A/GHS_BUILT_S_E2020_GLOBE_R2023A_54009_100/V1-0/tiles/GHS_BUILT_S_E2020_GLOBE_R2023A_54009_100_V1_0_R11_C33.zip,2026-10-07T12:57:16+00:00,,
data/raw/ghsl_built_v_r2023a/2026-10-07_tiles/GHS_BUILT_V_E1990_GLOBE_R2023A_54009_100_V1_0_R9_C28.zip,ghsl_built_v_r2023a,3681610,92fd7b2ae88fa4bf4212cb9ee64a3f7e7c60f8bf4c06b875d97fae9f2597852d,ZIP (GeoTIFF),"GHSL tile R9_C28, ESRI:54009",1990,,verified: size = server Content-Length; zip CRC ok,,GET https://jeodpp.jrc.ec.europa.eu/ftp/jrc-opendata/GHSL/GHS_BUILT_V_GLOBE_R2023A/GHS_BUILT_V_E1990_GLOBE_R2023A_54009_100/V1-0/tiles/GHS_BUILT_V_E1990_GLOBE_R2023A_54009_100_V1_0_R9_C28.zip,2026-10-07T12:57:53+00:00,,
data/raw/ghsl_built_v_r2023a/2026-10-07_tiles/GHS_BUILT_V_E1990_GLOBE_R2023A_54009_100_V1_0_R9_C29.zip,ghsl_built_v_r2023a,6587980,1b5eefb56b7092e0fb803f558e219f1e74b409d939853f8865efdeda46373185,ZIP (GeoTIFF),"GHSL tile R9_C29, ESRI:54009",1990,,verified: size = server Content-Length; zip CRC ok,,GET https://jeodpp.jrc.ec.europa.eu/ftp/jrc-opendata/GHSL/GHS_BUILT_V_GLOBE_R2023A/GHS_BUILT_V_E1990_GLOBE_R2023A_54009_100/V1-0/tiles/GHS_BUILT_V_E1990_GLOBE_R2023A_54009_100_V1_0_R9_C29.zip,2026-10-07T12:57:53+00:00,,
data/raw/ghsl_built_v_r2023a/2026-10-07_tiles/GHS_BUILT_V_E1990_GLOBE_R2023A_54009_100_V1_0_R9_C30.zip,ghsl_built_v_r2023a,3482879,a99d6b6d19a683a45bd25534fcbc1a7ccefa1f37203eed76ee886973689dbcc0,ZIP (GeoTIFF),"GHSL tile R9_C30, ESRI:54009",1990,,verified: size = server Content-Length; zip CRC ok,,GET https://jeodpp.jrc.ec.europa.eu/ftp/jrc-opendata/GHSL/GHS_BUILT_V_GLOBE_R2023A/GHS_BUILT_V_E1990_GLOBE_R2023A_54009_100/V1-0/tiles/GHS_BUILT_V_E1990_GLOBE_R2023A_54009_100_V1_0_R9_C30.zip,2026-10-07T12:57:51+00:00,,
data/raw/ghsl_built_v_r2023a/2026-10-07_tiles/GHS_BUILT_V_E1990_GLOBE_R2023A_54009_100_V1_0_R9_C31.zip,ghsl_built_v_r2023a,3632264,c2afce637b8edd44e728be3ced566742831ef6e9644231751ff5dcf345a2752c,ZIP (GeoTIFF),"GHSL tile R9_C31, ESRI:54009",1990,,verified: size = server Content-Length; zip CRC ok,,GET https://jeodpp.jrc.ec.europa.eu/ftp/jrc-opendata/GHSL/GHS_BUILT_V_GLOBE_R2023A/GHS_BUILT_V_E1990_GLOBE_R2023A_54009_100/V1-0/tiles/GHS_BUILT_V_E1990_GLOBE_R2023A_54009_100_V1_0_R9_C31.zip,2026-10-07T12:57:51+00:00,,
data/raw/ghsl_built_v_r2023a/2026-10-07_tiles/GHS_BUILT_V_E1990_GLOBE_R2023A_54009_100_V1_0_R9_C32.zip,ghsl_built_v_r2023a,1484951,83c3a8b1c868d5ee208d36d72cd895b6c9701417a12c4ae62ecf9615a14de65c,ZIP (GeoTIFF),"GHSL tile R9_C32, ESRI:54009",1990,,verified: size = server Content-Length; zip CRC ok,,GET https://jeodpp.jrc.ec.europa.eu/ftp/jrc-opendata/GHSL/GHS_BUILT_V_GLOBE_R2023A/GHS_BUILT_V_E1990_GLOBE_R2023A_54009_100/V1-0/tiles/GHS_BUILT_V_E1990_GLOBE_R2023A_54009_100_V1_0_R9_C32.zip,2026-10-07T12:57:50+00:00,,
data/raw/ghsl_built_v_r2023a/2026-10-07_tiles/GHS_BUILT_V_E1990_GLOBE_R2023A_54009_100_V1_0_R9_C33.zip,ghsl_built_v_r2023a,1443054,9088ed985b1f6703640362a5abb2b810871b19918bcb4be59961627605496270,ZIP (GeoTIFF),"GHSL tile R9_C33, ESRI:54009",1990,,verified: size = server Content-Length; zip CRC ok,,GET https://jeodpp.jrc.ec.europa.eu/ftp/jrc-opendata/GHSL/GHS_BUILT_V_GLOBE_R2023A/GHS_BUILT_V_E1990_GLOBE_R2023A_54009_100/V1-0/tiles/GHS_BUILT_V_E1990_GLOBE_R2023A_54009_100_V1_0_R9_C33.zip,2026-10-07T12:57:49+00:00,,
data/raw/ghsl_built_v_r2023a/2026-10-07_tiles/GHS_BUILT_V_E1990_GLOBE_R2023A_54009_100_V1_0_R10_C28.zip,ghsl_built_v_r2023a,1450050,bbf81b0ba471c0a3c5dbc9f77166a3b6fa578c9f76b2ae3a36773dd249587b62,ZIP (GeoTIFF),"GHSL tile R10_C28, ESRI:54009",1990,,verified: size = server Content-Length; zip CRC ok,,GET https://jeodpp.jrc.ec.europa.eu/ftp/jrc-opendata/GHSL/GHS_BUILT_V_GLOBE_R2023A/GHS_BUILT_V_E1990_GLOBE_R2023A_54009_100/V1-0/tiles/GHS_BUILT_V_E1990_GLOBE_R2023A_54009_100_V1_0_R10_C28.zip,2026-10-07T12:57:53+00:00,,
data/raw/ghsl_built_v_r2023a/2026-10-07_tiles/GHS_BUILT_V_E1990_GLOBE_R2023A_54009_100_V1_0_R10_C29.zip,ghsl_built_v_r2023a,9079746,628c0f47b8671176c7f8537bf238ab8b80915ef215bfd145b14fc98c649bf0f5,ZIP (GeoTIFF),"GHSL tile R10_C29, ESRI:54009",1990,,verified: size = server Content-Length; zip CRC ok,,GET https://jeodpp.jrc.ec.europa.eu/ftp/jrc-opendata/GHSL/GHS_BUILT_V_GLOBE_R2023A/GHS_BUILT_V_E1990_GLOBE_R2023A_54009_100/V1-0/tiles/GHS_BUILT_V_E1990_GLOBE_R2023A_54009_100_V1_0_R10_C29.zip,2026-10-07T12:57:53+00:00,,
data/raw/ghsl_built_v_r2023a/2026-10-07_tiles/GHS_BUILT_V_E1990_GLOBE_R2023A_54009_100_V1_0_R10_C30.zip,ghsl_built_v_r2023a,8104486,802c0adfad24b699aee652afb2aff4e7222da531d6ea3d5de34c2bf386ae00d4,ZIP (GeoTIFF),"GHSL tile R10_C30, ESRI:54009",1990,,verified: size = server Content-Length; zip CRC ok,,GET https://jeodpp.jrc.ec.europa.eu/ftp/jrc-opendata/GHSL/GHS_BUILT_V_GLOBE_R2023A/GHS_BUILT_V_E1990_GLOBE_R2023A_54009_100/V1-0/tiles/GHS_BUILT_V_E1990_GLOBE_R2023A_54009_100_V1_0_R10_C30.zip,2026-10-07T12:57:52+00:00,,
data/raw/ghsl_built_v_r2023a/2026-10-07_tiles/GHS_BUILT_V_E1990_GLOBE_R2023A_54009_100_V1_0_R10_C31.zip,ghsl_built_v_r2023a,3719084,ef76d4ec2cd7c84a4e4d173787c460081a4178768c8d0f24d9a1570b3105f28e,ZIP (GeoTIFF),"GHSL tile R10_C31, ESRI:54009",1990,,verified: size = server Content-Length; zip CRC ok,,GET https://jeodpp.jrc.ec.europa.eu/ftp/jrc-opendata/GHSL/GHS_BUILT_V_GLOBE_R2023A/GHS_BUILT_V_E1990_GLOBE_R2023A_54009_100/V1-0/tiles/GHS_BUILT_V_E1990_GLOBE_R2023A_54009_100_V1_0_R10_C31.zip,2026-10-07T12:57:51+00:00,,
data/raw/ghsl_built_v_r2023a/2026-10-07_tiles/GHS_BUILT_V_E1990_GLOBE_R2023A_54009_100_V1_0_R10_C32.zip,ghsl_built_v_r2023a,2130338,83d46ef37091b9a1914dd8d32de3f5ff0009a84ae6a263d329269459f6db43a7,ZIP (GeoTIFF),"GHSL tile R10_C32, ESRI:54009",1990,,verified: size = server Content-Length; zip CRC ok,,GET https://jeodpp.jrc.ec.europa.eu/ftp/jrc-opendata/GHSL/GHS_BUILT_V_GLOBE_R2023A/GHS_BUILT_V_E1990_GLOBE_R2023A_54009_100/V1-0/tiles/GHS_BUILT_V_E1990_GLOBE_R2023A_54009_100_V1_0_R10_C32.zip,2026-10-07T12:57:50+00:00,,
data/raw/ghsl_built_v_r2023a/2026-10-07_tiles/GHS_BUILT_V_E1990_GLOBE_R2023A_54009_100_V1_0_R10_C33.zip,ghsl_built_v_r2023a,2675658,f814d92c0b5964258d0a617e98ad3cf8af199f9bdcb5d245ae2c11d3d4c35832,ZIP (GeoTIFF),"GHSL tile R10_C33, ESRI:54009",1990,,verified: size = server Content-Length; zip CRC ok,,GET https://jeodpp.jrc.ec.europa.eu/ftp/jrc-opendata/GHSL/GHS_BUILT_V_GLOBE_R2023A/GHS_BUILT_V_E1990_GLOBE_R2023A_54009_100/V1-0/tiles/GHS_BUILT_V_E1990_GLOBE_R2023A_54009_100_V1_0_R10_C33.zip,2026-10-07T12:57:49+00:00,,
data/raw/ghsl_built_v_r2023a/2026-10-07_tiles/GHS_BUILT_V_E1990_GLOBE_R2023A_54009_100_V1_0_R11_C28.zip,ghsl_built_v_r2023a,1428185,e531b3cf9c574db16eb4d8d7d11deeedf53e53d9f9be3875437238a873106326,ZIP (GeoTIFF),"GHSL tile R11_C28, ESRI:54009",1990,,verified: size = server Content-Length; zip CRC ok,,GET https://jeodpp.jrc.ec.europa.eu/ftp/jrc-opendata/GHSL/GHS_BUILT_V_GLOBE_R2023A/GHS_BUILT_V_E1990_GLOBE_R2023A_54009_100/V1-0/tiles/GHS_BUILT_V_E1990_GLOBE_R2023A_54009_100_V1_0_R11_C28.zip,2026-10-07T12:57:46+00:00,,
data/raw/ghsl_built_v_r2023a/2026-10-07_tiles/GHS_BUILT_V_E1990_GLOBE_R2023A_54009_100_V1_0_R11_C29.zip,ghsl_built_v_r2023a,1429273,48e4f0de1be6934ea453eebbaf5e3ebe66ac30f65800df992c1705c5886c7372,ZIP (GeoTIFF),"GHSL tile R11_C29, ESRI:54009",1990,,verified: size = server Content-Length; zip CRC ok,,GET https://jeodpp.jrc.ec.europa.eu/ftp/jrc-opendata/GHSL/GHS_BUILT_V_GLOBE_R2023A/GHS_BUILT_V_E1990_GLOBE_R2023A_54009_100/V1-0/tiles/GHS_BUILT_V_E1990_GLOBE_R2023A_54009_100_V1_0_R11_C29.zip,2026-10-07T12:57:46+00:00,,
data/raw/ghsl_built_v_r2023a/2026-10-07_tiles/GHS_BUILT_V_E1990_GLOBE_R2023A_54009_100_V1_0_R11_C30.zip,ghsl_built_v_r2023a,3338085,3d1dd19adb612f080d3ee7968cae304726ce4ccc23182d1840939f7816cad1ad,ZIP (GeoTIFF),"GHSL tile R11_C30, ESRI:54009",1990,,verified: size = server Content-Length; zip CRC ok,,GET https://jeodpp.jrc.ec.europa.eu/ftp/jrc-opendata/GHSL/GHS_BUILT_V_GLOBE_R2023A/GHS_BUILT_V_E1990_GLOBE_R2023A_54009_100/V1-0/tiles/GHS_BUILT_V_E1990_GLOBE_R2023A_54009_100_V1_0_R11_C30.zip,2026-10-07T12:57:48+00:00,,
data/raw/ghsl_built_v_r2023a/2026-10-07_tiles/GHS_BUILT_V_E1990_GLOBE_R2023A_54009_100_V1_0_R11_C31.zip,ghsl_built_v_r2023a,2710432,4b678fbe6bbc683c1efb3c487f3d01d8bea054a6c1abc73ac703355bef28e9ed,ZIP (GeoTIFF),"GHSL tile R11_C31, ESRI:54009",1990,,verified: size = server Content-Length; zip CRC ok,,GET https://jeodpp.jrc.ec.europa.eu/ftp/jrc-opendata/GHSL/GHS_BUILT_V_GLOBE_R2023A/GHS_BUILT_V_E1990_GLOBE_R2023A_54009_100/V1-0/tiles/GHS_BUILT_V_E1990_GLOBE_R2023A_54009_100_V1_0_R11_C31.zip,2026-10-07T12:57:48+00:00,,
data/raw/ghsl_built_v_r2023a/2026-10-07_tiles/GHS_BUILT_V_E1990_GLOBE_R2023A_54009_100_V1_0_R11_C32.zip,ghsl_built_v_r2023a,1656702,47e17bd6cf266959044907b684eae05316492742ed95eb68b18496dfc29e102a,ZIP (GeoTIFF),"GHSL tile R11_C32, ESRI:54009",1990,,verified: size = server Content-Length; zip CRC ok,,GET https://jeodpp.jrc.ec.europa.eu/ftp/jrc-opendata/GHSL/GHS_BUILT_V_GLOBE_R2023A/GHS_BUILT_V_E1990_GLOBE_R2023A_54009_100/V1-0/tiles/GHS_BUILT_V_E1990_GLOBE_R2023A_54009_100_V1_0_R11_C32.zip,2026-10-07T12:57:49+00:00,,
data/raw/ghsl_built_v_r2023a/2026-10-07_tiles/GHS_BUILT_V_E1990_GLOBE_R2023A_54009_100_V1_0_R11_C33.zip,ghsl_built_v_r2023a,1900752,c1c2e901a2142a70bed59752db402a77ca20a1534c85a42dc54cdc69dd5e2359,ZIP (GeoTIFF),"GHSL tile R11_C33, ESRI:54009",1990,,verified: size = server Content-Length; zip CRC ok,,GET https://jeodpp.jrc.ec.europa.eu/ftp/jrc-opendata/GHSL/GHS_BUILT_V_GLOBE_R2023A/GHS_BUILT_V_E1990_GLOBE_R2023A_54009_100/V1-0/tiles/GHS_BUILT_V_E1990_GLOBE_R2023A_54009_100_V1_0_R11_C33.zip,2026-10-07T12:57:49+00:00,,
data/raw/ghsl_built_v_r2023a/2026-10-07_tiles/GHS_BUILT_V_E1995_GLOBE_R2023A_54009_100_V1_0_R9_C28.zip,ghsl_built_v_r2023a,3775355,fa230e73a8cedb7da21e44e8c0d9a3ae7e226adaa6068a3729d88cb71cb30bf3,ZIP (GeoTIFF),"GHSL tile R9_C28, ESRI:54009",1995,,verified: size = server Content-Length; zip CRC ok,,GET https://jeodpp.jrc.ec.europa.eu/ftp/jrc-opendata/GHSL/GHS_BUILT_V_GLOBE_R2023A/GHS_BUILT_V_E1995_GLOBE_R2023A_54009_100/V1-0/tiles/GHS_BUILT_V_E1995_GLOBE_R2023A_54009_100_V1_0_R9_C28.zip,2026-10-07T12:57:56+00:00,,
data/raw/ghsl_built_v_r2023a/2026-10-07_tiles/GHS_BUILT_V_E1995_GLOBE_R2023A_54009_100_V1_0_R9_C29.zip,ghsl_built_v_r2023a,7068265,7f61aab3d306d1861c3643bbbc37b21156b87cc36050142168b26524c22f8ff5,ZIP (GeoTIFF),"GHSL tile R9_C29, ESRI:54009",1995,,verified: size = server Content-Length; zip CRC ok,,GET https://jeodpp.jrc.ec.europa.eu/ftp/jrc-opendata/GHSL/GHS_BUILT_V_GLOBE_R2023A/GHS_BUILT_V_E1995_GLOBE_R2023A_54009_100/V1-0/tiles/GHS_BUILT_V_E1995_GLOBE_R2023A_54009_100_V1_0_R9_C29.zip,2026-10-07T12:57:57+00:00,,
data/raw/ghsl_built_v_r2023a/2026-10-07_tiles/GHS_BUILT_V_E1995_GLOBE_R2023A_54009_100_V1_0_R9_C30.zip,ghsl_built_v_r2023a,3601803,1458ebaa580272b5e58feb559d4664ad2c0a7edc035d41ea8e7aa9597626d7eb,ZIP (GeoTIFF),"GHSL tile R9_C30, ESRI:54009",1995,,verified: size = server Content-Length; zip CRC ok,,GET https://jeodpp.jrc.ec.europa.eu/ftp/jrc-opendata/GHSL/GHS_BUILT_V_GLOBE_R2023A/GHS_BUILT_V_E1995_GLOBE_R2023A_54009_100/V1-0/tiles/GHS_BUILT_V_E1995_GLOBE_R2023A_54009_100_V1_0_R9_C30.zip,2026-10-07T12:58:05+00:00,,
data/raw/ghsl_built_v_r2023a/2026-10-07_tiles/GHS_BUILT_V_E1995_GLOBE_R2023A_54009_100_V1_0_R9_C31.zip,ghsl_built_v_r2023a,3715015,0380d5b225bc1d96468d7c3d55281152ce24bdf1f38fb64c13a9af6d686a3dbf,ZIP (GeoTIFF),"GHSL tile R9_C31, ESRI:54009",1995,,verified: size = server Content-Length; zip CRC ok,,GET https://jeodpp.jrc.ec.europa.eu/ftp/jrc-opendata/GHSL/GHS_BUILT_V_GLOBE_R2023A/GHS_BUILT_V_E1995_GLOBE_R2023A_54009_100/V1-0/tiles/GHS_BUILT_V_E1995_GLOBE_R2023A_54009_100_V1_0_R9_C31.zip,2026-10-07T12:58:07+00:00,,
data/raw/ghsl_built_v_r2023a/2026-10-07_tiles/GHS_BUILT_V_E1995_GLOBE_R2023A_54009_100_V1_0_R9_C32.zip,ghsl_built_v_r2023a,1484506,cf53e5e9f6fe65374515fceea9a37138207645968ae36bbe21b5858602b1a1a5,ZIP (GeoTIFF),"GHSL tile R9_C32, ESRI:54009",1995,,verified: size = server Content-Length; zip CRC ok,,GET https://jeodpp.jrc.ec.europa.eu/ftp/jrc-opendata/GHSL/GHS_BUILT_V_GLOBE_R2023A/GHS_BUILT_V_E1995_GLOBE_R2023A_54009_100/V1-0/tiles/GHS_BUILT_V_E1995_GLOBE_R2023A_54009_100_V1_0_R9_C32.zip,2026-10-07T12:58:06+00:00,,
data/raw/ghsl_built_v_r2023a/2026-10-07_tiles/GHS_BUILT_V_E1995_GLOBE_R2023A_54009_100_V1_0_R9_C33.zip,ghsl_built_v_r2023a,1442495,b194be2670483a3cf35a24c23e608f6008313c99199a5faaaa36d9a7df539772,ZIP (GeoTIFF),"GHSL tile R9_C33, ESRI:54009",1995,,verified: size = server Content-Length; zip CRC ok,,GET https://jeodpp.jrc.ec.europa.eu/ftp/jrc-opendata/GHSL/GHS_BUILT_V_GLOBE_R2023A/GHS_BUILT_V_E1995_GLOBE_R2023A_54009_100/V1-0/tiles/GHS_BUILT_V_E1995_GLOBE_R2023A_54009_100_V1_0_R9_C33.zip,2026-10-07T12:57:59+00:00,,
data/raw/ghsl_built_v_r2023a/2026-10-07_tiles/GHS_BUILT_V_E1995_GLOBE_R2023A_54009_100_V1_0_R10_C28.zip,ghsl_built_v_r2023a,1449945,4434bb4f836724d868f3ff9408588f1158b337dd141bd93bb9ce2ec87c824e98,ZIP (GeoTIFF),"GHSL tile R10_C28, ESRI:54009",1995,,verified: size = server Content-Length; zip CRC ok,,GET https://jeodpp.jrc.ec.europa.eu/ftp/jrc-opendata/GHSL/GHS_BUILT_V_GLOBE_R2023A/GHS_BUILT_V_E1995_GLOBE_R2023A_54009_100/V1-0/tiles/GHS_BUILT_V_E1995_GLOBE_R2023A_54009_100_V1_0_R10_C28.zip,2026-10-07T12:57:56+00:00,,
data/raw/ghsl_built_v_r2023a/2026-10-07_tiles/GHS_BUILT_V_E1995_GLOBE_R2023A_54009_100_V1_0_R10_C29.zip,ghsl_built_v_r2023a,9558498,6ac4291da808fe3d7a3e6d3b0d373c8dfe389de75fc72c023ad30e9d05b8f99a,ZIP (GeoTIFF),"GHSL tile R10_C29, ESRI:54009",1995,,verified: size = server Content-Length; zip CRC ok,,GET https://jeodpp.jrc.ec.europa.eu/ftp/jrc-opendata/GHSL/GHS_BUILT_V_GLOBE_R2023A/GHS_BUILT_V_E1995_GLOBE_R2023A_54009_100/V1-0/tiles/GHS_BUILT_V_E1995_GLOBE_R2023A_54009_100_V1_0_R10_C29.zip,2026-10-07T12:58:03+00:00,,
data/raw/ghsl_built_v_r2023a/2026-10-07_tiles/GHS_BUILT_V_E1995_GLOBE_R2023A_54009_100_V1_0_R10_C30.zip,ghsl_built_v_r2023a,8426112,e2c17340d1befd819e922d0c6759ad52c0e147a0212c16c39576822261f6ebf8,ZIP (GeoTIFF),"GHSL tile R10_C30, ESRI:54009",1995,,verified: size = server Content-Length; zip CRC ok,,GET https://jeodpp.jrc.ec.europa.eu/ftp/jrc-opendata/GHSL/GHS_BUILT_V_GLOBE_R2023A/GHS_BUILT_V_E1995_GLOBE_R2023A_54009_100/V1-0/tiles/GHS_BUILT_V_E1995_GLOBE_R2023A_54009_100_V1_0_R10_C30.zip,2026-10-07T12:58:04+00:00,,
data/raw/ghsl_built_v_r2023a/2026-10-07_tiles/GHS_BUILT_V_E1995_GLOBE_R2023A_54009_100_V1_0_R10_C31.zip,ghsl_built_v_r2023a,3789246,6305befe4d2727eed8eb55946244f837ff4d0625206e625a6dcc8e3176fb44df,ZIP (GeoTIFF),"GHSL tile R10_C31, ESRI:54009",1995,,verified: size = server Content-Length; zip CRC ok,,GET https://jeodpp.jrc.ec.europa.eu/ftp/jrc-opendata/GHSL/GHS_BUILT_V_GLOBE_R2023A/GHS_BUILT_V_E1995_GLOBE_R2023A_54009_100/V1-0/tiles/GHS_BUILT_V_E1995_GLOBE_R2023A_54009_100_V1_0_R10_C31.zip,2026-10-07T12:58:04+00:00,,
data/raw/ghsl_built_v_r2023a/2026-10-07_tiles/GHS_BUILT_V_E1995_GLOBE_R2023A_54009_100_V1_0_R10_C32.zip,ghsl_built_v_r2023a,2153311,4cf7c9c8c481de650949f87f6595b66846c8d89d8c445082ac55162fd68a41c2,ZIP (GeoTIFF),"GHSL tile R10_C32, ESRI:54009",1995,,verified: size = server Content-Length; zip CRC ok,,GET https://jeodpp.jrc.ec.europa.eu/ftp/jrc-opendata/GHSL/GHS_BUILT_V_GLOBE_R2023A/GHS_BUILT_V_E1995_GLOBE_R2023A_54009_100/V1-0/tiles/GHS_BUILT_V_E1995_GLOBE_R2023A_54009_100_V1_0_R10_C32.zip,2026-10-07T12:58:06+00:00,,
data/raw/ghsl_built_v_r2023a/2026-10-07_tiles/GHS_BUILT_V_E1995_GLOBE_R2023A_54009_100_V1_0_R10_C33.zip,ghsl_built_v_r2023a,2707960,73969f1c950dc4a679b9653cf1a2504347cac2fa6767d81143e47541617e1bb9,ZIP (GeoTIFF),"GHSL tile R10_C33, ESRI:54009",1995,,verified: size = server Content-Length; zip CRC ok,,GET https://jeodpp.jrc.ec.europa.eu/ftp/jrc-opendata/GHSL/GHS_BUILT_V_GLOBE_R2023A/GHS_BUILT_V_E1995_GLOBE_R2023A_54009_100/V1-0/tiles/GHS_BUILT_V_E1995_GLOBE_R2023A_54009_100_V1_0_R10_C33.zip,2026-10-07T12:57:59+00:00,,
data/raw/ghsl_built_v_r2023a/2026-10-07_tiles/GHS_BUILT_V_E1995_GLOBE_R2023A_54009_100_V1_0_R11_C28.zip,ghsl_built_v_r2023a,1428177,f8bdbe2c7e81591ab9ac1d252faa6bfe76f4270afb27eb2ad7d02292949eb5e0,ZIP (GeoTIFF),"GHSL tile R11_C28, ESRI:54009",1995,,verified: size = server Content-Length; zip CRC ok,,GET https://jeodpp.jrc.ec.europa.eu/ftp/jrc-opendata/GHSL/GHS_BUILT_V_GLOBE_R2023A/GHS_BUILT_V_E1995_GLOBE_R2023A_54009_100/V1-0/tiles/GHS_BUILT_V_E1995_GLOBE_R2023A_54009_100_V1_0_R11_C28.zip,2026-10-07T12:58:01+00:00,,
data/raw/ghsl_built_v_r2023a/2026-10-07_tiles/GHS_BUILT_V_E1995_GLOBE_R2023A_54009_100_V1_0_R11_C29.zip,ghsl_built_v_r2023a,1429274,a71b392620d3a95e20ef9df38e5de63414ed20a437cc4b4b805fad1a0c220efa,ZIP (GeoTIFF),"GHSL tile R11_C29, ESRI:54009",1995,,verified: size = server Content-Length; zip CRC ok,,GET https://jeodpp.jrc.ec.europa.eu/ftp/jrc-opendata/GHSL/GHS_BUILT_V_GLOBE_R2023A/GHS_BUILT_V_E1995_GLOBE_R2023A_54009_100/V1-0/tiles/GHS_BUILT_V_E1995_GLOBE_R2023A_54009_100_V1_0_R11_C29.zip,2026-10-07T12:58:02+00:00,,
data/raw/ghsl_built_v_r2023a/2026-10-07_tiles/GHS_BUILT_V_E1995_GLOBE_R2023A_54009_100_V1_0_R11_C30.zip,ghsl_built_v_r2023a,3412756,930946183c08817388e1e5dcc92f016046dafed138c72377b938819dadfe999a,ZIP (GeoTIFF),"GHSL tile R11_C30, ESRI:54009",1995,,verified: size = server Content-Length; zip CRC ok,,GET https://jeodpp.jrc.ec.europa.eu/ftp/jrc-opendata/GHSL/GHS_BUILT_V_GLOBE_R2023A/GHS_BUILT_V_E1995_GLOBE_R2023A_54009_100/V1-0/tiles/GHS_BUILT_V_E1995_GLOBE_R2023A_54009_100_V1_0_R11_C30.zip,2026-10-07T12:58:01+00:00,,
data/raw/ghsl_built_v_r2023a/2026-10-07_tiles/GHS_BUILT_V_E1995_GLOBE_R2023A_54009_100_V1_0_R11_C31.zip,ghsl_built_v_r2023a,2757276,5d52729d5be0848d455a526e725c8dab21626f99490f78186d19c20112b8d5d6,ZIP (GeoTIFF),"GHSL tile R11_C31, ESRI:54009",1995,,verified: size = server Content-Length; zip CRC ok,,GET https://jeodpp.jrc.ec.europa.eu/ftp/jrc-opendata/GHSL/GHS_BUILT_V_GLOBE_R2023A/GHS_BUILT_V_E1995_GLOBE_R2023A_54009_100/V1-0/tiles/GHS_BUILT_V_E1995_GLOBE_R2023A_54009_100_V1_0_R11_C31.zip,2026-10-07T12:58:01+00:00,,
data/raw/ghsl_built_v_r2023a/2026-10-07_tiles/GHS_BUILT_V_E1995_GLOBE_R2023A_54009_100_V1_0_R11_C32.zip,ghsl_built_v_r2023a,1659498,5ca20c39b43367bd422ecb85162c07f5858e27bebfb601e9ca935e467c54f6d1,ZIP (GeoTIFF),"GHSL tile R11_C32, ESRI:54009",1995,,verified: size = server Content-Length; zip CRC ok,,GET https://jeodpp.jrc.ec.europa.eu/ftp/jrc-opendata/GHSL/GHS_BUILT_V_GLOBE_R2023A/GHS_BUILT_V_E1995_GLOBE_R2023A_54009_100/V1-0/tiles/GHS_BUILT_V_E1995_GLOBE_R2023A_54009_100_V1_0_R11_C32.zip,2026-10-07T12:58:00+00:00,,
data/raw/ghsl_built_v_r2023a/2026-10-07_tiles/GHS_BUILT_V_E1995_GLOBE_R2023A_54009_100_V1_0_R11_C33.zip,ghsl_built_v_r2023a,1907830,e5b27e0caf527ffb7cebd3d4851b530bfeee93e03bc37dad849e976d0c7f7536,ZIP (GeoTIFF),"GHSL tile R11_C33, ESRI:54009",1995,,verified: size = server Content-Length; zip CRC ok,,GET https://jeodpp.jrc.ec.europa.eu/ftp/jrc-opendata/GHSL/GHS_BUILT_V_GLOBE_R2023A/GHS_BUILT_V_E1995_GLOBE_R2023A_54009_100/V1-0/tiles/GHS_BUILT_V_E1995_GLOBE_R2023A_54009_100_V1_0_R11_C33.zip,2026-10-07T12:58:00+00:00,,
data/raw/ghsl_built_v_r2023a/2026-10-07_tiles/GHS_BUILT_V_E2000_GLOBE_R2023A_54009_100_V1_0_R9_C28.zip,ghsl_built_v_r2023a,3861778,7ebcc17773545dd6e0a259b798ed07b97353dd5157d284d920a349131dd92b4c,ZIP (GeoTIFF),"GHSL tile R9_C28, ESRI:54009",2000,,verified: size = server Content-Length; zip CRC ok,,GET https://jeodpp.jrc.ec.europa.eu/ftp/jrc-opendata/GHSL/GHS_BUILT_V_GLOBE_R2023A/GHS_BUILT_V_E2000_GLOBE_R2023A_54009_100/V1-0/tiles/GHS_BUILT_V_E2000_GLOBE_R2023A_54009_100_V1_0_R9_C28.zip,2026-10-07T12:58:20+00:00,,
data/raw/ghsl_built_v_r2023a/2026-10-07_tiles/GHS_BUILT_V_E2000_GLOBE_R2023A_54009_100_V1_0_R9_C29.zip,ghsl_built_v_r2023a,7479738,a463cdc908d0d320f735f02412f64ab51d45119d7374abff54724f273894d6e1,ZIP (GeoTIFF),"GHSL tile R9_C29, ESRI:54009",2000,,verified: size = server Content-Length; zip CRC ok,,GET https://jeodpp.jrc.ec.europa.eu/ftp/jrc-opendata/GHSL/GHS_BUILT_V_GLOBE_R2023A/GHS_BUILT_V_E2000_GLOBE_R2023A_54009_100/V1-0/tiles/GHS_BUILT_V_E2000_GLOBE_R2023A_54009_100_V1_0_R9_C29.zip,2026-10-07T12:58:21+00:00,,
data/raw/ghsl_built_v_r2023a/2026-10-07_tiles/GHS_BUILT_V_E2000_GLOBE_R2023A_54009_100_V1_0_R9_C30.zip,ghsl_built_v_r2023a,3705692,a0d030f090367d2930b9cad0a842d96edec6bc37f7c559cad28d19b70d533787,ZIP (GeoTIFF),"GHSL tile R9_C30, ESRI:54009",2000,,verified: size = server Content-Length; zip CRC ok,,GET https://jeodpp.jrc.ec.europa.eu/ftp/jrc-opendata/GHSL/GHS_BUILT_V_GLOBE_R2023A/GHS_BUILT_V_E2000_GLOBE_R2023A_54009_100/V1-0/tiles/GHS_BUILT_V_E2000_GLOBE_R2023A_54009_100_V1_0_R9_C30.zip,2026-10-07T12:58:21+00:00,,
data/raw/ghsl_built_v_r2023a/2026-10-07_tiles/GHS_BUILT_V_E2000_GLOBE_R2023A_54009_100_V1_0_R9_C31.zip,ghsl_built_v_r2023a,3788225,ead5a348004291f062a504a2702535abd95bb1caf50526ecdfe56b66157a6afe,ZIP (GeoTIFF),"GHSL tile R9_C31, ESRI:54009",2000,,verified: size = server Content-Length; zip CRC ok,,GET https://jeodpp.jrc.ec.europa.eu/ftp/jrc-opendata/GHSL/GHS_BUILT_V_GLOBE_R2023A/GHS_BUILT_V_E2000_GLOBE_R2023A_54009_100/V1-0/tiles/GHS_BUILT_V_E2000_GLOBE_R2023A_54009_100_V1_0_R9_C31.zip,2026-10-07T12:58:16+00:00,,
data/raw/ghsl_built_v_r2023a/2026-10-07_tiles/GHS_BUILT_V_E2000_GLOBE_R2023A_54009_100_V1_0_R9_C32.zip,ghsl_built_v_r2023a,1484881,3ecfed18ee0aaa5ab56c7ab3e3ae8e575620ab8fddf3b1680d6c7de81680946b,ZIP (GeoTIFF),"GHSL tile R9_C32, ESRI:54009",2000,,verified: size = server Content-Length; zip CRC ok,,GET https://jeodpp.jrc.ec.europa.eu/ftp/jrc-opendata/GHSL/GHS_BUILT_V_GLOBE_R2023A/GHS_BUILT_V_E2000_GLOBE_R2023A_54009_100/V1-0/tiles/GHS_BUILT_V_E2000_GLOBE_R2023A_54009_100_V1_0_R9_C32.zip,2026-10-07T12:58:14+00:00,,
data/raw/ghsl_built_v_r2023a/2026-10-07_tiles/GHS_BUILT_V_E2000_GLOBE_R2023A_54009_100_V1_0_R9_C33.zip,ghsl_built_v_r2023a,1442236,0ba0df203c911c412e8d1d49a4c208a2b7ff51c609791fa3c897958a48c99ed4,ZIP (GeoTIFF),"GHSL tile R9_C33, ESRI:54009",2000,,verified: size = server Content-Length; zip CRC ok,,GET https://jeodpp.jrc.ec.europa.eu/ftp/jrc-opendata/GHSL/GHS_BUILT_V_GLOBE_R2023A/GHS_BUILT_V_E2000_GLOBE_R2023A_54009_100/V1-0/tiles/GHS_BUILT_V_E2000_GLOBE_R2023A_54009_100_V1_0_R9_C33.zip,2026-10-07T12:58:14+00:00,,
data/raw/ghsl_built_v_r2023a/2026-10-07_tiles/GHS_BUILT_V_E2000_GLOBE_R2023A_54009_100_V1_0_R10_C28.zip,ghsl_built_v_r2023a,1450562,364be1c21b72c31cd3c0c707182b96cbfedcae88da83fdcd3701a9613e396635,ZIP (GeoTIFF),"GHSL tile R10_C28, ESRI:54009",2000,,verified: size = server Content-Length; zip CRC ok,,GET https://jeodpp.jrc.ec.europa.eu/ftp/jrc-opendata/GHSL/GHS_BUILT_V_GLOBE_R2023A/GHS_BUILT_V_E2000_GLOBE_R2023A_54009_100/V1-0/tiles/GHS_BUILT_V_E2000_GLOBE_R2023A_54009_100_V1_0_R10_C28.zip,2026-10-07T12:58:17+00:00,,
data/raw/ghsl_built_v_r2023a/2026-10-07_tiles/GHS_BUILT_V_E2000_GLOBE_R2023A_54009_100_V1_0_R10_C29.zip,ghsl_built_v_r2023a,10007559,8b15968f275b40cc65b9b6e6ed2d7dde7545e8625f689430488d45857cb163e4,ZIP (GeoTIFF),"GHSL tile R10_C29, ESRI:54009",2000,,verified: size = server Content-Length; zip CRC ok,,GET https://jeodpp.jrc.ec.europa.eu/ftp/jrc-opendata/GHSL/GHS_BUILT_V_GLOBE_R2023A/GHS_BUILT_V_E2000_GLOBE_R2023A_54009_100/V1-0/tiles/GHS_BUILT_V_E2000_GLOBE_R2023A_54009_100_V1_0_R10_C29.zip,2026-10-07T13:33:59+00:00,,
data/raw/ghsl_built_v_r2023a/2026-10-07_tiles/GHS_BUILT_V_E2000_GLOBE_R2023A_54009_100_V1_0_R10_C30.zip,ghsl_built_v_r2023a,8722627,6b96164f69e1623a80b8fd8cb7ac34b27e589328a2fb9b5677c6a847d4fee671,ZIP (GeoTIFF),"GHSL tile R10_C30, ESRI:54009",2000,,verified: size = server Content-Length; zip CRC ok,,GET https://jeodpp.jrc.ec.europa.eu/ftp/jrc-opendata/GHSL/GHS_BUILT_V_GLOBE_R2023A/GHS_BUILT_V_E2000_GLOBE_R2023A_54009_100/V1-0/tiles/GHS_BUILT_V_E2000_GLOBE_R2023A_54009_100_V1_0_R10_C30.zip,2026-10-07T12:58:20+00:00,,
data/raw/ghsl_built_v_r2023a/2026-10-07_tiles/GHS_BUILT_V_E2000_GLOBE_R2023A_54009_100_V1_0_R10_C31.zip,ghsl_built_v_r2023a,3852855,dda4585e891b63bb5e0d17e73b632d04752996eee11ea2099bc473a5996de148,ZIP (GeoTIFF),"GHSL tile R10_C31, ESRI:54009",2000,,verified: size = server Content-Length; zip CRC ok,,GET https://jeodpp.jrc.ec.europa.eu/ftp/jrc-opendata/GHSL/GHS_BUILT_V_GLOBE_R2023A/GHS_BUILT_V_E2000_GLOBE_R2023A_54009_100/V1-0/tiles/GHS_BUILT_V_E2000_GLOBE_R2023A_54009_100_V1_0_R10_C31.zip,2026-10-07T12:58:15+00:00,,
data/raw/ghsl_built_v_r2023a/2026-10-07_tiles/GHS_BUILT_V_E2000_GLOBE_R2023A_54009_100_V1_0_R10_C32.zip,ghsl_built_v_r2023a,2177203,1bcb8de0312438296469bf0d45990656582e9c82ded492b588344564ac3f8b8d,ZIP (GeoTIFF),"GHSL tile R10_C32, ESRI:54009",2000,,verified: size = server Content-Length; zip CRC ok,,GET https://jeodpp.jrc.ec.europa.eu/ftp/jrc-opendata/GHSL/GHS_BUILT_V_GLOBE_R2023A/GHS_BUILT_V_E2000_GLOBE_R2023A_54009_100/V1-0/tiles/GHS_BUILT_V_E2000_GLOBE_R2023A_54009_100_V1_0_R10_C32.zip,2026-10-07T12:58:15+00:00,,
data/raw/ghsl_built_v_r2023a/2026-10-07_tiles/GHS_BUILT_V_E2000_GLOBE_R2023A_54009_100_V1_0_R10_C33.zip,ghsl_built_v_r2023a,2734412,981c543f1827be33348d5fbe51ffb9fe17ba8b785cc46859249c915590ed1b1a,ZIP (GeoTIFF),"GHSL tile R10_C33, ESRI:54009",2000,,verified: size = server Content-Length; zip CRC ok,,GET https://jeodpp.jrc.ec.europa.eu/ftp/jrc-opendata/GHSL/GHS_BUILT_V_GLOBE_R2023A/GHS_BUILT_V_E2000_GLOBE_R2023A_54009_100/V1-0/tiles/GHS_BUILT_V_E2000_GLOBE_R2023A_54009_100_V1_0_R10_C33.zip,2026-10-07T12:58:14+00:00,,
data/raw/ghsl_built_v_r2023a/2026-10-07_tiles/GHS_BUILT_V_E2000_GLOBE_R2023A_54009_100_V1_0_R11_C28.zip,ghsl_built_v_r2023a,1428172,382ee13d92b449c2a3e295b73f215dc42c99077ae3fc496f4fb81115810a191e,ZIP (GeoTIFF),"GHSL tile R11_C28, ESRI:54009",2000,,verified: size = server Content-Length; zip CRC ok,,GET https://jeodpp.jrc.ec.europa.eu/ftp/jrc-opendata/GHSL/GHS_BUILT_V_GLOBE_R2023A/GHS_BUILT_V_E2000_GLOBE_R2023A_54009_100/V1-0/tiles/GHS_BUILT_V_E2000_GLOBE_R2023A_54009_100_V1_0_R11_C28.zip,2026-10-07T12:58:11+00:00,,
data/raw/ghsl_built_v_r2023a/2026-10-07_tiles/GHS_BUILT_V_E2000_GLOBE_R2023A_54009_100_V1_0_R11_C29.zip,ghsl_built_v_r2023a,1429270,b9adc71e6c2f8c9adfd7195e402a3b978af5dda000363053b68d9b1d1d8367e0,ZIP (GeoTIFF),"GHSL tile R11_C29, ESRI:54009",2000,,verified: size = server Content-Length; zip CRC ok,,GET https://jeodpp.jrc.ec.europa.eu/ftp/jrc-opendata/GHSL/GHS_BUILT_V_GLOBE_R2023A/GHS_BUILT_V_E2000_GLOBE_R2023A_54009_100/V1-0/tiles/GHS_BUILT_V_E2000_GLOBE_R2023A_54009_100_V1_0_R11_C29.zip,2026-10-07T12:58:11+00:00,,
data/raw/ghsl_built_v_r2023a/2026-10-07_tiles/GHS_BUILT_V_E2000_GLOBE_R2023A_54009_100_V1_0_R11_C30.zip,ghsl_built_v_r2023a,3492799,a31725b743c54f8f4e3f44a4363bf5681d881877a179593b43cf327895086afb,ZIP (GeoTIFF),"GHSL tile R11_C30, ESRI:54009",2000,,verified: size = server Content-Length; zip CRC ok,,GET https://jeodpp.jrc.ec.europa.eu/ftp/jrc-opendata/GHSL/GHS_BUILT_V_GLOBE_R2023A/GHS_BUILT_V_E2000_GLOBE_R2023A_54009_100/V1-0/tiles/GHS_BUILT_V_E2000_GLOBE_R2023A_54009_100_V1_0_R11_C30.zip,2026-10-07T12:58:13+00:00,,
data/raw/ghsl_built_v_r2023a/2026-10-07_tiles/GHS_BUILT_V_E2000_GLOBE_R2023A_54009_100_V1_0_R11_C31.zip,ghsl_built_v_r2023a,2796665,dd2481bc6f640aedb5033e6ac7b01ceafb76d9e3cb495a9883b3090ad401262b,ZIP (GeoTIFF),"GHSL tile R11_C31, ESRI:54009",2000,,verified: size = server Content-Length; zip CRC ok,,GET https://jeodpp.jrc.ec.europa.eu/ftp/jrc-opendata/GHSL/GHS_BUILT_V_GLOBE_R2023A/GHS_BUILT_V_E2000_GLOBE_R2023A_54009_100/V1-0/tiles/GHS_BUILT_V_E2000_GLOBE_R2023A_54009_100_V1_0_R11_C31.zip,2026-10-07T12:58:12+00:00,,
data/raw/ghsl_built_v_r2023a/2026-10-07_tiles/GHS_BUILT_V_E2000_GLOBE_R2023A_54009_100_V1_0_R11_C32.zip,ghsl_built_v_r2023a,1658757,ab54e6a4004bb547f10489b5728a06bae31a7ee36a044c9573980600231815fc,ZIP (GeoTIFF),"GHSL tile R11_C32, ESRI:54009",2000,,verified: size = server Content-Length; zip CRC ok,,GET https://jeodpp.jrc.ec.europa.eu/ftp/jrc-opendata/GHSL/GHS_BUILT_V_GLOBE_R2023A/GHS_BUILT_V_E2000_GLOBE_R2023A_54009_100/V1-0/tiles/GHS_BUILT_V_E2000_GLOBE_R2023A_54009_100_V1_0_R11_C32.zip,2026-10-07T12:58:12+00:00,,
data/raw/ghsl_built_v_r2023a/2026-10-07_tiles/GHS_BUILT_V_E2000_GLOBE_R2023A_54009_100_V1_0_R11_C33.zip,ghsl_built_v_r2023a,1916237,2a39094d6097d616abe88c6aedfafd0f91ffd22cd3246b9ae0fdf3e7fee7d2e0,ZIP (GeoTIFF),"GHSL tile R11_C33, ESRI:54009",2000,,verified: size = server Content-Length; zip CRC ok,,GET https://jeodpp.jrc.ec.europa.eu/ftp/jrc-opendata/GHSL/GHS_BUILT_V_GLOBE_R2023A/GHS_BUILT_V_E2000_GLOBE_R2023A_54009_100/V1-0/tiles/GHS_BUILT_V_E2000_GLOBE_R2023A_54009_100_V1_0_R11_C33.zip,2026-10-07T12:58:14+00:00,,
data/raw/ghsl_built_v_r2023a/2026-10-07_tiles/GHS_BUILT_V_E2005_GLOBE_R2023A_54009_100_V1_0_R9_C28.zip,ghsl_built_v_r2023a,3954400,6a9b59cfc23b327c09b5c73edef2cd463871db9c6e742eaaa8aebc4b199e5f32,ZIP (GeoTIFF),"GHSL tile R9_C28, ESRI:54009",2005,,verified: size = server Content-Length; zip CRC ok,,GET https://jeodpp.jrc.ec.europa.eu/ftp/jrc-opendata/GHSL/GHS_BUILT_V_GLOBE_R2023A/GHS_BUILT_V_E2005_GLOBE_R2023A_54009_100/V1-0/tiles/GHS_BUILT_V_E2005_GLOBE_R2023A_54009_100_V1_0_R9_C28.zip,2026-10-07T12:58:25+00:00,,
data/raw/ghsl_built_v_r2023a/2026-10-07_tiles/GHS_BUILT_V_E2005_GLOBE_R2023A_54009_100_V1_0_R9_C29.zip,ghsl_built_v_r2023a,7784974,82b5fb2fdc90afa0cc39d9be2f1699d377d3077790d6529b4fa71d640b4641a6,ZIP (GeoTIFF),"GHSL tile R9_C29, ESRI:54009",2005,,verified: size = server Content-Length; zip CRC ok,,GET https://jeodpp.jrc.ec.europa.eu/ftp/jrc-opendata/GHSL/GHS_BUILT_V_GLOBE_R2023A/GHS_BUILT_V_E2005_GLOBE_R2023A_54009_100/V1-0/tiles/GHS_BUILT_V_E2005_GLOBE_R2023A_54009_100_V1_0_R9_C29.zip,2026-10-07T12:58:25+00:00,,
data/raw/ghsl_built_v_r2023a/2026-10-07_tiles/GHS_BUILT_V_E2005_GLOBE_R2023A_54009_100_V1_0_R9_C30.zip,ghsl_built_v_r2023a,3795782,0af171243c584a8f45f4537245f98a925c749a973bb8636f38f677c8b92deb2b,ZIP (GeoTIFF),"GHSL tile R9_C30, ESRI:54009",2005,,verified: size = server Content-Length; zip CRC ok,,GET https://jeodpp.jrc.ec.europa.eu/ftp/jrc-opendata/GHSL/GHS_BUILT_V_GLOBE_R2023A/GHS_BUILT_V_E2005_GLOBE_R2023A_54009_100/V1-0/tiles/GHS_BUILT_V_E2005_GLOBE_R2023A_54009_100_V1_0_R9_C30.zip,2026-10-07T12:58:25+00:00,,
data/raw/ghsl_built_v_r2023a/2026-10-07_tiles/GHS_BUILT_V_E2005_GLOBE_R2023A_54009_100_V1_0_R9_C31.zip,ghsl_built_v_r2023a,3897082,3f510682691b7f6ef40d0b79474bd96a5fcc16d49288f11abf254ac8f23a9d8f,ZIP (GeoTIFF),"GHSL tile R9_C31, ESRI:54009",2005,,verified: size = server Content-Length; zip CRC ok,,GET https://jeodpp.jrc.ec.europa.eu/ftp/jrc-opendata/GHSL/GHS_BUILT_V_GLOBE_R2023A/GHS_BUILT_V_E2005_GLOBE_R2023A_54009_100/V1-0/tiles/GHS_BUILT_V_E2005_GLOBE_R2023A_54009_100_V1_0_R9_C31.zip,2026-10-07T12:58:25+00:00,,
data/raw/ghsl_built_v_r2023a/2026-10-07_tiles/GHS_BUILT_V_E2005_GLOBE_R2023A_54009_100_V1_0_R9_C32.zip,ghsl_built_v_r2023a,1485302,709f93df77638cc230855d4151c38c5f88df684eb8ca522c02446a067619bcad,ZIP (GeoTIFF),"GHSL tile R9_C32, ESRI:54009",2005,,verified: size = server Content-Length; zip CRC ok,,GET https://jeodpp.jrc.ec.europa.eu/ftp/jrc-opendata/GHSL/GHS_BUILT_V_GLOBE_R2023A/GHS_BUILT_V_E2005_GLOBE_R2023A_54009_100/V1-0/tiles/GHS_BUILT_V_E2005_GLOBE_R2023A_54009_100_V1_0_R9_C32.zip,2026-10-07T12:58:26+00:00,,
data/raw/ghsl_built_v_r2023a/2026-10-07_tiles/GHS_BUILT_V_E2005_GLOBE_R2023A_54009_100_V1_0_R9_C33.zip,ghsl_built_v_r2023a,1442234,f3945af14c933eeb5e692de09f82bb46133ec5dc27583d7298e3a7cdc5c34531,ZIP (GeoTIFF),"GHSL tile R9_C33, ESRI:54009",2005,,verified: size = server Content-Length; zip CRC ok,,GET https://jeodpp.jrc.ec.europa.eu/ftp/jrc-opendata/GHSL/GHS_BUILT_V_GLOBE_R2023A/GHS_BUILT_V_E2005_GLOBE_R2023A_54009_100/V1-0/tiles/GHS_BUILT_V_E2005_GLOBE_R2023A_54009_100_V1_0_R9_C33.zip,2026-10-07T12:58:26+00:00,,
data/raw/ghsl_built_v_r2023a/2026-10-07_tiles/GHS_BUILT_V_E2005_GLOBE_R2023A_54009_100_V1_0_R10_C28.zip,ghsl_built_v_r2023a,1450998,11b28a30da6bd57de862651a1a48fe5af1bb6bf77e24e5076e0c12097193700d,ZIP (GeoTIFF),"GHSL tile R10_C28, ESRI:54009",2005,,verified: size = server Content-Length; zip CRC ok,,GET https://jeodpp.jrc.ec.europa.eu/ftp/jrc-opendata/GHSL/GHS_BUILT_V_GLOBE_R2023A/GHS_BUILT_V_E2005_GLOBE_R2023A_54009_100/V1-0/tiles/GHS_BUILT_V_E2005_GLOBE_R2023A_54009_100_V1_0_R10_C28.zip,2026-10-07T12:58:34+00:00,,
data/raw/ghsl_built_v_r2023a/2026-10-07_tiles/GHS_BUILT_V_E2005_GLOBE_R2023A_54009_100_V1_0_R10_C29.zip,ghsl_built_v_r2023a,10473550,2cce62c42db79d457b8fd56f89be4cbdaaaf05369d23e4ee7e7e0d4030f64b2c,ZIP (GeoTIFF),"GHSL tile R10_C29, ESRI:54009",2005,,verified: size = server Content-Length; zip CRC ok,,GET https://jeodpp.jrc.ec.europa.eu/ftp/jrc-opendata/GHSL/GHS_BUILT_V_GLOBE_R2023A/GHS_BUILT_V_E2005_GLOBE_R2023A_54009_100/V1-0/tiles/GHS_BUILT_V_E2005_GLOBE_R2023A_54009_100_V1_0_R10_C29.zip,2026-10-07T12:58:32+00:00,,
data/raw/ghsl_built_v_r2023a/2026-10-07_tiles/GHS_BUILT_V_E2005_GLOBE_R2023A_54009_100_V1_0_R10_C30.zip,ghsl_built_v_r2023a,9110667,706f1d2d859428ce7646933d54629cb50f12d2c24141281e9ec6fa347ddde45a,ZIP (GeoTIFF),"GHSL tile R10_C30, ESRI:54009",2005,,verified: size = server Content-Length; zip CRC ok,,GET https://jeodpp.jrc.ec.europa.eu/ftp/jrc-opendata/GHSL/GHS_BUILT_V_GLOBE_R2023A/GHS_BUILT_V_E2005_GLOBE_R2023A_54009_100/V1-0/tiles/GHS_BUILT_V_E2005_GLOBE_R2023A_54009_100_V1_0_R10_C30.zip,2026-10-07T12:58:31+00:00,,
data/raw/ghsl_built_v_r2023a/2026-10-07_tiles/GHS_BUILT_V_E2005_GLOBE_R2023A_54009_100_V1_0_R10_C31.zip,ghsl_built_v_r2023a,3944799,c8a96569973f03a78d0e45369cc9112b0f76e8e0990862fbcb5c0d8bcc849c36,ZIP (GeoTIFF),"GHSL tile R10_C31, ESRI:54009",2005,,verified: size = server Content-Length; zip CRC ok,,GET https://jeodpp.jrc.ec.europa.eu/ftp/jrc-opendata/GHSL/GHS_BUILT_V_GLOBE_R2023A/GHS_BUILT_V_E2005_GLOBE_R2023A_54009_100/V1-0/tiles/GHS_BUILT_V_E2005_GLOBE_R2023A_54009_100_V1_0_R10_C31.zip,2026-10-07T12:58:30+00:00,,
data/raw/ghsl_built_v_r2023a/2026-10-07_tiles/GHS_BUILT_V_E2005_GLOBE_R2023A_54009_100_V1_0_R10_C32.zip,ghsl_built_v_r2023a,2195696,0f4e486c067ce43e13c2e03c707f20ba7efbf79fc1d924c1e0d39aef0c169669,ZIP (GeoTIFF),"GHSL tile R10_C32, ESRI:54009",2005,,verified: size = server Content-Length; zip CRC ok,,GET https://jeodpp.jrc.ec.europa.eu/ftp/jrc-opendata/GHSL/GHS_BUILT_V_GLOBE_R2023A/GHS_BUILT_V_E2005_GLOBE_R2023A_54009_100/V1-0/tiles/GHS_BUILT_V_E2005_GLOBE_R2023A_54009_100_V1_0_R10_C32.zip,2026-10-07T12:58:29+00:00,,
data/raw/ghsl_built_v_r2023a/2026-10-07_tiles/GHS_BUILT_V_E2005_GLOBE_R2023A_54009_100_V1_0_R10_C33.zip,ghsl_built_v_r2023a,2781281,df8d84bae5af877f597ab1b6371379e4dcfdc7f054ce6dfdcde9ac46be6f5091,ZIP (GeoTIFF),"GHSL tile R10_C33, ESRI:54009",2005,,verified: size = server Content-Length; zip CRC ok,,GET https://jeodpp.jrc.ec.europa.eu/ftp/jrc-opendata/GHSL/GHS_BUILT_V_GLOBE_R2023A/GHS_BUILT_V_E2005_GLOBE_R2023A_54009_100/V1-0/tiles/GHS_BUILT_V_E2005_GLOBE_R2023A_54009_100_V1_0_R10_C33.zip,2026-10-07T12:58:28+00:00,,
data/raw/ghsl_built_v_r2023a/2026-10-07_tiles/GHS_BUILT_V_E2005_GLOBE_R2023A_54009_100_V1_0_R11_C28.zip,ghsl_built_v_r2023a,1428170,d5f2f1077f3cb87d18150ed67a3ca505b6de32697045803b08cf7885e968b891,ZIP (GeoTIFF),"GHSL tile R11_C28, ESRI:54009",2005,,verified: size = server Content-Length; zip CRC ok,,GET https://jeodpp.jrc.ec.europa.eu/ftp/jrc-opendata/GHSL/GHS_BUILT_V_GLOBE_R2023A/GHS_BUILT_V_E2005_GLOBE_R2023A_54009_100/V1-0/tiles/GHS_BUILT_V_E2005_GLOBE_R2023A_54009_100_V1_0_R11_C28.zip,2026-10-07T12:58:32+00:00,,
data/raw/ghsl_built_v_r2023a/2026-10-07_tiles/GHS_BUILT_V_E2005_GLOBE_R2023A_54009_100_V1_0_R11_C29.zip,ghsl_built_v_r2023a,1429277,6217f31a85a0ed438029e0227d86bafe751b0c384ce46c0d2c60f2dc159a6912,ZIP (GeoTIFF),"GHSL tile R11_C29, ESRI:54009",2005,,verified: size = server Content-Length; zip CRC ok,,GET https://jeodpp.jrc.ec.europa.eu/ftp/jrc-opendata/GHSL/GHS_BUILT_V_GLOBE_R2023A/GHS_BUILT_V_E2005_GLOBE_R2023A_54009_100/V1-0/tiles/GHS_BUILT_V_E2005_GLOBE_R2023A_54009_100_V1_0_R11_C29.zip,2026-10-07T12:58:30+00:00,,
data/raw/ghsl_built_v_r2023a/2026-10-07_tiles/GHS_BUILT_V_E2005_GLOBE_R2023A_54009_100_V1_0_R11_C30.zip,ghsl_built_v_r2023a,3604089,99403e094c0aca0018093695c90f4717ab709675c6c53ca65779c5214cf3a618,ZIP (GeoTIFF),"GHSL tile R11_C30, ESRI:54009",2005,,verified: size = server Content-Length; zip CRC ok,,GET https://jeodpp.jrc.ec.europa.eu/ftp/jrc-opendata/GHSL/GHS_BUILT_V_GLOBE_R2023A/GHS_BUILT_V_E2005_GLOBE_R2023A_54009_100/V1-0/tiles/GHS_BUILT_V_E2005_GLOBE_R2023A_54009_100_V1_0_R11_C30.zip,2026-10-07T12:58:31+00:00,,
data/raw/ghsl_built_v_r2023a/2026-10-07_tiles/GHS_BUILT_V_E2005_GLOBE_R2023A_54009_100_V1_0_R11_C31.zip,ghsl_built_v_r2023a,2844742,f5db480768a3d8af2a58bb7b026a110ffccd1cc0a19be6c258e10a23a920aeae,ZIP (GeoTIFF),"GHSL tile R11_C31, ESRI:54009",2005,,verified: size = server Content-Length; zip CRC ok,,GET https://jeodpp.jrc.ec.europa.eu/ftp/jrc-opendata/GHSL/GHS_BUILT_V_GLOBE_R2023A/GHS_BUILT_V_E2005_GLOBE_R2023A_54009_100/V1-0/tiles/GHS_BUILT_V_E2005_GLOBE_R2023A_54009_100_V1_0_R11_C31.zip,2026-10-07T12:58:30+00:00,,
data/raw/ghsl_built_v_r2023a/2026-10-07_tiles/GHS_BUILT_V_E2005_GLOBE_R2023A_54009_100_V1_0_R11_C32.zip,ghsl_built_v_r2023a,1661923,a7a63eb80556fb4e91ecfd25123febd8e8725489b27ef286b522785647fd37c2,ZIP (GeoTIFF),"GHSL tile R11_C32, ESRI:54009",2005,,verified: size = server Content-Length; zip CRC ok,,GET https://jeodpp.jrc.ec.europa.eu/ftp/jrc-opendata/GHSL/GHS_BUILT_V_GLOBE_R2023A/GHS_BUILT_V_E2005_GLOBE_R2023A_54009_100/V1-0/tiles/GHS_BUILT_V_E2005_GLOBE_R2023A_54009_100_V1_0_R11_C32.zip,2026-10-07T12:58:29+00:00,,
data/raw/ghsl_built_v_r2023a/2026-10-07_tiles/GHS_BUILT_V_E2005_GLOBE_R2023A_54009_100_V1_0_R11_C33.zip,ghsl_built_v_r2023a,1922895,6b5ea35306d2cdddc02b7db3ff6d583b276aafddfc4c5b8dc22b0d6a61e1d5a3,ZIP (GeoTIFF),"GHSL tile R11_C33, ESRI:54009",2005,,verified: size = server Content-Length; zip CRC ok,,GET https://jeodpp.jrc.ec.europa.eu/ftp/jrc-opendata/GHSL/GHS_BUILT_V_GLOBE_R2023A/GHS_BUILT_V_E2005_GLOBE_R2023A_54009_100/V1-0/tiles/GHS_BUILT_V_E2005_GLOBE_R2023A_54009_100_V1_0_R11_C33.zip,2026-10-07T12:58:29+00:00,,
data/raw/ghsl_built_v_r2023a/2026-10-07_tiles/GHS_BUILT_V_E2010_GLOBE_R2023A_54009_100_V1_0_R9_C28.zip,ghsl_built_v_r2023a,4050993,d4ddcb76cb6a972f84a5365d1d5d11e666d20bbb605711c8d31542ea15fd52d3,ZIP (GeoTIFF),"GHSL tile R9_C28, ESRI:54009",2010,,verified: size = server Content-Length; zip CRC ok,,GET https://jeodpp.jrc.ec.europa.eu/ftp/jrc-opendata/GHSL/GHS_BUILT_V_GLOBE_R2023A/GHS_BUILT_V_E2010_GLOBE_R2023A_54009_100/V1-0/tiles/GHS_BUILT_V_E2010_GLOBE_R2023A_54009_100_V1_0_R9_C28.zip,2026-10-07T12:58:45+00:00,,
data/raw/ghsl_built_v_r2023a/2026-10-07_tiles/GHS_BUILT_V_E2010_GLOBE_R2023A_54009_100_V1_0_R9_C29.zip,ghsl_built_v_r2023a,8081391,a0de32eed2a81a7d24767e89281241a4b6eb107bb938402dc2c402dfecf50c24,ZIP (GeoTIFF),"GHSL tile R9_C29, ESRI:54009",2010,,verified: size = server Content-Length; zip CRC ok,,GET https://jeodpp.jrc.ec.europa.eu/ftp/jrc-opendata/GHSL/GHS_BUILT_V_GLOBE_R2023A/GHS_BUILT_V_E2010_GLOBE_R2023A_54009_100/V1-0/tiles/GHS_BUILT_V_E2010_GLOBE_R2023A_54009_100_V1_0_R9_C29.zip,2026-10-07T12:58:45+00:00,,
data/raw/ghsl_built_v_r2023a/2026-10-07_tiles/GHS_BUILT_V_E2010_GLOBE_R2023A_54009_100_V1_0_R9_C30.zip,ghsl_built_v_r2023a,3893415,70421f6ca1d033d54caa7836702de455ba7e576a4a2a2314f83fb6ca00c5a17b,ZIP (GeoTIFF),"GHSL tile R9_C30, ESRI:54009",2010,,verified: size = server Content-Length; zip CRC ok,,GET https://jeodpp.jrc.ec.europa.eu/ftp/jrc-opendata/GHSL/GHS_BUILT_V_GLOBE_R2023A/GHS_BUILT_V_E2010_GLOBE_R2023A_54009_100/V1-0/tiles/GHS_BUILT_V_E2010_GLOBE_R2023A_54009_100_V1_0_R9_C30.zip,2026-10-07T12:58:44+00:00,,
data/raw/ghsl_built_v_r2023a/2026-10-07_tiles/GHS_BUILT_V_E2010_GLOBE_R2023A_54009_100_V1_0_R9_C31.zip,ghsl_built_v_r2023a,4025376,7db865602329f0b7c656ac415755ca0526f586aac1a94d4a6d77361c41cf37ab,ZIP (GeoTIFF),"GHSL tile R9_C31, ESRI:54009",2010,,verified: size = server Content-Length; zip CRC ok,,GET https://jeodpp.jrc.ec.europa.eu/ftp/jrc-opendata/GHSL/GHS_BUILT_V_GLOBE_R2023A/GHS_BUILT_V_E2010_GLOBE_R2023A_54009_100/V1-0/tiles/GHS_BUILT_V_E2010_GLOBE_R2023A_54009_100_V1_0_R9_C31.zip,2026-10-07T12:58:43+00:00,,
data/raw/ghsl_built_v_r2023a/2026-10-07_tiles/GHS_BUILT_V_E2010_GLOBE_R2023A_54009_100_V1_0_R9_C32.zip,ghsl_built_v_r2023a,1485677,33832cca56e6a784521ae0bea46e73d9de9efdfbc965c4cd71c9769f40335432,ZIP (GeoTIFF),"GHSL tile R9_C32, ESRI:54009",2010,,verified: size = server Content-Length; zip CRC ok,,GET https://jeodpp.jrc.ec.europa.eu/ftp/jrc-opendata/GHSL/GHS_BUILT_V_GLOBE_R2023A/GHS_BUILT_V_E2010_GLOBE_R2023A_54009_100/V1-0/tiles/GHS_BUILT_V_E2010_GLOBE_R2023A_54009_100_V1_0_R9_C32.zip,2026-10-07T12:58:43+00:00,,
data/raw/ghsl_built_v_r2023a/2026-10-07_tiles/GHS_BUILT_V_E2010_GLOBE_R2023A_54009_100_V1_0_R9_C33.zip,ghsl_built_v_r2023a,1442781,c18794789bdae706f19ba8d53f4e0365b280e4f6abbfad828e9fe2bb92fb61af,ZIP (GeoTIFF),"GHSL tile R9_C33, ESRI:54009",2010,,verified: size = server Content-Length; zip CRC ok,,GET https://jeodpp.jrc.ec.europa.eu/ftp/jrc-opendata/GHSL/GHS_BUILT_V_GLOBE_R2023A/GHS_BUILT_V_E2010_GLOBE_R2023A_54009_100/V1-0/tiles/GHS_BUILT_V_E2010_GLOBE_R2023A_54009_100_V1_0_R9_C33.zip,2026-10-07T12:58:43+00:00,,
data/raw/ghsl_built_v_r2023a/2026-10-07_tiles/GHS_BUILT_V_E2010_GLOBE_R2023A_54009_100_V1_0_R10_C28.zip,ghsl_built_v_r2023a,1449763,530471c236fbf05ac626d1a1641e7674595272286d031a3291214dd9aacf02b0,ZIP (GeoTIFF),"GHSL tile R10_C28, ESRI:54009",2010,,verified: size = server Content-Length; zip CRC ok,,GET https://jeodpp.jrc.ec.europa.eu/ftp/jrc-opendata/GHSL/GHS_BUILT_V_GLOBE_R2023A/GHS_BUILT_V_E2010_GLOBE_R2023A_54009_100/V1-0/tiles/GHS_BUILT_V_E2010_GLOBE_R2023A_54009_100_V1_0_R10_C28.zip,2026-10-07T12:58:37+00:00,,
data/raw/ghsl_built_v_r2023a/2026-10-07_tiles/GHS_BUILT_V_E2010_GLOBE_R2023A_54009_100_V1_0_R10_C29.zip,ghsl_built_v_r2023a,10942836,fe8b0d90c216dc031b31a0ce37f8d8e872156fa7c5ce351e2f5fddfbe52709b7,ZIP (GeoTIFF),"GHSL tile R10_C29, ESRI:54009",2010,,verified: size = server Content-Length; zip CRC ok,,GET https://jeodpp.jrc.ec.europa.eu/ftp/jrc-opendata/GHSL/GHS_BUILT_V_GLOBE_R2023A/GHS_BUILT_V_E2010_GLOBE_R2023A_54009_100/V1-0/tiles/GHS_BUILT_V_E2010_GLOBE_R2023A_54009_100_V1_0_R10_C29.zip,2026-10-07T12:58:39+00:00,,
data/raw/ghsl_built_v_r2023a/2026-10-07_tiles/GHS_BUILT_V_E2010_GLOBE_R2023A_54009_100_V1_0_R10_C30.zip,ghsl_built_v_r2023a,9497268,caf08ff66cde7935717826e79602a471a7329f922e0b6b8bf108ad7aa456c8d8,ZIP (GeoTIFF),"GHSL tile R10_C30, ESRI:54009",2010,,verified: size = server Content-Length; zip CRC ok,,GET https://jeodpp.jrc.ec.europa.eu/ftp/jrc-opendata/GHSL/GHS_BUILT_V_GLOBE_R2023A/GHS_BUILT_V_E2010_GLOBE_R2023A_54009_100/V1-0/tiles/GHS_BUILT_V_E2010_GLOBE_R2023A_54009_100_V1_0_R10_C30.zip,2026-10-07T12:58:40+00:00,,
data/raw/ghsl_built_v_r2023a/2026-10-07_tiles/GHS_BUILT_V_E2010_GLOBE_R2023A_54009_100_V1_0_R10_C31.zip,ghsl_built_v_r2023a,4041523,593277813b4f8e91dd2409e7b1386ec2004dc88e5b33ae02ffd868b7d2b18b64,ZIP (GeoTIFF),"GHSL tile R10_C31, ESRI:54009",2010,,verified: size = server Content-Length; zip CRC ok,,GET https://jeodpp.jrc.ec.europa.eu/ftp/jrc-opendata/GHSL/GHS_BUILT_V_GLOBE_R2023A/GHS_BUILT_V_E2010_GLOBE_R2023A_54009_100/V1-0/tiles/GHS_BUILT_V_E2010_GLOBE_R2023A_54009_100_V1_0_R10_C31.zip,2026-10-07T12:58:41+00:00,,
data/raw/ghsl_built_v_r2023a/2026-10-07_tiles/GHS_BUILT_V_E2010_GLOBE_R2023A_54009_100_V1_0_R10_C32.zip,ghsl_built_v_r2023a,2213997,cf3a41ba23cd1ec9212e9105854ac02984f036b0b2e0f00e5d5bf3de0f2f5fda,ZIP (GeoTIFF),"GHSL tile R10_C32, ESRI:54009",2010,,verified: size = server Content-Length; zip CRC ok,,GET https://jeodpp.jrc.ec.europa.eu/ftp/jrc-opendata/GHSL/GHS_BUILT_V_GLOBE_R2023A/GHS_BUILT_V_E2010_GLOBE_R2023A_54009_100/V1-0/tiles/GHS_BUILT_V_E2010_GLOBE_R2023A_54009_100_V1_0_R10_C32.zip,2026-10-07T12:58:41+00:00,,
data/raw/ghsl_built_v_r2023a/2026-10-07_tiles/GHS_BUILT_V_E2010_GLOBE_R2023A_54009_100_V1_0_R10_C33.zip,ghsl_built_v_r2023a,2837965,f37337e2ed9120ee912a199bec20a10d3db0436904842d159aec0989e40f7ca3,ZIP (GeoTIFF),"GHSL tile R10_C33, ESRI:54009",2010,,verified: size = server Content-Length; zip CRC ok,,GET https://jeodpp.jrc.ec.europa.eu/ftp/jrc-opendata/GHSL/GHS_BUILT_V_GLOBE_R2023A/GHS_BUILT_V_E2010_GLOBE_R2023A_54009_100/V1-0/tiles/GHS_BUILT_V_E2010_GLOBE_R2023A_54009_100_V1_0_R10_C33.zip,2026-10-07T12:58:42+00:00,,
data/raw/ghsl_built_v_r2023a/2026-10-07_tiles/GHS_BUILT_V_E2010_GLOBE_R2023A_54009_100_V1_0_R11_C28.zip,ghsl_built_v_r2023a,1428174,673ecb6056cc059012a89872c233e8f65eb1b5a3b48a45e9ba84a90ff6bc95c3,ZIP (GeoTIFF),"GHSL tile R11_C28, ESRI:54009",2010,,verified: size = server Content-Length; zip CRC ok,,GET https://jeodpp.jrc.ec.europa.eu/ftp/jrc-opendata/GHSL/GHS_BUILT_V_GLOBE_R2023A/GHS_BUILT_V_E2010_GLOBE_R2023A_54009_100/V1-0/tiles/GHS_BUILT_V_E2010_GLOBE_R2023A_54009_100_V1_0_R11_C28.zip,2026-10-07T12:58:39+00:00,,
data/raw/ghsl_built_v_r2023a/2026-10-07_tiles/GHS_BUILT_V_E2010_GLOBE_R2023A_54009_100_V1_0_R11_C29.zip,ghsl_built_v_r2023a,1429410,429a9e096e100eb5fa2ad0169a24fbabe2a7b4ebff7f986207ec716082b04f46,ZIP (GeoTIFF),"GHSL tile R11_C29, ESRI:54009",2010,,verified: size = server Content-Length; zip CRC ok,,GET https://jeodpp.jrc.ec.europa.eu/ftp/jrc-opendata/GHSL/GHS_BUILT_V_GLOBE_R2023A/GHS_BUILT_V_E2010_GLOBE_R2023A_54009_100/V1-0/tiles/GHS_BUILT_V_E2010_GLOBE_R2023A_54009_100_V1_0_R11_C29.zip,2026-10-07T12:58:40+00:00,,
data/raw/ghsl_built_v_r2023a/2026-10-07_tiles/GHS_BUILT_V_E2010_GLOBE_R2023A_54009_100_V1_0_R11_C30.zip,ghsl_built_v_r2023a,3717892,32f46dd677d2d7505576a966514d6375b864a447d1b737fc7df7a5e9559c1bc2,ZIP (GeoTIFF),"GHSL tile R11_C30, ESRI:54009",2010,,verified: size = server Content-Length; zip CRC ok,,GET https://jeodpp.jrc.ec.europa.eu/ftp/jrc-opendata/GHSL/GHS_BUILT_V_GLOBE_R2023A/GHS_BUILT_V_E2010_GLOBE_R2023A_54009_100/V1-0/tiles/GHS_BUILT_V_E2010_GLOBE_R2023A_54009_100_V1_0_R11_C30.zip,2026-10-07T12:58:39+00:00,,
data/raw/ghsl_built_v_r2023a/2026-10-07_tiles/GHS_BUILT_V_E2010_GLOBE_R2023A_54009_100_V1_0_R11_C31.zip,ghsl_built_v_r2023a,2899323,75d0355cefa2e044a791f145183e9dd627c15804b46f53fffdaabf6ce905d2c1,ZIP (GeoTIFF),"GHSL tile R11_C31, ESRI:54009",2010,,verified: size = server Content-Length; zip CRC ok,,GET https://jeodpp.jrc.ec.europa.eu/ftp/jrc-opendata/GHSL/GHS_BUILT_V_GLOBE_R2023A/GHS_BUILT_V_E2010_GLOBE_R2023A_54009_100/V1-0/tiles/GHS_BUILT_V_E2010_GLOBE_R2023A_54009_100_V1_0_R11_C31.zip,2026-10-07T12:58:41+00:00,,
data/raw/ghsl_built_v_r2023a/2026-10-07_tiles/GHS_BUILT_V_E2010_GLOBE_R2023A_54009_100_V1_0_R11_C32.zip,ghsl_built_v_r2023a,1669626,d1952a1b95fb71c12c15a688b962029d7b0add50f5744c3faf9508a87af88d24,ZIP (GeoTIFF),"GHSL tile R11_C32, ESRI:54009",2010,,verified: size = server Content-Length; zip CRC ok,,GET https://jeodpp.jrc.ec.europa.eu/ftp/jrc-opendata/GHSL/GHS_BUILT_V_GLOBE_R2023A/GHS_BUILT_V_E2010_GLOBE_R2023A_54009_100/V1-0/tiles/GHS_BUILT_V_E2010_GLOBE_R2023A_54009_100_V1_0_R11_C32.zip,2026-10-07T12:58:41+00:00,,
data/raw/ghsl_built_v_r2023a/2026-10-07_tiles/GHS_BUILT_V_E2010_GLOBE_R2023A_54009_100_V1_0_R11_C33.zip,ghsl_built_v_r2023a,1930883,e1edf6d6cb8954b4500134d8292fd38ef22fae7d83efad8db6dad9b786f38982,ZIP (GeoTIFF),"GHSL tile R11_C33, ESRI:54009",2010,,verified: size = server Content-Length; zip CRC ok,,GET https://jeodpp.jrc.ec.europa.eu/ftp/jrc-opendata/GHSL/GHS_BUILT_V_GLOBE_R2023A/GHS_BUILT_V_E2010_GLOBE_R2023A_54009_100/V1-0/tiles/GHS_BUILT_V_E2010_GLOBE_R2023A_54009_100_V1_0_R11_C33.zip,2026-10-07T12:58:42+00:00,,
data/raw/ghsl_built_v_r2023a/2026-10-07_tiles/GHS_BUILT_V_E2015_GLOBE_R2023A_54009_100_V1_0_R9_C28.zip,ghsl_built_v_r2023a,4176783,13e2fafc2a338f1d79bf9143d114415144d84961b308b6e9120a150c643330b8,ZIP (GeoTIFF),"GHSL tile R9_C28, ESRI:54009",2015,,verified: size = server Content-Length; zip CRC ok,,GET https://jeodpp.jrc.ec.europa.eu/ftp/jrc-opendata/GHSL/GHS_BUILT_V_GLOBE_R2023A/GHS_BUILT_V_E2015_GLOBE_R2023A_54009_100/V1-0/tiles/GHS_BUILT_V_E2015_GLOBE_R2023A_54009_100_V1_0_R9_C28.zip,2026-10-07T12:59:12+00:00,,
data/raw/ghsl_built_v_r2023a/2026-10-07_tiles/GHS_BUILT_V_E2015_GLOBE_R2023A_54009_100_V1_0_R9_C29.zip,ghsl_built_v_r2023a,8497373,a244d3af4af2fa03c4dafde1535312b770b263e217ad3383fd213017ac3bee37,ZIP (GeoTIFF),"GHSL tile R9_C29, ESRI:54009",2015,,verified: size = server Content-Length; zip CRC ok,,GET https://jeodpp.jrc.ec.europa.eu/ftp/jrc-opendata/GHSL/GHS_BUILT_V_GLOBE_R2023A/GHS_BUILT_V_E2015_GLOBE_R2023A_54009_100/V1-0/tiles/GHS_BUILT_V_E2015_GLOBE_R2023A_54009_100_V1_0_R9_C29.zip,2026-10-07T12:59:06+00:00,,
data/raw/ghsl_built_v_r2023a/2026-10-07_tiles/GHS_BUILT_V_E2015_GLOBE_R2023A_54009_100_V1_0_R9_C30.zip,ghsl_built_v_r2023a,4088312,1aef9530fd293e56b2f3f1624137a09624f8a247973c608724ab6709831a026b,ZIP (GeoTIFF),"GHSL tile R9_C30, ESRI:54009",2015,,verified: size = server Content-Length; zip CRC ok,,GET https://jeodpp.jrc.ec.europa.eu/ftp/jrc-opendata/GHSL/GHS_BUILT_V_GLOBE_R2023A/GHS_BUILT_V_E2015_GLOBE_R2023A_54009_100/V1-0/tiles/GHS_BUILT_V_E2015_GLOBE_R2023A_54009_100_V1_0_R9_C30.zip,2026-10-07T12:59:05+00:00,,
data/raw/ghsl_built_v_r2023a/2026-10-07_tiles/GHS_BUILT_V_E2015_GLOBE_R2023A_54009_100_V1_0_R9_C31.zip,ghsl_built_v_r2023a,4209077,bfe6f060bf30f039aa5e452974a70b18ec397af555118e69cb3eadf828fc27e8,ZIP (GeoTIFF),"GHSL tile R9_C31, ESRI:54009",2015,,verified: size = server Content-Length; zip CRC ok,,GET https://jeodpp.jrc.ec.europa.eu/ftp/jrc-opendata/GHSL/GHS_BUILT_V_GLOBE_R2023A/GHS_BUILT_V_E2015_GLOBE_R2023A_54009_100/V1-0/tiles/GHS_BUILT_V_E2015_GLOBE_R2023A_54009_100_V1_0_R9_C31.zip,2026-10-07T12:59:06+00:00,,
data/raw/ghsl_built_v_r2023a/2026-10-07_tiles/GHS_BUILT_V_E2015_GLOBE_R2023A_54009_100_V1_0_R9_C32.zip,ghsl_built_v_r2023a,1484256,2478799dcd570abddf6d1fa0a4e5286ff9d882344f5a5e16dda58654c32efe86,ZIP (GeoTIFF),"GHSL tile R9_C32, ESRI:54009",2015,,verified: size = server Content-Length; zip CRC ok,,GET https://jeodpp.jrc.ec.europa.eu/ftp/jrc-opendata/GHSL/GHS_BUILT_V_GLOBE_R2023A/GHS_BUILT_V_E2015_GLOBE_R2023A_54009_100/V1-0/tiles/GHS_BUILT_V_E2015_GLOBE_R2023A_54009_100_V1_0_R9_C32.zip,2026-10-07T12:59:10+00:00,,
data/raw/ghsl_built_v_r2023a/2026-10-07_tiles/GHS_BUILT_V_E2015_GLOBE_R2023A_54009_100_V1_0_R9_C33.zip,ghsl_built_v_r2023a,1442237,91e826e61d2ec57f95a82054af43172359b9b0e7198173185ec5e5e216fed9bd,ZIP (GeoTIFF),"GHSL tile R9_C33, ESRI:54009",2015,,verified: size = server Content-Length; zip CRC ok,,GET https://jeodpp.jrc.ec.europa.eu/ftp/jrc-opendata/GHSL/GHS_BUILT_V_GLOBE_R2023A/GHS_BUILT_V_E2015_GLOBE_R2023A_54009_100/V1-0/tiles/GHS_BUILT_V_E2015_GLOBE_R2023A_54009_100_V1_0_R9_C33.zip,2026-10-07T12:59:11+00:00,,
data/raw/ghsl_built_v_r2023a/2026-10-07_tiles/GHS_BUILT_V_E2015_GLOBE_R2023A_54009_100_V1_0_R10_C28.zip,ghsl_built_v_r2023a,1451834,11e02ea2f683abef16e0087bf13e6c35cdc68f6553a313617c21229631c968fc,ZIP (GeoTIFF),"GHSL tile R10_C28, ESRI:54009",2015,,verified: size = server Content-Length; zip CRC ok,,GET https://jeodpp.jrc.ec.europa.eu/ftp/jrc-opendata/GHSL/GHS_BUILT_V_GLOBE_R2023A/GHS_BUILT_V_E2015_GLOBE_R2023A_54009_100/V1-0/tiles/GHS_BUILT_V_E2015_GLOBE_R2023A_54009_100_V1_0_R10_C28.zip,2026-10-07T12:59:12+00:00,,
data/raw/ghsl_built_v_r2023a/2026-10-07_tiles/GHS_BUILT_V_E2015_GLOBE_R2023A_54009_100_V1_0_R10_C29.zip,ghsl_built_v_r2023a,11534999,38316b2c9c674a937c16e8c263f9a9076246542c748093ed86347ac53ad0d2be,ZIP (GeoTIFF),"GHSL tile R10_C29, ESRI:54009",2015,,verified: size = server Content-Length; zip CRC ok,,GET https://jeodpp.jrc.ec.europa.eu/ftp/jrc-opendata/GHSL/GHS_BUILT_V_GLOBE_R2023A/GHS_BUILT_V_E2015_GLOBE_R2023A_54009_100/V1-0/tiles/GHS_BUILT_V_E2015_GLOBE_R2023A_54009_100_V1_0_R10_C29.zip,2026-10-07T12:59:10+00:00,,
data/raw/ghsl_built_v_r2023a/2026-10-07_tiles/GHS_BUILT_V_E2015_GLOBE_R2023A_54009_100_V1_0_R10_C30.zip,ghsl_built_v_r2023a,9980054,2f8d5088af29be9aac977c16c8470a3f4aa33ea63ef9726442cee4f569d65441,ZIP (GeoTIFF),"GHSL tile R10_C30, ESRI:54009",2015,,verified: size = server Content-Length; zip CRC ok,,GET https://jeodpp.jrc.ec.europa.eu/ftp/jrc-opendata/GHSL/GHS_BUILT_V_GLOBE_R2023A/GHS_BUILT_V_E2015_GLOBE_R2023A_54009_100/V1-0/tiles/GHS_BUILT_V_E2015_GLOBE_R2023A_54009_100_V1_0_R10_C30.zip,2026-10-07T12:59:08+00:00,,
data/raw/ghsl_built_v_r2023a/2026-10-07_tiles/GHS_BUILT_V_E2015_GLOBE_R2023A_54009_100_V1_0_R10_C31.zip,ghsl_built_v_r2023a,4154926,27da379cacd7ee9596b6e183950e629a4ba4fe2e82bf805c85aab00ec21d5898,ZIP (GeoTIFF),"GHSL tile R10_C31, ESRI:54009",2015,,verified: size = server Content-Length; zip CRC ok,,GET https://jeodpp.jrc.ec.europa.eu/ftp/jrc-opendata/GHSL/GHS_BUILT_V_GLOBE_R2023A/GHS_BUILT_V_E2015_GLOBE_R2023A_54009_100/V1-0/tiles/GHS_BUILT_V_E2015_GLOBE_R2023A_54009_100_V1_0_R10_C31.zip,2026-10-07T12:59:07+00:00,,
data/raw/ghsl_built_v_r2023a/2026-10-07_tiles/GHS_BUILT_V_E2015_GLOBE_R2023A_54009_100_V1_0_R10_C32.zip,ghsl_built_v_r2023a,2240375,d24784d5692efac520c4bf092b75985615fd548fc883bc263a866c45097452fd,ZIP (GeoTIFF),"GHSL tile R10_C32, ESRI:54009",2015,,verified: size = server Content-Length; zip CRC ok,,GET https://jeodpp.jrc.ec.europa.eu/ftp/jrc-opendata/GHSL/GHS_BUILT_V_GLOBE_R2023A/GHS_BUILT_V_E2015_GLOBE_R2023A_54009_100/V1-0/tiles/GHS_BUILT_V_E2015_GLOBE_R2023A_54009_100_V1_0_R10_C32.zip,2026-10-07T12:59:06+00:00,,
data/raw/ghsl_built_v_r2023a/2026-10-07_tiles/GHS_BUILT_V_E2015_GLOBE_R2023A_54009_100_V1_0_R10_C33.zip,ghsl_built_v_r2023a,2912871,fd2c80ac286b9ee004081d017adc86a95b8c230df6f6da003a2508648056049e,ZIP (GeoTIFF),"GHSL tile R10_C33, ESRI:54009",2015,,verified: size = server Content-Length; zip CRC ok,,GET https://jeodpp.jrc.ec.europa.eu/ftp/jrc-opendata/GHSL/GHS_BUILT_V_GLOBE_R2023A/GHS_BUILT_V_E2015_GLOBE_R2023A_54009_100/V1-0/tiles/GHS_BUILT_V_E2015_GLOBE_R2023A_54009_100_V1_0_R10_C33.zip,2026-10-07T12:59:11+00:00,,
data/raw/ghsl_built_v_r2023a/2026-10-07_tiles/GHS_BUILT_V_E2015_GLOBE_R2023A_54009_100_V1_0_R11_C28.zip,ghsl_built_v_r2023a,1428181,cd0553e4383e490a41def11c5b10c869ba2e8e821db439c5e381ddd92d82c6eb,ZIP (GeoTIFF),"GHSL tile R11_C28, ESRI:54009",2015,,verified: size = server Content-Length; zip CRC ok,,GET https://jeodpp.jrc.ec.europa.eu/ftp/jrc-opendata/GHSL/GHS_BUILT_V_GLOBE_R2023A/GHS_BUILT_V_E2015_GLOBE_R2023A_54009_100/V1-0/tiles/GHS_BUILT_V_E2015_GLOBE_R2023A_54009_100_V1_0_R11_C28.zip,2026-10-07T12:59:10+00:00,,
data/raw/ghsl_built_v_r2023a/2026-10-07_tiles/GHS_BUILT_V_E2015_GLOBE_R2023A_54009_100_V1_0_R11_C29.zip,ghsl_built_v_r2023a,1429425,20b8acaf86d10c808cb0803354c384f9e01113fe042f1fb71587f6060b5f5064,ZIP (GeoTIFF),"GHSL tile R11_C29, ESRI:54009",2015,,verified: size = server Content-Length; zip CRC ok,,GET https://jeodpp.jrc.ec.europa.eu/ftp/jrc-opendata/GHSL/GHS_BUILT_V_GLOBE_R2023A/GHS_BUILT_V_E2015_GLOBE_R2023A_54009_100/V1-0/tiles/GHS_BUILT_V_E2015_GLOBE_R2023A_54009_100_V1_0_R11_C29.zip,2026-10-07T12:59:12+00:00,,
data/raw/ghsl_built_v_r2023a/2026-10-07_tiles/GHS_BUILT_V_E2015_GLOBE_R2023A_54009_100_V1_0_R11_C30.zip,ghsl_built_v_r2023a,3851686,fc819eed20cfa02d5dc00cbc812461f94ed2dc5b642ec8b40e1791e7ed8e13dc,ZIP (GeoTIFF),"GHSL tile R11_C30, ESRI:54009",2015,,verified: size = server Content-Length; zip CRC ok,,GET https://jeodpp.jrc.ec.europa.eu/ftp/jrc-opendata/GHSL/GHS_BUILT_V_GLOBE_R2023A/GHS_BUILT_V_E2015_GLOBE_R2023A_54009_100/V1-0/tiles/GHS_BUILT_V_E2015_GLOBE_R2023A_54009_100_V1_0_R11_C30.zip,2026-10-07T12:59:13+00:00,,
data/raw/ghsl_built_v_r2023a/2026-10-07_tiles/GHS_BUILT_V_E2015_GLOBE_R2023A_54009_100_V1_0_R11_C31.zip,ghsl_built_v_r2023a,2974443,67eb3d1d68577ea170774e65679a4420aa3f8f763e0d86b1ece934ca482b72ed,ZIP (GeoTIFF),"GHSL tile R11_C31, ESRI:54009",2015,,verified: size = server Content-Length; zip CRC ok,,GET https://jeodpp.jrc.ec.europa.eu/ftp/jrc-opendata/GHSL/GHS_BUILT_V_GLOBE_R2023A/GHS_BUILT_V_E2015_GLOBE_R2023A_54009_100/V1-0/tiles/GHS_BUILT_V_E2015_GLOBE_R2023A_54009_100_V1_0_R11_C31.zip,2026-10-07T12:59:07+00:00,,
data/raw/ghsl_built_v_r2023a/2026-10-07_tiles/GHS_BUILT_V_E2015_GLOBE_R2023A_54009_100_V1_0_R11_C32.zip,ghsl_built_v_r2023a,1670194,613663113e3da78db41d53ab7e5fd44e62737f66e3680ed79f7ed2845f9f5ce1,ZIP (GeoTIFF),"GHSL tile R11_C32, ESRI:54009",2015,,verified: size = server Content-Length; zip CRC ok,,GET https://jeodpp.jrc.ec.europa.eu/ftp/jrc-opendata/GHSL/GHS_BUILT_V_GLOBE_R2023A/GHS_BUILT_V_E2015_GLOBE_R2023A_54009_100/V1-0/tiles/GHS_BUILT_V_E2015_GLOBE_R2023A_54009_100_V1_0_R11_C32.zip,2026-10-07T12:59:07+00:00,,
data/raw/ghsl_built_v_r2023a/2026-10-07_tiles/GHS_BUILT_V_E2015_GLOBE_R2023A_54009_100_V1_0_R11_C33.zip,ghsl_built_v_r2023a,1941885,97dc9a0821475fdc2efb2d997765217550c1b79a14ebad7fa29fe72337332913,ZIP (GeoTIFF),"GHSL tile R11_C33, ESRI:54009",2015,,verified: size = server Content-Length; zip CRC ok,,GET https://jeodpp.jrc.ec.europa.eu/ftp/jrc-opendata/GHSL/GHS_BUILT_V_GLOBE_R2023A/GHS_BUILT_V_E2015_GLOBE_R2023A_54009_100/V1-0/tiles/GHS_BUILT_V_E2015_GLOBE_R2023A_54009_100_V1_0_R11_C33.zip,2026-10-07T12:59:06+00:00,,
data/raw/ghsl_built_v_r2023a/2026-10-07_tiles/GHS_BUILT_V_E2020_GLOBE_R2023A_54009_100_V1_0_R9_C28.zip,ghsl_built_v_r2023a,4296622,30e7adc2f67bc5bce1393206d20f1d755e4ddfaa4dc979265144d7c112eabc07,ZIP (GeoTIFF),"GHSL tile R9_C28, ESRI:54009",2020,,verified: size = server Content-Length; zip CRC ok,,GET https://jeodpp.jrc.ec.europa.eu/ftp/jrc-opendata/GHSL/GHS_BUILT_V_GLOBE_R2023A/GHS_BUILT_V_E2020_GLOBE_R2023A_54009_100/V1-0/tiles/GHS_BUILT_V_E2020_GLOBE_R2023A_54009_100_V1_0_R9_C28.zip,2026-10-07T12:59:16+00:00,,
data/raw/ghsl_built_v_r2023a/2026-10-07_tiles/GHS_BUILT_V_E2020_GLOBE_R2023A_54009_100_V1_0_R9_C29.zip,ghsl_built_v_r2023a,8836815,07dd1e5b3fd4d9d412a3bd1422ab8e422d75117ade039190ea0c6d9e85912b35,ZIP (GeoTIFF),"GHSL tile R9_C29, ESRI:54009",2020,,verified: size = server Content-Length; zip CRC ok,,GET https://jeodpp.jrc.ec.europa.eu/ftp/jrc-opendata/GHSL/GHS_BUILT_V_GLOBE_R2023A/GHS_BUILT_V_E2020_GLOBE_R2023A_54009_100/V1-0/tiles/GHS_BUILT_V_E2020_GLOBE_R2023A_54009_100_V1_0_R9_C29.zip,2026-10-07T12:59:17+00:00,,
data/raw/ghsl_built_v_r2023a/2026-10-07_tiles/GHS_BUILT_V_E2020_GLOBE_R2023A_54009_100_V1_0_R9_C30.zip,ghsl_built_v_r2023a,4238255,9d790dd17823e3c35aa95a0b64d63e5412953b659df7976eace64d1f58868e95,ZIP (GeoTIFF),"GHSL tile R9_C30, ESRI:54009",2020,,verified: size = server Content-Length; zip CRC ok,,GET https://jeodpp.jrc.ec.europa.eu/ftp/jrc-opendata/GHSL/GHS_BUILT_V_GLOBE_R2023A/GHS_BUILT_V_E2020_GLOBE_R2023A_54009_100/V1-0/tiles/GHS_BUILT_V_E2020_GLOBE_R2023A_54009_100_V1_0_R9_C30.zip,2026-10-07T12:59:17+00:00,,
data/raw/ghsl_built_v_r2023a/2026-10-07_tiles/GHS_BUILT_V_E2020_GLOBE_R2023A_54009_100_V1_0_R9_C31.zip,ghsl_built_v_r2023a,4375960,73531ff31df17b3c7ca47b0ffdc0f1d928108198472292fbd893660f53c8d998,ZIP (GeoTIFF),"GHSL tile R9_C31, ESRI:54009",2020,,verified: size = server Content-Length; zip CRC ok,,GET https://jeodpp.jrc.ec.europa.eu/ftp/jrc-opendata/GHSL/GHS_BUILT_V_GLOBE_R2023A/GHS_BUILT_V_E2020_GLOBE_R2023A_54009_100/V1-0/tiles/GHS_BUILT_V_E2020_GLOBE_R2023A_54009_100_V1_0_R9_C31.zip,2026-10-07T12:59:23+00:00,,
data/raw/ghsl_built_v_r2023a/2026-10-07_tiles/GHS_BUILT_V_E2020_GLOBE_R2023A_54009_100_V1_0_R9_C32.zip,ghsl_built_v_r2023a,1485516,cf8c0789294c9dc04e82211b53d91975b44e635ffb38e166fc922f26ee8ccf1f,ZIP (GeoTIFF),"GHSL tile R9_C32, ESRI:54009",2020,,verified: size = server Content-Length; zip CRC ok,,GET https://jeodpp.jrc.ec.europa.eu/ftp/jrc-opendata/GHSL/GHS_BUILT_V_GLOBE_R2023A/GHS_BUILT_V_E2020_GLOBE_R2023A_54009_100/V1-0/tiles/GHS_BUILT_V_E2020_GLOBE_R2023A_54009_100_V1_0_R9_C32.zip,2026-10-07T12:59:22+00:00,,
data/raw/ghsl_built_v_r2023a/2026-10-07_tiles/GHS_BUILT_V_E2020_GLOBE_R2023A_54009_100_V1_0_R9_C33.zip,ghsl_built_v_r2023a,1443624,c5fb156beb90185266beba8a4e0c60987529934cb70e59b82acdb15da68676d8,ZIP (GeoTIFF),"GHSL tile R9_C33, ESRI:54009",2020,,verified: size = server Content-Length; zip CRC ok,,GET https://jeodpp.jrc.ec.europa.eu/ftp/jrc-opendata/GHSL/GHS_BUILT_V_GLOBE_R2023A/GHS_BUILT_V_E2020_GLOBE_R2023A_54009_100/V1-0/tiles/GHS_BUILT_V_E2020_GLOBE_R2023A_54009_100_V1_0_R9_C33.zip,2026-10-07T12:59:18+00:00,,
data/raw/ghsl_built_v_r2023a/2026-10-07_tiles/GHS_BUILT_V_E2020_GLOBE_R2023A_54009_100_V1_0_R10_C28.zip,ghsl_built_v_r2023a,1452472,cdf0a8c4aca2389ba722978f5da3fc62bc9a4c48d79d4a7dfaa901c1c259c966,ZIP (GeoTIFF),"GHSL tile R10_C28, ESRI:54009",2020,,verified: size = server Content-Length; zip CRC ok,,GET https://jeodpp.jrc.ec.europa.eu/ftp/jrc-opendata/GHSL/GHS_BUILT_V_GLOBE_R2023A/GHS_BUILT_V_E2020_GLOBE_R2023A_54009_100/V1-0/tiles/GHS_BUILT_V_E2020_GLOBE_R2023A_54009_100_V1_0_R10_C28.zip,2026-10-07T12:59:21+00:00,,
data/raw/ghsl_built_v_r2023a/2026-10-07_tiles/GHS_BUILT_V_E2020_GLOBE_R2023A_54009_100_V1_0_R10_C29.zip,ghsl_built_v_r2023a,12061546,69f46230fb43b95b18c08afc0092842e7dac7bff0f2775d1a8b1aa3c9c3f817a,ZIP (GeoTIFF),"GHSL tile R10_C29, ESRI:54009",2020,,verified: size = server Content-Length; zip CRC ok,,GET https://jeodpp.jrc.ec.europa.eu/ftp/jrc-opendata/GHSL/GHS_BUILT_V_GLOBE_R2023A/GHS_BUILT_V_E2020_GLOBE_R2023A_54009_100/V1-0/tiles/GHS_BUILT_V_E2020_GLOBE_R2023A_54009_100_V1_0_R10_C29.zip,2026-10-07T12:59:25+00:00,,
data/raw/ghsl_built_v_r2023a/2026-10-07_tiles/GHS_BUILT_V_E2020_GLOBE_R2023A_54009_100_V1_0_R10_C30.zip,ghsl_built_v_r2023a,10388113,2b44d269e3bb636f667640baea2819d4dba1ac62f40fe39ac59f4a7dc16894a1,ZIP (GeoTIFF),"GHSL tile R10_C30, ESRI:54009",2020,,verified: size = server Content-Length; zip CRC ok,,GET https://jeodpp.jrc.ec.europa.eu/ftp/jrc-opendata/GHSL/GHS_BUILT_V_GLOBE_R2023A/GHS_BUILT_V_E2020_GLOBE_R2023A_54009_100/V1-0/tiles/GHS_BUILT_V_E2020_GLOBE_R2023A_54009_100_V1_0_R10_C30.zip,2026-10-07T12:59:21+00:00,,
data/raw/ghsl_built_v_r2023a/2026-10-07_tiles/GHS_BUILT_V_E2020_GLOBE_R2023A_54009_100_V1_0_R10_C31.zip,ghsl_built_v_r2023a,4262740,10e38c21f1e04cb733c21c6d5bb088b2d418f14f9223ae1727c9e95f45eb35fc,ZIP (GeoTIFF),"GHSL tile R10_C31, ESRI:54009",2020,,verified: size = server Content-Length; zip CRC ok,,GET https://jeodpp.jrc.ec.europa.eu/ftp/jrc-opendata/GHSL/GHS_BUILT_V_GLOBE_R2023A/GHS_BUILT_V_E2020_GLOBE_R2023A_54009_100/V1-0/tiles/GHS_BUILT_V_E2020_GLOBE_R2023A_54009_100_V1_0_R10_C31.zip,2026-10-07T12:59:19+00:00,,
data/raw/ghsl_built_v_r2023a/2026-10-07_tiles/GHS_BUILT_V_E2020_GLOBE_R2023A_54009_100_V1_0_R10_C32.zip,ghsl_built_v_r2023a,2261909,412c31eaecd4793e8ec2e7f6766cd9b3a65174cd0b32ee544f1de9accfe9e9c8,ZIP (GeoTIFF),"GHSL tile R10_C32, ESRI:54009",2020,,verified: size = server Content-Length; zip CRC ok,,GET https://jeodpp.jrc.ec.europa.eu/ftp/jrc-opendata/GHSL/GHS_BUILT_V_GLOBE_R2023A/GHS_BUILT_V_E2020_GLOBE_R2023A_54009_100/V1-0/tiles/GHS_BUILT_V_E2020_GLOBE_R2023A_54009_100_V1_0_R10_C32.zip,2026-10-07T12:59:19+00:00,,
data/raw/ghsl_built_v_r2023a/2026-10-07_tiles/GHS_BUILT_V_E2020_GLOBE_R2023A_54009_100_V1_0_R10_C33.zip,ghsl_built_v_r2023a,2984127,7218afdd665d6f157a7ef6e8a9efee1fa98cf1d4107a6bc873a77bca52addaa5,ZIP (GeoTIFF),"GHSL tile R10_C33, ESRI:54009",2020,,verified: size = server Content-Length; zip CRC ok,,GET https://jeodpp.jrc.ec.europa.eu/ftp/jrc-opendata/GHSL/GHS_BUILT_V_GLOBE_R2023A/GHS_BUILT_V_E2020_GLOBE_R2023A_54009_100/V1-0/tiles/GHS_BUILT_V_E2020_GLOBE_R2023A_54009_100_V1_0_R10_C33.zip,2026-10-07T12:59:18+00:00,,
data/raw/ghsl_built_v_r2023a/2026-10-07_tiles/GHS_BUILT_V_E2020_GLOBE_R2023A_54009_100_V1_0_R11_C28.zip,ghsl_built_v_r2023a,1428178,4b2e332360fc23632c8f2b10794c64428dd1093b77b262927c0461efa9db7fe6,ZIP (GeoTIFF),"GHSL tile R11_C28, ESRI:54009",2020,,verified: size = server Content-Length; zip CRC ok,,GET https://jeodpp.jrc.ec.europa.eu/ftp/jrc-opendata/GHSL/GHS_BUILT_V_GLOBE_R2023A/GHS_BUILT_V_E2020_GLOBE_R2023A_54009_100/V1-0/tiles/GHS_BUILT_V_E2020_GLOBE_R2023A_54009_100_V1_0_R11_C28.zip,2026-10-07T12:59:24+00:00,,
data/raw/ghsl_built_v_r2023a/2026-10-07_tiles/GHS_BUILT_V_E2020_GLOBE_R2023A_54009_100_V1_0_R11_C29.zip,ghsl_built_v_r2023a,1429300,e9cbb764d085de20d4a99879b10ca75ede10eeb285c3858abb862612c7df850c,ZIP (GeoTIFF),"GHSL tile R11_C29, ESRI:54009",2020,,verified: size = server Content-Length; zip CRC ok,,GET https://jeodpp.jrc.ec.europa.eu/ftp/jrc-opendata/GHSL/GHS_BUILT_V_GLOBE_R2023A/GHS_BUILT_V_E2020_GLOBE_R2023A_54009_100/V1-0/tiles/GHS_BUILT_V_E2020_GLOBE_R2023A_54009_100_V1_0_R11_C29.zip,2026-10-07T12:59:21+00:00,,
data/raw/ghsl_built_v_r2023a/2026-10-07_tiles/GHS_BUILT_V_E2020_GLOBE_R2023A_54009_100_V1_0_R11_C30.zip,ghsl_built_v_r2023a,3967592,1c27d73886a8d2328081ec9a82a00d533e918192f95dfdb7ed1f7186411eb44c,ZIP (GeoTIFF),"GHSL tile R11_C30, ESRI:54009",2020,,verified: size = server Content-Length; zip CRC ok,,GET https://jeodpp.jrc.ec.europa.eu/ftp/jrc-opendata/GHSL/GHS_BUILT_V_GLOBE_R2023A/GHS_BUILT_V_E2020_GLOBE_R2023A_54009_100/V1-0/tiles/GHS_BUILT_V_E2020_GLOBE_R2023A_54009_100_V1_0_R11_C30.zip,2026-10-07T12:59:20+00:00,,
data/raw/ghsl_built_v_r2023a/2026-10-07_tiles/GHS_BUILT_V_E2020_GLOBE_R2023A_54009_100_V1_0_R11_C31.zip,ghsl_built_v_r2023a,3038955,060c56c744fe19e5a9ad0722d03e158c49f5267f159081908e872ce30128bb6f,ZIP (GeoTIFF),"GHSL tile R11_C31, ESRI:54009",2020,,verified: size = server Content-Length; zip CRC ok,,GET https://jeodpp.jrc.ec.europa.eu/ftp/jrc-opendata/GHSL/GHS_BUILT_V_GLOBE_R2023A/GHS_BUILT_V_E2020_GLOBE_R2023A_54009_100/V1-0/tiles/GHS_BUILT_V_E2020_GLOBE_R2023A_54009_100_V1_0_R11_C31.zip,2026-10-07T12:59:20+00:00,,
data/raw/ghsl_built_v_r2023a/2026-10-07_tiles/GHS_BUILT_V_E2020_GLOBE_R2023A_54009_100_V1_0_R11_C32.zip,ghsl_built_v_r2023a,1677108,f28de5c4d135f2c4e567b7a047f33ba6453decaf3f5dcc02def76a981f0f77e9,ZIP (GeoTIFF),"GHSL tile R11_C32, ESRI:54009",2020,,verified: size = server Content-Length; zip CRC ok,,GET https://jeodpp.jrc.ec.europa.eu/ftp/jrc-opendata/GHSL/GHS_BUILT_V_GLOBE_R2023A/GHS_BUILT_V_E2020_GLOBE_R2023A_54009_100/V1-0/tiles/GHS_BUILT_V_E2020_GLOBE_R2023A_54009_100_V1_0_R11_C32.zip,2026-10-07T12:59:19+00:00,,
data/raw/ghsl_built_v_r2023a/2026-10-07_tiles/GHS_BUILT_V_E2020_GLOBE_R2023A_54009_100_V1_0_R11_C33.zip,ghsl_built_v_r2023a,1953844,00e4579c6ce4b40ef29ee8d9a4f66d98406abbd9f7d01b3b10e0597e5d69df5c,ZIP (GeoTIFF),"GHSL tile R11_C33, ESRI:54009",2020,,verified: size = server Content-Length; zip CRC ok,,GET https://jeodpp.jrc.ec.europa.eu/ftp/jrc-opendata/GHSL/GHS_BUILT_V_GLOBE_R2023A/GHS_BUILT_V_E2020_GLOBE_R2023A_54009_100/V1-0/tiles/GHS_BUILT_V_E2020_GLOBE_R2023A_54009_100_V1_0_R11_C33.zip,2026-10-07T12:59:18+00:00,,
data/raw/ghsl_pop_r2023a/2026-10-07_tiles/GHS_POP_E1990_GLOBE_R2023A_54009_100_V1_0_R9_C28.zip,ghsl_pop_r2023a,6338130,8319be2178547e47e75a29cee060af5e4ad34df1e6210b80e9972f756bbdb14a,ZIP (GeoTIFF),"GHSL tile R9_C28, ESRI:54009",1990,,verified: size = server Content-Length; zip CRC ok,,GET https://jeodpp.jrc.ec.europa.eu/ftp/jrc-opendata/GHSL/GHS_POP_GLOBE_R2023A/GHS_POP_E1990_GLOBE_R2023A_54009_100/V1-0/tiles/GHS_POP_E1990_GLOBE_R2023A_54009_100_V1_0_R9_C28.zip,2026-10-07T12:41:49+00:00,,
data/raw/ghsl_pop_r2023a/2026-10-07_tiles/GHS_POP_E1990_GLOBE_R2023A_54009_100_V1_0_R9_C29.zip,ghsl_pop_r2023a,12207804,6134774ffd75ef5205ea0a611490b958282d66cec778b78d16487fc3e4ba2e5e,ZIP (GeoTIFF),"GHSL tile R9_C29, ESRI:54009",1990,,verified: size = server Content-Length; zip CRC ok,,GET https://jeodpp.jrc.ec.europa.eu/ftp/jrc-opendata/GHSL/GHS_POP_GLOBE_R2023A/GHS_POP_E1990_GLOBE_R2023A_54009_100/V1-0/tiles/GHS_POP_E1990_GLOBE_R2023A_54009_100_V1_0_R9_C29.zip,2026-10-07T13:34:27+00:00,,
data/raw/ghsl_pop_r2023a/2026-10-07_tiles/GHS_POP_E1990_GLOBE_R2023A_54009_100_V1_0_R9_C30.zip,ghsl_pop_r2023a,6057152,8049ca2919f2ad52bf131bd84905cf49bc20a416ab69b4e40301c22184d57391,ZIP (GeoTIFF),"GHSL tile R9_C30, ESRI:54009",1990,,verified: size = server Content-Length; zip CRC ok,,GET https://jeodpp.jrc.ec.europa.eu/ftp/jrc-opendata/GHSL/GHS_POP_GLOBE_R2023A/GHS_POP_E1990_GLOBE_R2023A_54009_100/V1-0/tiles/GHS_POP_E1990_GLOBE_R2023A_54009_100_V1_0_R9_C30.zip,2026-10-07T13:34:29+00:00,,
data/raw/ghsl_pop_r2023a/2026-10-07_tiles/GHS_POP_E1990_GLOBE_R2023A_54009_100_V1_0_R9_C31.zip,ghsl_pop_r2023a,7063932,fbec825b0193ecf7733067ad35651d73dbfee7c51e5116d4d3f1ab109a81e232,ZIP (GeoTIFF),"GHSL tile R9_C31, ESRI:54009",1990,,verified: size = server Content-Length; zip CRC ok,,GET https://jeodpp.jrc.ec.europa.eu/ftp/jrc-opendata/GHSL/GHS_POP_GLOBE_R2023A/GHS_POP_E1990_GLOBE_R2023A_54009_100/V1-0/tiles/GHS_POP_E1990_GLOBE_R2023A_54009_100_V1_0_R9_C31.zip,2026-10-07T13:34:31+00:00,,
data/raw/ghsl_pop_r2023a/2026-10-07_tiles/GHS_POP_E1990_GLOBE_R2023A_54009_100_V1_0_R9_C32.zip,ghsl_pop_r2023a,1863093,a439c0daf3a78b1c98c30c357ecbfc49a7fdb3d7723b836c0f0d92bb94f22c82,ZIP (GeoTIFF),"GHSL tile R9_C32, ESRI:54009",1990,,verified: size = server Content-Length; zip CRC ok,,GET https://jeodpp.jrc.ec.europa.eu/ftp/jrc-opendata/GHSL/GHS_POP_GLOBE_R2023A/GHS_POP_E1990_GLOBE_R2023A_54009_100/V1-0/tiles/GHS_POP_E1990_GLOBE_R2023A_54009_100_V1_0_R9_C32.zip,2026-10-07T12:42:02+00:00,,
data/raw/ghsl_pop_r2023a/2026-10-07_tiles/GHS_POP_E1990_GLOBE_R2023A_54009_100_V1_0_R9_C33.zip,ghsl_pop_r2023a,1779363,8d49ea74c3177d9b109861c3b804dec2ee8ff09cd05c4f522d40700e8a02c1cd,ZIP (GeoTIFF),"GHSL tile R9_C33, ESRI:54009",1990,,verified: size = server Content-Length; zip CRC ok,,GET https://jeodpp.jrc.ec.europa.eu/ftp/jrc-opendata/GHSL/GHS_POP_GLOBE_R2023A/GHS_POP_E1990_GLOBE_R2023A_54009_100/V1-0/tiles/GHS_POP_E1990_GLOBE_R2023A_54009_100_V1_0_R9_C33.zip,2026-10-07T12:42:04+00:00,,
data/raw/ghsl_pop_r2023a/2026-10-07_tiles/GHS_POP_E1990_GLOBE_R2023A_54009_100_V1_0_R10_C28.zip,ghsl_pop_r2023a,1819812,b91f8c05a64e68f8ea7cc7c98aecbd790286532220cf95ca9185a0c3d272cd44,ZIP (GeoTIFF),"GHSL tile R10_C28, ESRI:54009",1990,,verified: size = server Content-Length; zip CRC ok,,GET https://jeodpp.jrc.ec.europa.eu/ftp/jrc-opendata/GHSL/GHS_POP_GLOBE_R2023A/GHS_POP_E1990_GLOBE_R2023A_54009_100/V1-0/tiles/GHS_POP_E1990_GLOBE_R2023A_54009_100_V1_0_R10_C28.zip,2026-10-07T12:41:59+00:00,,
data/raw/ghsl_pop_r2023a/2026-10-07_tiles/GHS_POP_E1990_GLOBE_R2023A_54009_100_V1_0_R10_C29.zip,ghsl_pop_r2023a,16576705,1c40a6af57a496b6ef0a9bddaed37df2868a82d3a0779a752a425e90a54631dd,ZIP (GeoTIFF),"GHSL tile R10_C29, ESRI:54009",1990,,verified: size = server Content-Length; zip CRC ok,,GET https://jeodpp.jrc.ec.europa.eu/ftp/jrc-opendata/GHSL/GHS_POP_GLOBE_R2023A/GHS_POP_E1990_GLOBE_R2023A_54009_100/V1-0/tiles/GHS_POP_E1990_GLOBE_R2023A_54009_100_V1_0_R10_C29.zip,2026-10-07T12:41:59+00:00,,
data/raw/ghsl_pop_r2023a/2026-10-07_tiles/GHS_POP_E1990_GLOBE_R2023A_54009_100_V1_0_R10_C30.zip,ghsl_pop_r2023a,14749417,6d9b7e40b64f9a04b366c9f0d67ccc84f7cdb96602d1d93f33476b2579ea1a64,ZIP (GeoTIFF),"GHSL tile R10_C30, ESRI:54009",1990,,verified: size = server Content-Length; zip CRC ok,,GET https://jeodpp.jrc.ec.europa.eu/ftp/jrc-opendata/GHSL/GHS_POP_GLOBE_R2023A/GHS_POP_E1990_GLOBE_R2023A_54009_100/V1-0/tiles/GHS_POP_E1990_GLOBE_R2023A_54009_100_V1_0_R10_C30.zip,2026-10-07T12:41:58+00:00,,
data/raw/ghsl_pop_r2023a/2026-10-07_tiles/GHS_POP_E1990_GLOBE_R2023A_54009_100_V1_0_R10_C31.zip,ghsl_pop_r2023a,7239544,50694c75f6059f73b57e32b5213c5bf05e243d25fc3fabec277b26c181c46a13,ZIP (GeoTIFF),"GHSL tile R10_C31, ESRI:54009",1990,,verified: size = server Content-Length; zip CRC ok,,GET https://jeodpp.jrc.ec.europa.eu/ftp/jrc-opendata/GHSL/GHS_POP_GLOBE_R2023A/GHS_POP_E1990_GLOBE_R2023A_54009_100/V1-0/tiles/GHS_POP_E1990_GLOBE_R2023A_54009_100_V1_0_R10_C31.zip,2026-10-07T12:41:56+00:00,,
data/raw/ghsl_pop_r2023a/2026-10-07_tiles/GHS_POP_E1990_GLOBE_R2023A_54009_100_V1_0_R10_C32.zip,ghsl_pop_r2023a,4330377,dd9c22c4b8a342d28039fdf7d2fe2aa5e240117c0b34692720f4c8b34fdf8b5d,ZIP (GeoTIFF),"GHSL tile R10_C32, ESRI:54009",1990,,verified: size = server Content-Length; zip CRC ok,,GET https://jeodpp.jrc.ec.europa.eu/ftp/jrc-opendata/GHSL/GHS_POP_GLOBE_R2023A/GHS_POP_E1990_GLOBE_R2023A_54009_100/V1-0/tiles/GHS_POP_E1990_GLOBE_R2023A_54009_100_V1_0_R10_C32.zip,2026-10-07T12:41:55+00:00,,
data/raw/ghsl_pop_r2023a/2026-10-07_tiles/GHS_POP_E1990_GLOBE_R2023A_54009_100_V1_0_R10_C33.zip,ghsl_pop_r2023a,4474337,5e73fdc061e73269519b93f75f384eca390b22ca81633b4671c81350c5a3f1fb,ZIP (GeoTIFF),"GHSL tile R10_C33, ESRI:54009",1990,,verified: size = server Content-Length; zip CRC ok,,GET https://jeodpp.jrc.ec.europa.eu/ftp/jrc-opendata/GHSL/GHS_POP_GLOBE_R2023A/GHS_POP_E1990_GLOBE_R2023A_54009_100/V1-0/tiles/GHS_POP_E1990_GLOBE_R2023A_54009_100_V1_0_R10_C33.zip,2026-10-07T12:41:54+00:00,,
data/raw/ghsl_pop_r2023a/2026-10-07_tiles/GHS_POP_E1990_GLOBE_R2023A_54009_100_V1_0_R11_C28.zip,ghsl_pop_r2023a,1729011,25d94a55cdcbcc3b1bdfce94b23919a756acd677b7b74b9e165f6577e5bbae54,ZIP (GeoTIFF),"GHSL tile R11_C28, ESRI:54009",1990,,verified: size = server Content-Length; zip CRC ok,,GET https://jeodpp.jrc.ec.europa.eu/ftp/jrc-opendata/GHSL/GHS_POP_GLOBE_R2023A/GHS_POP_E1990_GLOBE_R2023A_54009_100/V1-0/tiles/GHS_POP_E1990_GLOBE_R2023A_54009_100_V1_0_R11_C28.zip,2026-10-07T12:41:59+00:00,,
data/raw/ghsl_pop_r2023a/2026-10-07_tiles/GHS_POP_E1990_GLOBE_R2023A_54009_100_V1_0_R11_C29.zip,ghsl_pop_r2023a,1717445,bb40060d1e22adc86574101bbfbabe72ab2b268fc6cc63e246fdcebad81b4cb2,ZIP (GeoTIFF),"GHSL tile R11_C29, ESRI:54009",1990,,verified: size = server Content-Length; zip CRC ok,,GET https://jeodpp.jrc.ec.europa.eu/ftp/jrc-opendata/GHSL/GHS_POP_GLOBE_R2023A/GHS_POP_E1990_GLOBE_R2023A_54009_100/V1-0/tiles/GHS_POP_E1990_GLOBE_R2023A_54009_100_V1_0_R11_C29.zip,2026-10-07T12:41:59+00:00,,
data/raw/ghsl_pop_r2023a/2026-10-07_tiles/GHS_POP_E1990_GLOBE_R2023A_54009_100_V1_0_R11_C30.zip,ghsl_pop_r2023a,5575307,3b5eaf5c5febf20a8503c59c93402391b7f61a6c47ad3f60aaaa90f58d282e41,ZIP (GeoTIFF),"GHSL tile R11_C30, ESRI:54009",1990,,verified: size = server Content-Length; zip CRC ok,,GET https://jeodpp.jrc.ec.europa.eu/ftp/jrc-opendata/GHSL/GHS_POP_GLOBE_R2023A/GHS_POP_E1990_GLOBE_R2023A_54009_100/V1-0/tiles/GHS_POP_E1990_GLOBE_R2023A_54009_100_V1_0_R11_C30.zip,2026-10-07T12:41:57+00:00,,
data/raw/ghsl_pop_r2023a/2026-10-07_tiles/GHS_POP_E1990_GLOBE_R2023A_54009_100_V1_0_R11_C31.zip,ghsl_pop_r2023a,4773811,93802a8152c4f862dd5cc244cf8d1245e5fbd2fe3425b77316d07cf5c037c419,ZIP (GeoTIFF),"GHSL tile R11_C31, ESRI:54009",1990,,verified: size = server Content-Length; zip CRC ok,,GET https://jeodpp.jrc.ec.europa.eu/ftp/jrc-opendata/GHSL/GHS_POP_GLOBE_R2023A/GHS_POP_E1990_GLOBE_R2023A_54009_100/V1-0/tiles/GHS_POP_E1990_GLOBE_R2023A_54009_100_V1_0_R11_C31.zip,2026-10-07T12:41:56+00:00,,
data/raw/ghsl_pop_r2023a/2026-10-07_tiles/GHS_POP_E1990_GLOBE_R2023A_54009_100_V1_0_R11_C32.zip,ghsl_pop_r2023a,2558284,8cdee908a343249559438431dfb49541aed864376c1c7d6e5b58e6e125d5f24e,ZIP (GeoTIFF),"GHSL tile R11_C32, ESRI:54009",1990,,verified: size = server Content-Length; zip CRC ok,,GET https://jeodpp.jrc.ec.europa.eu/ftp/jrc-opendata/GHSL/GHS_POP_GLOBE_R2023A/GHS_POP_E1990_GLOBE_R2023A_54009_100/V1-0/tiles/GHS_POP_E1990_GLOBE_R2023A_54009_100_V1_0_R11_C32.zip,2026-10-07T12:41:55+00:00,,
data/raw/ghsl_pop_r2023a/2026-10-07_tiles/GHS_POP_E1990_GLOBE_R2023A_54009_100_V1_0_R11_C33.zip,ghsl_pop_r2023a,3229771,5bad1a95ae27a57acdb108e65cc60eca4f7bbc02974a9e08dd620d83cc9d051e,ZIP (GeoTIFF),"GHSL tile R11_C33, ESRI:54009",1990,,verified: size = server Content-Length; zip CRC ok,,GET https://jeodpp.jrc.ec.europa.eu/ftp/jrc-opendata/GHSL/GHS_POP_GLOBE_R2023A/GHS_POP_E1990_GLOBE_R2023A_54009_100/V1-0/tiles/GHS_POP_E1990_GLOBE_R2023A_54009_100_V1_0_R11_C33.zip,2026-10-07T12:41:54+00:00,,
data/raw/ghsl_pop_r2023a/2026-10-07_tiles/GHS_POP_E1995_GLOBE_R2023A_54009_100_V1_0_R9_C28.zip,ghsl_pop_r2023a,6518302,fde632752ea991c5eb904860d9f0e4c733a52f728e7124f35e187a85b92dc33e,ZIP (GeoTIFF),"GHSL tile R9_C28, ESRI:54009",1995,,verified: size = server Content-Length; zip CRC ok,,GET https://jeodpp.jrc.ec.europa.eu/ftp/jrc-opendata/GHSL/GHS_POP_GLOBE_R2023A/GHS_POP_E1995_GLOBE_R2023A_54009_100/V1-0/tiles/GHS_POP_E1995_GLOBE_R2023A_54009_100_V1_0_R9_C28.zip,2026-10-07T12:42:35+00:00,,
data/raw/ghsl_pop_r2023a/2026-10-07_tiles/GHS_POP_E1995_GLOBE_R2023A_54009_100_V1_0_R9_C29.zip,ghsl_pop_r2023a,13029927,2959281065abf4ce4892421127fe62204a18ffafbbba9e22b6ff7c90522d7122,ZIP (GeoTIFF),"GHSL tile R9_C29, ESRI:54009",1995,,verified: size = server Content-Length; zip CRC ok,,GET https://jeodpp.jrc.ec.europa.eu/ftp/jrc-opendata/GHSL/GHS_POP_GLOBE_R2023A/GHS_POP_E1995_GLOBE_R2023A_54009_100/V1-0/tiles/GHS_POP_E1995_GLOBE_R2023A_54009_100_V1_0_R9_C29.zip,2026-10-07T12:42:39+00:00,,
data/raw/ghsl_pop_r2023a/2026-10-07_tiles/GHS_POP_E1995_GLOBE_R2023A_54009_100_V1_0_R9_C30.zip,ghsl_pop_r2023a,6268856,0bc289e84c6ea74b10abcde87644dfab4c4453277d5c5a4bde1db39dcd9f95f1,ZIP (GeoTIFF),"GHSL tile R9_C30, ESRI:54009",1995,,verified: size = server Content-Length; zip CRC ok,,GET https://jeodpp.jrc.ec.europa.eu/ftp/jrc-opendata/GHSL/GHS_POP_GLOBE_R2023A/GHS_POP_E1995_GLOBE_R2023A_54009_100/V1-0/tiles/GHS_POP_E1995_GLOBE_R2023A_54009_100_V1_0_R9_C30.zip,2026-10-07T12:42:39+00:00,,
data/raw/ghsl_pop_r2023a/2026-10-07_tiles/GHS_POP_E1995_GLOBE_R2023A_54009_100_V1_0_R9_C31.zip,ghsl_pop_r2023a,7222003,4c76184851f2b30ad499ce1769692cd8561820f2104f316746392487a88622c3,ZIP (GeoTIFF),"GHSL tile R9_C31, ESRI:54009",1995,,verified: size = server Content-Length; zip CRC ok,,GET https://jeodpp.jrc.ec.europa.eu/ftp/jrc-opendata/GHSL/GHS_POP_GLOBE_R2023A/GHS_POP_E1995_GLOBE_R2023A_54009_100/V1-0/tiles/GHS_POP_E1995_GLOBE_R2023A_54009_100_V1_0_R9_C31.zip,2026-10-07T12:42:43+00:00,,
data/raw/ghsl_pop_r2023a/2026-10-07_tiles/GHS_POP_E1995_GLOBE_R2023A_54009_100_V1_0_R9_C32.zip,ghsl_pop_r2023a,1863258,0fcf189750041a29f29450e4c100778e6ed6e95f783a1f1aa9d2e6f28d325b70,ZIP (GeoTIFF),"GHSL tile R9_C32, ESRI:54009",1995,,verified: size = server Content-Length; zip CRC ok,,GET https://jeodpp.jrc.ec.europa.eu/ftp/jrc-opendata/GHSL/GHS_POP_GLOBE_R2023A/GHS_POP_E1995_GLOBE_R2023A_54009_100/V1-0/tiles/GHS_POP_E1995_GLOBE_R2023A_54009_100_V1_0_R9_C32.zip,2026-10-07T12:42:40+00:00,,
data/raw/ghsl_pop_r2023a/2026-10-07_tiles/GHS_POP_E1995_GLOBE_R2023A_54009_100_V1_0_R9_C33.zip,ghsl_pop_r2023a,1779401,a9b3dfcf56f4fd7694d2020bbbe8102637ee828c778258b60190f9366b766b4c,ZIP (GeoTIFF),"GHSL tile R9_C33, ESRI:54009",1995,,verified: size = server Content-Length; zip CRC ok,,GET https://jeodpp.jrc.ec.europa.eu/ftp/jrc-opendata/GHSL/GHS_POP_GLOBE_R2023A/GHS_POP_E1995_GLOBE_R2023A_54009_100/V1-0/tiles/GHS_POP_E1995_GLOBE_R2023A_54009_100_V1_0_R9_C33.zip,2026-10-07T12:42:30+00:00,,
data/raw/ghsl_pop_r2023a/2026-10-07_tiles/GHS_POP_E1995_GLOBE_R2023A_54009_100_V1_0_R10_C28.zip,ghsl_pop_r2023a,1820932,1b0678d9cc7440386109f0d716421b4117d8aba21dde9c57c5fdff6417baf97c,ZIP (GeoTIFF),"GHSL tile R10_C28, ESRI:54009",1995,,verified: size = server Content-Length; zip CRC ok,,GET https://jeodpp.jrc.ec.europa.eu/ftp/jrc-opendata/GHSL/GHS_POP_GLOBE_R2023A/GHS_POP_E1995_GLOBE_R2023A_54009_100/V1-0/tiles/GHS_POP_E1995_GLOBE_R2023A_54009_100_V1_0_R10_C28.zip,2026-10-07T12:42:32+00:00,,
data/raw/ghsl_pop_r2023a/2026-10-07_tiles/GHS_POP_E1995_GLOBE_R2023A_54009_100_V1_0_R10_C29.zip,ghsl_pop_r2023a,17437120,44781c70e38528ce403dff714be7e1b2d41f6ec0813bba65596d4738966de8f0,ZIP (GeoTIFF),"GHSL tile R10_C29, ESRI:54009",1995,,verified: size = server Content-Length; zip CRC ok,,GET https://jeodpp.jrc.ec.europa.eu/ftp/jrc-opendata/GHSL/GHS_POP_GLOBE_R2023A/GHS_POP_E1995_GLOBE_R2023A_54009_100/V1-0/tiles/GHS_POP_E1995_GLOBE_R2023A_54009_100_V1_0_R10_C29.zip,2026-10-07T12:42:40+00:00,,
data/raw/ghsl_pop_r2023a/2026-10-07_tiles/GHS_POP_E1995_GLOBE_R2023A_54009_100_V1_0_R10_C30.zip,ghsl_pop_r2023a,15312623,278e9d205b0848fdccddc3ac53a5e8a2b446847e25cb7bda15e8b735f37ceac9,ZIP (GeoTIFF),"GHSL tile R10_C30, ESRI:54009",1995,,verified: size = server Content-Length; zip CRC ok,,GET https://jeodpp.jrc.ec.europa.eu/ftp/jrc-opendata/GHSL/GHS_POP_GLOBE_R2023A/GHS_POP_E1995_GLOBE_R2023A_54009_100/V1-0/tiles/GHS_POP_E1995_GLOBE_R2023A_54009_100_V1_0_R10_C30.zip,2026-10-07T12:42:40+00:00,,
data/raw/ghsl_pop_r2023a/2026-10-07_tiles/GHS_POP_E1995_GLOBE_R2023A_54009_100_V1_0_R10_C31.zip,ghsl_pop_r2023a,7355530,e2856dce574a33f2d00531d24a77d9551229507e8f31f0602422dfc4dc5a6775,ZIP (GeoTIFF),"GHSL tile R10_C31, ESRI:54009",1995,,verified: size = server Content-Length; zip CRC ok,,GET https://jeodpp.jrc.ec.europa.eu/ftp/jrc-opendata/GHSL/GHS_POP_GLOBE_R2023A/GHS_POP_E1995_GLOBE_R2023A_54009_100/V1-0/tiles/GHS_POP_E1995_GLOBE_R2023A_54009_100_V1_0_R10_C31.zip,2026-10-07T12:42:43+00:00,,
data/raw/ghsl_pop_r2023a/2026-10-07_tiles/GHS_POP_E1995_GLOBE_R2023A_54009_100_V1_0_R10_C32.zip,ghsl_pop_r2023a,4373583,a9cceca9ec49e9c4918c1ee8955b430b7a07671333b2f770bc6741c7edbc5f7c,ZIP (GeoTIFF),"GHSL tile R10_C32, ESRI:54009",1995,,verified: size = server Content-Length; zip CRC ok,,GET https://jeodpp.jrc.ec.europa.eu/ftp/jrc-opendata/GHSL/GHS_POP_GLOBE_R2023A/GHS_POP_E1995_GLOBE_R2023A_54009_100/V1-0/tiles/GHS_POP_E1995_GLOBE_R2023A_54009_100_V1_0_R10_C32.zip,2026-10-07T12:42:40+00:00,,
data/raw/ghsl_pop_r2023a/2026-10-07_tiles/GHS_POP_E1995_GLOBE_R2023A_54009_100_V1_0_R10_C33.zip,ghsl_pop_r2023a,4519250,e06ca480b434de84de901fc1f7da9089577cb3b020be745a973333f356872b43,ZIP (GeoTIFF),"GHSL tile R10_C33, ESRI:54009",1995,,verified: size = server Content-Length; zip CRC ok,,GET https://jeodpp.jrc.ec.europa.eu/ftp/jrc-opendata/GHSL/GHS_POP_GLOBE_R2023A/GHS_POP_E1995_GLOBE_R2023A_54009_100/V1-0/tiles/GHS_POP_E1995_GLOBE_R2023A_54009_100_V1_0_R10_C33.zip,2026-10-07T12:42:26+00:00,,
data/raw/ghsl_pop_r2023a/2026-10-07_tiles/GHS_POP_E1995_GLOBE_R2023A_54009_100_V1_0_R11_C28.zip,ghsl_pop_r2023a,1729078,214edf59529cd4b451ae5125c25c7d630d5a67aae345d1d3c13a493d7b76143f,ZIP (GeoTIFF),"GHSL tile R11_C28, ESRI:54009",1995,,verified: size = server Content-Length; zip CRC ok,,GET https://jeodpp.jrc.ec.europa.eu/ftp/jrc-opendata/GHSL/GHS_POP_GLOBE_R2023A/GHS_POP_E1995_GLOBE_R2023A_54009_100/V1-0/tiles/GHS_POP_E1995_GLOBE_R2023A_54009_100_V1_0_R11_C28.zip,2026-10-07T12:42:22+00:00,,
data/raw/ghsl_pop_r2023a/2026-10-07_tiles/GHS_POP_E1995_GLOBE_R2023A_54009_100_V1_0_R11_C29.zip,ghsl_pop_r2023a,1717474,9091f8c94026d36201177fa74bf4d19f230ad156872c0d48c9194c727c37c1ba,ZIP (GeoTIFF),"GHSL tile R11_C29, ESRI:54009",1995,,verified: size = server Content-Length; zip CRC ok,,GET https://jeodpp.jrc.ec.europa.eu/ftp/jrc-opendata/GHSL/GHS_POP_GLOBE_R2023A/GHS_POP_E1995_GLOBE_R2023A_54009_100/V1-0/tiles/GHS_POP_E1995_GLOBE_R2023A_54009_100_V1_0_R11_C29.zip,2026-10-07T12:42:22+00:00,,
data/raw/ghsl_pop_r2023a/2026-10-07_tiles/GHS_POP_E1995_GLOBE_R2023A_54009_100_V1_0_R11_C30.zip,ghsl_pop_r2023a,5712104,f62321af5c036da7f7ed0cae84cb46869adde7aeaccdf1127fe412fa4edd9201,ZIP (GeoTIFF),"GHSL tile R11_C30, ESRI:54009",1995,,verified: size = server Content-Length; zip CRC ok,,GET https://jeodpp.jrc.ec.europa.eu/ftp/jrc-opendata/GHSL/GHS_POP_GLOBE_R2023A/GHS_POP_E1995_GLOBE_R2023A_54009_100/V1-0/tiles/GHS_POP_E1995_GLOBE_R2023A_54009_100_V1_0_R11_C30.zip,2026-10-07T12:42:25+00:00,,
data/raw/ghsl_pop_r2023a/2026-10-07_tiles/GHS_POP_E1995_GLOBE_R2023A_54009_100_V1_0_R11_C31.zip,ghsl_pop_r2023a,4861894,7c98ca49d8295a9c208295f3d149294f43575ce111edbe965ea085d8bcfeb12f,ZIP (GeoTIFF),"GHSL tile R11_C31, ESRI:54009",1995,,verified: size = server Content-Length; zip CRC ok,,GET https://jeodpp.jrc.ec.europa.eu/ftp/jrc-opendata/GHSL/GHS_POP_GLOBE_R2023A/GHS_POP_E1995_GLOBE_R2023A_54009_100/V1-0/tiles/GHS_POP_E1995_GLOBE_R2023A_54009_100_V1_0_R11_C31.zip,2026-10-07T12:42:25+00:00,,
data/raw/ghsl_pop_r2023a/2026-10-07_tiles/GHS_POP_E1995_GLOBE_R2023A_54009_100_V1_0_R11_C32.zip,ghsl_pop_r2023a,2571057,008c848af22bff22aa53db1e7f67f5ba047f4753171c9f8af0e56cc7e82a2fda,ZIP (GeoTIFF),"GHSL tile R11_C32, ESRI:54009",1995,,verified: size = server Content-Length; zip CRC ok,,GET https://jeodpp.jrc.ec.europa.eu/ftp/jrc-opendata/GHSL/GHS_POP_GLOBE_R2023A/GHS_POP_E1995_GLOBE_R2023A_54009_100/V1-0/tiles/GHS_POP_E1995_GLOBE_R2023A_54009_100_V1_0_R11_C32.zip,2026-10-07T12:42:25+00:00,,
data/raw/ghsl_pop_r2023a/2026-10-07_tiles/GHS_POP_E1995_GLOBE_R2023A_54009_100_V1_0_R11_C33.zip,ghsl_pop_r2023a,3231343,8484483e98c37e7c1bdac2dad747cdce927fe1cb1eea4a884bcea9abba63f768,ZIP (GeoTIFF),"GHSL tile R11_C33, ESRI:54009",1995,,verified: size = server Content-Length; zip CRC ok,,GET https://jeodpp.jrc.ec.europa.eu/ftp/jrc-opendata/GHSL/GHS_POP_GLOBE_R2023A/GHS_POP_E1995_GLOBE_R2023A_54009_100/V1-0/tiles/GHS_POP_E1995_GLOBE_R2023A_54009_100_V1_0_R11_C33.zip,2026-10-07T12:42:26+00:00,,
data/raw/ghsl_pop_r2023a/2026-10-07_tiles/GHS_POP_E2000_GLOBE_R2023A_54009_100_V1_0_R9_C28.zip,ghsl_pop_r2023a,6697595,b9e6ffe2d971c82c4d7a4202eb83eda43fd582c77b17c1a395f59f3afe73d641,ZIP (GeoTIFF),"GHSL tile R9_C28, ESRI:54009",2000,,verified: size = server Content-Length; zip CRC ok,,GET https://jeodpp.jrc.ec.europa.eu/ftp/jrc-opendata/GHSL/GHS_POP_GLOBE_R2023A/GHS_POP_E2000_GLOBE_R2023A_54009_100/V1-0/tiles/GHS_POP_E2000_GLOBE_R2023A_54009_100_V1_0_R9_C28.zip,2026-10-07T12:43:06+00:00,,
data/raw/ghsl_pop_r2023a/2026-10-07_tiles/GHS_POP_E2000_GLOBE_R2023A_54009_100_V1_0_R9_C29.zip,ghsl_pop_r2023a,13825906,47eeda88f4531d3d541c26b4b9c9904f5d3cf98b6f991489e82d87b631a40706,ZIP (GeoTIFF),"GHSL tile R9_C29, ESRI:54009",2000,,verified: size = server Content-Length; zip CRC ok,,GET https://jeodpp.jrc.ec.europa.eu/ftp/jrc-opendata/GHSL/GHS_POP_GLOBE_R2023A/GHS_POP_E2000_GLOBE_R2023A_54009_100/V1-0/tiles/GHS_POP_E2000_GLOBE_R2023A_54009_100_V1_0_R9_C29.zip,2026-10-07T12:43:07+00:00,,
data/raw/ghsl_pop_r2023a/2026-10-07_tiles/GHS_POP_E2000_GLOBE_R2023A_54009_100_V1_0_R9_C30.zip,ghsl_pop_r2023a,6465516,1fafe3f3ad1c511f197c4dcc7f526299b25a6f376540643860160ef9b640a81b,ZIP (GeoTIFF),"GHSL tile R9_C30, ESRI:54009",2000,,verified: size = server Content-Length; zip CRC ok,,GET https://jeodpp.jrc.ec.europa.eu/ftp/jrc-opendata/GHSL/GHS_POP_GLOBE_R2023A/GHS_POP_E2000_GLOBE_R2023A_54009_100/V1-0/tiles/GHS_POP_E2000_GLOBE_R2023A_54009_100_V1_0_R9_C30.zip,2026-10-07T12:43:08+00:00,,
data/raw/ghsl_pop_r2023a/2026-10-07_tiles/GHS_POP_E2000_GLOBE_R2023A_54009_100_V1_0_R9_C31.zip,ghsl_pop_r2023a,7379382,2ae51c043b7d659da8dd0162eb722a6db8d791346f0e96072534e47f30a46ae1,ZIP (GeoTIFF),"GHSL tile R9_C31, ESRI:54009",2000,,verified: size = server Content-Length; zip CRC ok,,GET https://jeodpp.jrc.ec.europa.eu/ftp/jrc-opendata/GHSL/GHS_POP_GLOBE_R2023A/GHS_POP_E2000_GLOBE_R2023A_54009_100/V1-0/tiles/GHS_POP_E2000_GLOBE_R2023A_54009_100_V1_0_R9_C31.zip,2026-10-07T12:43:12+00:00,,
data/raw/ghsl_pop_r2023a/2026-10-07_tiles/GHS_POP_E2000_GLOBE_R2023A_54009_100_V1_0_R9_C32.zip,ghsl_pop_r2023a,1864393,03ff2180bfbcec8ad29389935a4089be4baae1ed0ef720d6b79d08aedd80c393,ZIP (GeoTIFF),"GHSL tile R9_C32, ESRI:54009",2000,,verified: size = server Content-Length; zip CRC ok,,GET https://jeodpp.jrc.ec.europa.eu/ftp/jrc-opendata/GHSL/GHS_POP_GLOBE_R2023A/GHS_POP_E2000_GLOBE_R2023A_54009_100/V1-0/tiles/GHS_POP_E2000_GLOBE_R2023A_54009_100_V1_0_R9_C32.zip,2026-10-07T12:43:10+00:00,,
data/raw/ghsl_pop_r2023a/2026-10-07_tiles/GHS_POP_E2000_GLOBE_R2023A_54009_100_V1_0_R9_C33.zip,ghsl_pop_r2023a,1779372,e15f927605aa7a542088e634b52579329b75a6d548ff55269bbd6d4d699bc012,ZIP (GeoTIFF),"GHSL tile R9_C33, ESRI:54009",2000,,verified: size = server Content-Length; zip CRC ok,,GET https://jeodpp.jrc.ec.europa.eu/ftp/jrc-opendata/GHSL/GHS_POP_GLOBE_R2023A/GHS_POP_E2000_GLOBE_R2023A_54009_100/V1-0/tiles/GHS_POP_E2000_GLOBE_R2023A_54009_100_V1_0_R9_C33.zip,2026-10-07T12:43:10+00:00,,
data/raw/ghsl_pop_r2023a/2026-10-07_tiles/GHS_POP_E2000_GLOBE_R2023A_54009_100_V1_0_R10_C28.zip,ghsl_pop_r2023a,1821782,c29dfb076b737f48fc3a1118f767e3ec9e9ec50ee5dc7c7c2cf8137146f8a41a,ZIP (GeoTIFF),"GHSL tile R10_C28, ESRI:54009",2000,,verified: size = server Content-Length; zip CRC ok,,GET https://jeodpp.jrc.ec.europa.eu/ftp/jrc-opendata/GHSL/GHS_POP_GLOBE_R2023A/GHS_POP_E2000_GLOBE_R2023A_54009_100/V1-0/tiles/GHS_POP_E2000_GLOBE_R2023A_54009_100_V1_0_R10_C28.zip,2026-10-07T12:43:06+00:00,,
data/raw/ghsl_pop_r2023a/2026-10-07_tiles/GHS_POP_E2000_GLOBE_R2023A_54009_100_V1_0_R10_C29.zip,ghsl_pop_r2023a,18255118,90b86ba5c466283aa9a11867c97a7c9f1da99c2222542851ecf1cf4357ba7440,ZIP (GeoTIFF),"GHSL tile R10_C29, ESRI:54009",2000,,verified: size = server Content-Length; zip CRC ok,,GET https://jeodpp.jrc.ec.europa.eu/ftp/jrc-opendata/GHSL/GHS_POP_GLOBE_R2023A/GHS_POP_E2000_GLOBE_R2023A_54009_100/V1-0/tiles/GHS_POP_E2000_GLOBE_R2023A_54009_100_V1_0_R10_C29.zip,2026-10-07T12:43:08+00:00,,
data/raw/ghsl_pop_r2023a/2026-10-07_tiles/GHS_POP_E2000_GLOBE_R2023A_54009_100_V1_0_R10_C30.zip,ghsl_pop_r2023a,15880550,0b50aa258b65d44c59f03427dd5236bb057412162aed605ec8b5109b2128f667,ZIP (GeoTIFF),"GHSL tile R10_C30, ESRI:54009",2000,,verified: size = server Content-Length; zip CRC ok,,GET https://jeodpp.jrc.ec.europa.eu/ftp/jrc-opendata/GHSL/GHS_POP_GLOBE_R2023A/GHS_POP_E2000_GLOBE_R2023A_54009_100/V1-0/tiles/GHS_POP_E2000_GLOBE_R2023A_54009_100_V1_0_R10_C30.zip,2026-10-07T12:43:09+00:00,,
data/raw/ghsl_pop_r2023a/2026-10-07_tiles/GHS_POP_E2000_GLOBE_R2023A_54009_100_V1_0_R10_C31.zip,ghsl_pop_r2023a,7504679,edcb8fd06535285f288111749dadce860e097faa99e23eb6b8fa1807ee809a71,ZIP (GeoTIFF),"GHSL tile R10_C31, ESRI:54009",2000,,verified: size = server Content-Length; zip CRC ok,,GET https://jeodpp.jrc.ec.europa.eu/ftp/jrc-opendata/GHSL/GHS_POP_GLOBE_R2023A/GHS_POP_E2000_GLOBE_R2023A_54009_100/V1-0/tiles/GHS_POP_E2000_GLOBE_R2023A_54009_100_V1_0_R10_C31.zip,2026-10-07T12:43:11+00:00,,
data/raw/ghsl_pop_r2023a/2026-10-07_tiles/GHS_POP_E2000_GLOBE_R2023A_54009_100_V1_0_R10_C32.zip,ghsl_pop_r2023a,4420652,eb38bbf18e99a17e4b8fffbc301e25f51868f89b0dd82b724cc0bebf74f82a1c,ZIP (GeoTIFF),"GHSL tile R10_C32, ESRI:54009",2000,,verified: size = server Content-Length; zip CRC ok,,GET https://jeodpp.jrc.ec.europa.eu/ftp/jrc-opendata/GHSL/GHS_POP_GLOBE_R2023A/GHS_POP_E2000_GLOBE_R2023A_54009_100/V1-0/tiles/GHS_POP_E2000_GLOBE_R2023A_54009_100_V1_0_R10_C32.zip,2026-10-07T12:43:11+00:00,,
data/raw/ghsl_pop_r2023a/2026-10-07_tiles/GHS_POP_E2000_GLOBE_R2023A_54009_100_V1_0_R10_C33.zip,ghsl_pop_r2023a,4562758,6f77b013980d77d1163aa1591aacd7a8947f48d4baa2b3916a47e52ec2548ad8,ZIP (GeoTIFF),"GHSL tile R10_C33, ESRI:54009",2000,,verified: size = server Content-Length; zip CRC ok,,GET https://jeodpp.jrc.ec.europa.eu/ftp/jrc-opendata/GHSL/GHS_POP_GLOBE_R2023A/GHS_POP_E2000_GLOBE_R2023A_54009_100/V1-0/tiles/GHS_POP_E2000_GLOBE_R2023A_54009_100_V1_0_R10_C33.zip,2026-10-07T12:43:10+00:00,,
data/raw/ghsl_pop_r2023a/2026-10-07_tiles/GHS_POP_E2000_GLOBE_R2023A_54009_100_V1_0_R11_C28.zip,ghsl_pop_r2023a,1729109,188d088bcf21e84063e0419060c8483cdc2e82db34428c1fb6fc0bc160620139,ZIP (GeoTIFF),"GHSL tile R11_C28, ESRI:54009",2000,,verified: size = server Content-Length; zip CRC ok,,GET https://jeodpp.jrc.ec.europa.eu/ftp/jrc-opendata/GHSL/GHS_POP_GLOBE_R2023A/GHS_POP_E2000_GLOBE_R2023A_54009_100/V1-0/tiles/GHS_POP_E2000_GLOBE_R2023A_54009_100_V1_0_R11_C28.zip,2026-10-07T12:43:02+00:00,,
data/raw/ghsl_pop_r2023a/2026-10-07_tiles/GHS_POP_E2000_GLOBE_R2023A_54009_100_V1_0_R11_C29.zip,ghsl_pop_r2023a,1717503,0d605b4276708d729bea2b7964ad971d45cc08f00b2a4f3c36f41737b4f16b87,ZIP (GeoTIFF),"GHSL tile R11_C29, ESRI:54009",2000,,verified: size = server Content-Length; zip CRC ok,,GET https://jeodpp.jrc.ec.europa.eu/ftp/jrc-opendata/GHSL/GHS_POP_GLOBE_R2023A/GHS_POP_E2000_GLOBE_R2023A_54009_100/V1-0/tiles/GHS_POP_E2000_GLOBE_R2023A_54009_100_V1_0_R11_C29.zip,2026-10-07T12:43:06+00:00,,
data/raw/ghsl_pop_r2023a/2026-10-07_tiles/GHS_POP_E2000_GLOBE_R2023A_54009_100_V1_0_R11_C30.zip,ghsl_pop_r2023a,5853754,8a4bb0b168c067016c79769a2176775a053de0ec6c499080d2b0292b1009c7f6,ZIP (GeoTIFF),"GHSL tile R11_C30, ESRI:54009",2000,,verified: size = server Content-Length; zip CRC ok,,GET https://jeodpp.jrc.ec.europa.eu/ftp/jrc-opendata/GHSL/GHS_POP_GLOBE_R2023A/GHS_POP_E2000_GLOBE_R2023A_54009_100/V1-0/tiles/GHS_POP_E2000_GLOBE_R2023A_54009_100_V1_0_R11_C30.zip,2026-10-07T12:43:07+00:00,,
data/raw/ghsl_pop_r2023a/2026-10-07_tiles/GHS_POP_E2000_GLOBE_R2023A_54009_100_V1_0_R11_C31.zip,ghsl_pop_r2023a,4934289,c3b1465e8072cbb0c16a194572b38bd1b15be8fa9105a68db2d4807e01afd123,ZIP (GeoTIFF),"GHSL tile R11_C31, ESRI:54009",2000,,verified: size = server Content-Length; zip CRC ok,,GET https://jeodpp.jrc.ec.europa.eu/ftp/jrc-opendata/GHSL/GHS_POP_GLOBE_R2023A/GHS_POP_E2000_GLOBE_R2023A_54009_100/V1-0/tiles/GHS_POP_E2000_GLOBE_R2023A_54009_100_V1_0_R11_C31.zip,2026-10-07T12:43:09+00:00,,
data/raw/ghsl_pop_r2023a/2026-10-07_tiles/GHS_POP_E2000_GLOBE_R2023A_54009_100_V1_0_R11_C32.zip,ghsl_pop_r2023a,2574910,856e6299f06c4767f63a92b05f300ae494d8ed07a291bd65f061d000224be26c,ZIP (GeoTIFF),"GHSL tile R11_C32, ESRI:54009",2000,,verified: size = server Content-Length; zip CRC ok,,GET https://jeodpp.jrc.ec.europa.eu/ftp/jrc-opendata/GHSL/GHS_POP_GLOBE_R2023A/GHS_POP_E2000_GLOBE_R2023A_54009_100/V1-0/tiles/GHS_POP_E2000_GLOBE_R2023A_54009_100_V1_0_R11_C32.zip,2026-10-07T12:43:09+00:00,,
data/raw/ghsl_pop_r2023a/2026-10-07_tiles/GHS_POP_E2000_GLOBE_R2023A_54009_100_V1_0_R11_C33.zip,ghsl_pop_r2023a,3245530,8803bdad5907887d8ad9e76bd83865ed38eb35cd5dc92fae4a68d7ca584bc626,ZIP (GeoTIFF),"GHSL tile R11_C33, ESRI:54009",2000,,verified: size = server Content-Length; zip CRC ok,,GET https://jeodpp.jrc.ec.europa.eu/ftp/jrc-opendata/GHSL/GHS_POP_GLOBE_R2023A/GHS_POP_E2000_GLOBE_R2023A_54009_100/V1-0/tiles/GHS_POP_E2000_GLOBE_R2023A_54009_100_V1_0_R11_C33.zip,2026-10-07T12:43:09+00:00,,
data/raw/ghsl_pop_r2023a/2026-10-07_tiles/GHS_POP_E2005_GLOBE_R2023A_54009_100_V1_0_R9_C28.zip,ghsl_pop_r2023a,6857874,7e15b7d144abdc3ef9444cb179f65cb15aac935dc51c229db793045c9a187a8d,ZIP (GeoTIFF),"GHSL tile R9_C28, ESRI:54009",2005,,verified: size = server Content-Length; zip CRC ok,,GET https://jeodpp.jrc.ec.europa.eu/ftp/jrc-opendata/GHSL/GHS_POP_GLOBE_R2023A/GHS_POP_E2005_GLOBE_R2023A_54009_100/V1-0/tiles/GHS_POP_E2005_GLOBE_R2023A_54009_100_V1_0_R9_C28.zip,2026-10-07T12:43:32+00:00,,
data/raw/ghsl_pop_r2023a/2026-10-07_tiles/GHS_POP_E2005_GLOBE_R2023A_54009_100_V1_0_R9_C29.zip,ghsl_pop_r2023a,14350903,fe03614d8d20f29ce6299b3734b496e045a4a4b0b7695ad5a1c8eb0560b5cea3,ZIP (GeoTIFF),"GHSL tile R9_C29, ESRI:54009",2005,,verified: size = server Content-Length; zip CRC ok,,GET https://jeodpp.jrc.ec.europa.eu/ftp/jrc-opendata/GHSL/GHS_POP_GLOBE_R2023A/GHS_POP_E2005_GLOBE_R2023A_54009_100/V1-0/tiles/GHS_POP_E2005_GLOBE_R2023A_54009_100_V1_0_R9_C29.zip,2026-10-07T12:43:33+00:00,,
data/raw/ghsl_pop_r2023a/2026-10-07_tiles/GHS_POP_E2005_GLOBE_R2023A_54009_100_V1_0_R9_C30.zip,ghsl_pop_r2023a,6628773,c2e3f70dd13b5530a36aba3cb38f4c443b134d1a36559192d060d0ac5af8734c,ZIP (GeoTIFF),"GHSL tile R9_C30, ESRI:54009",2005,,verified: size = server Content-Length; zip CRC ok,,GET https://jeodpp.jrc.ec.europa.eu/ftp/jrc-opendata/GHSL/GHS_POP_GLOBE_R2023A/GHS_POP_E2005_GLOBE_R2023A_54009_100/V1-0/tiles/GHS_POP_E2005_GLOBE_R2023A_54009_100_V1_0_R9_C30.zip,2026-10-07T12:43:29+00:00,,
data/raw/ghsl_pop_r2023a/2026-10-07_tiles/GHS_POP_E2005_GLOBE_R2023A_54009_100_V1_0_R9_C31.zip,ghsl_pop_r2023a,7600974,e3dfa7a0499d1ba96f607f8989b6d5fb6a6189547bec2b9783627f2829dd8d90,ZIP (GeoTIFF),"GHSL tile R9_C31, ESRI:54009",2005,,verified: size = server Content-Length; zip CRC ok,,GET https://jeodpp.jrc.ec.europa.eu/ftp/jrc-opendata/GHSL/GHS_POP_GLOBE_R2023A/GHS_POP_E2005_GLOBE_R2023A_54009_100/V1-0/tiles/GHS_POP_E2005_GLOBE_R2023A_54009_100_V1_0_R9_C31.zip,2026-10-07T12:43:26+00:00,,
data/raw/ghsl_pop_r2023a/2026-10-07_tiles/GHS_POP_E2005_GLOBE_R2023A_54009_100_V1_0_R9_C32.zip,ghsl_pop_r2023a,1863419,b884cc7850ffa10756ea2736a1dadc7db515bbbf33dafd6526f7e7daa917baa3,ZIP (GeoTIFF),"GHSL tile R9_C32, ESRI:54009",2005,,verified: size = server Content-Length; zip CRC ok,,GET https://jeodpp.jrc.ec.europa.eu/ftp/jrc-opendata/GHSL/GHS_POP_GLOBE_R2023A/GHS_POP_E2005_GLOBE_R2023A_54009_100/V1-0/tiles/GHS_POP_E2005_GLOBE_R2023A_54009_100_V1_0_R9_C32.zip,2026-10-07T12:43:28+00:00,,
data/raw/ghsl_pop_r2023a/2026-10-07_tiles/GHS_POP_E2005_GLOBE_R2023A_54009_100_V1_0_R9_C33.zip,ghsl_pop_r2023a,1779380,e660fa0dd89bafd1176078b5b28d4a52ee1a0fc9a8c6923a42efedfffff804e8,ZIP (GeoTIFF),"GHSL tile R9_C33, ESRI:54009",2005,,verified: size = server Content-Length; zip CRC ok,,GET https://jeodpp.jrc.ec.europa.eu/ftp/jrc-opendata/GHSL/GHS_POP_GLOBE_R2023A/GHS_POP_E2005_GLOBE_R2023A_54009_100/V1-0/tiles/GHS_POP_E2005_GLOBE_R2023A_54009_100_V1_0_R9_C33.zip,2026-10-07T12:43:23+00:00,,
data/raw/ghsl_pop_r2023a/2026-10-07_tiles/GHS_POP_E2005_GLOBE_R2023A_54009_100_V1_0_R10_C28.zip,ghsl_pop_r2023a,1823408,e7a293e1b05936861beae574e35b783ef7322ccc59a42e5cc4462432de04d659,ZIP (GeoTIFF),"GHSL tile R10_C28, ESRI:54009",2005,,verified: size = server Content-Length; zip CRC ok,,GET https://jeodpp.jrc.ec.europa.eu/ftp/jrc-opendata/GHSL/GHS_POP_GLOBE_R2023A/GHS_POP_E2005_GLOBE_R2023A_54009_100/V1-0/tiles/GHS_POP_E2005_GLOBE_R2023A_54009_100_V1_0_R10_C28.zip,2026-10-07T12:43:33+00:00,,
data/raw/ghsl_pop_r2023a/2026-10-07_tiles/GHS_POP_E2005_GLOBE_R2023A_54009_100_V1_0_R10_C29.zip,ghsl_pop_r2023a,19091190,8bea01036e424a45c7c7e2980b832bb7d63fe027f163324ae9be6ab84d1b01b9,ZIP (GeoTIFF),"GHSL tile R10_C29, ESRI:54009",2005,,verified: size = server Content-Length; zip CRC ok,,GET https://jeodpp.jrc.ec.europa.eu/ftp/jrc-opendata/GHSL/GHS_POP_GLOBE_R2023A/GHS_POP_E2005_GLOBE_R2023A_54009_100/V1-0/tiles/GHS_POP_E2005_GLOBE_R2023A_54009_100_V1_0_R10_C29.zip,2026-10-07T12:43:34+00:00,,
data/raw/ghsl_pop_r2023a/2026-10-07_tiles/GHS_POP_E2005_GLOBE_R2023A_54009_100_V1_0_R10_C30.zip,ghsl_pop_r2023a,16570731,064bd7a1de538fb361d0baba7700490051af1e7715013275b852c9db621d8282,ZIP (GeoTIFF),"GHSL tile R10_C30, ESRI:54009",2005,,verified: size = server Content-Length; zip CRC ok,,GET https://jeodpp.jrc.ec.europa.eu/ftp/jrc-opendata/GHSL/GHS_POP_GLOBE_R2023A/GHS_POP_E2005_GLOBE_R2023A_54009_100/V1-0/tiles/GHS_POP_E2005_GLOBE_R2023A_54009_100_V1_0_R10_C30.zip,2026-10-07T12:43:32+00:00,,
data/raw/ghsl_pop_r2023a/2026-10-07_tiles/GHS_POP_E2005_GLOBE_R2023A_54009_100_V1_0_R10_C31.zip,ghsl_pop_r2023a,7678193,4ee54de30d38f64d3e084789665e211d420731832396c0b73f63b339e2d0ea6c,ZIP (GeoTIFF),"GHSL tile R10_C31, ESRI:54009",2005,,verified: size = server Content-Length; zip CRC ok,,GET https://jeodpp.jrc.ec.europa.eu/ftp/jrc-opendata/GHSL/GHS_POP_GLOBE_R2023A/GHS_POP_E2005_GLOBE_R2023A_54009_100/V1-0/tiles/GHS_POP_E2005_GLOBE_R2023A_54009_100_V1_0_R10_C31.zip,2026-10-07T12:43:31+00:00,,
data/raw/ghsl_pop_r2023a/2026-10-07_tiles/GHS_POP_E2005_GLOBE_R2023A_54009_100_V1_0_R10_C32.zip,ghsl_pop_r2023a,4455392,13e374f70e9f61fdc82bc913d756d8f2467999919e859dad0d60745f1611b78f,ZIP (GeoTIFF),"GHSL tile R10_C32, ESRI:54009",2005,,verified: size = server Content-Length; zip CRC ok,,GET https://jeodpp.jrc.ec.europa.eu/ftp/jrc-opendata/GHSL/GHS_POP_GLOBE_R2023A/GHS_POP_E2005_GLOBE_R2023A_54009_100/V1-0/tiles/GHS_POP_E2005_GLOBE_R2023A_54009_100_V1_0_R10_C32.zip,2026-10-07T12:43:30+00:00,,
data/raw/ghsl_pop_r2023a/2026-10-07_tiles/GHS_POP_E2005_GLOBE_R2023A_54009_100_V1_0_R10_C33.zip,ghsl_pop_r2023a,4665050,94c82d1becff53dc0bc564b70e4544ca6066736036e62d8f5ee49ad5d50a27dc,ZIP (GeoTIFF),"GHSL tile R10_C33, ESRI:54009",2005,,verified: size = server Content-Length; zip CRC ok,,GET https://jeodpp.jrc.ec.europa.eu/ftp/jrc-opendata/GHSL/GHS_POP_GLOBE_R2023A/GHS_POP_E2005_GLOBE_R2023A_54009_100/V1-0/tiles/GHS_POP_E2005_GLOBE_R2023A_54009_100_V1_0_R10_C33.zip,2026-10-07T12:43:22+00:00,,
data/raw/ghsl_pop_r2023a/2026-10-07_tiles/GHS_POP_E2005_GLOBE_R2023A_54009_100_V1_0_R11_C28.zip,ghsl_pop_r2023a,1729033,95d7e87d90ff242be4fede3bee979ca71fad1356fc270a103dc9231e22576779,ZIP (GeoTIFF),"GHSL tile R11_C28, ESRI:54009",2005,,verified: size = server Content-Length; zip CRC ok,,GET https://jeodpp.jrc.ec.europa.eu/ftp/jrc-opendata/GHSL/GHS_POP_GLOBE_R2023A/GHS_POP_E2005_GLOBE_R2023A_54009_100/V1-0/tiles/GHS_POP_E2005_GLOBE_R2023A_54009_100_V1_0_R11_C28.zip,2026-10-07T12:43:19+00:00,,
data/raw/ghsl_pop_r2023a/2026-10-07_tiles/GHS_POP_E2005_GLOBE_R2023A_54009_100_V1_0_R11_C29.zip,ghsl_pop_r2023a,1717512,e9a92dc6c65008d7715b025cecbf7373145a43150256c77babaff6964f525c5c,ZIP (GeoTIFF),"GHSL tile R11_C29, ESRI:54009",2005,,verified: size = server Content-Length; zip CRC ok,,GET https://jeodpp.jrc.ec.europa.eu/ftp/jrc-opendata/GHSL/GHS_POP_GLOBE_R2023A/GHS_POP_E2005_GLOBE_R2023A_54009_100/V1-0/tiles/GHS_POP_E2005_GLOBE_R2023A_54009_100_V1_0_R11_C29.zip,2026-10-07T12:43:19+00:00,,
data/raw/ghsl_pop_r2023a/2026-10-07_tiles/GHS_POP_E2005_GLOBE_R2023A_54009_100_V1_0_R11_C30.zip,ghsl_pop_r2023a,6062787,a7c8be0f1b73214318cde7f9296acf158d9a60aff965e94ffa83a6e9b6ccf61c,ZIP (GeoTIFF),"GHSL tile R11_C30, ESRI:54009",2005,,verified: size = server Content-Length; zip CRC ok,,GET https://jeodpp.jrc.ec.europa.eu/ftp/jrc-opendata/GHSL/GHS_POP_GLOBE_R2023A/GHS_POP_E2005_GLOBE_R2023A_54009_100/V1-0/tiles/GHS_POP_E2005_GLOBE_R2023A_54009_100_V1_0_R11_C30.zip,2026-10-07T12:43:20+00:00,,
data/raw/ghsl_pop_r2023a/2026-10-07_tiles/GHS_POP_E2005_GLOBE_R2023A_54009_100_V1_0_R11_C31.zip,ghsl_pop_r2023a,5025655,09b452ed5ba29ce51c8fa7b8885ddb4f64c7dc6fcc5e8863c4cc9c27c5827391,ZIP (GeoTIFF),"GHSL tile R11_C31, ESRI:54009",2005,,verified: size = server Content-Length; zip CRC ok,,GET https://jeodpp.jrc.ec.europa.eu/ftp/jrc-opendata/GHSL/GHS_POP_GLOBE_R2023A/GHS_POP_E2005_GLOBE_R2023A_54009_100/V1-0/tiles/GHS_POP_E2005_GLOBE_R2023A_54009_100_V1_0_R11_C31.zip,2026-10-07T12:43:20+00:00,,
data/raw/ghsl_pop_r2023a/2026-10-07_tiles/GHS_POP_E2005_GLOBE_R2023A_54009_100_V1_0_R11_C32.zip,ghsl_pop_r2023a,2572900,f0f48c7fb54cd18acdb7d7f2258d45634b6fc99f07905e885dee4a8347f6452b,ZIP (GeoTIFF),"GHSL tile R11_C32, ESRI:54009",2005,,verified: size = server Content-Length; zip CRC ok,,GET https://jeodpp.jrc.ec.europa.eu/ftp/jrc-opendata/GHSL/GHS_POP_GLOBE_R2023A/GHS_POP_E2005_GLOBE_R2023A_54009_100/V1-0/tiles/GHS_POP_E2005_GLOBE_R2023A_54009_100_V1_0_R11_C32.zip,2026-10-07T12:43:21+00:00,,
data/raw/ghsl_pop_r2023a/2026-10-07_tiles/GHS_POP_E2005_GLOBE_R2023A_54009_100_V1_0_R11_C33.zip,ghsl_pop_r2023a,3260735,ef98fd7b26bd1c47e8f92fdeae69c88b9fca9d33fea7ac69464b30ceab789252,ZIP (GeoTIFF),"GHSL tile R11_C33, ESRI:54009",2005,,verified: size = server Content-Length; zip CRC ok,,GET https://jeodpp.jrc.ec.europa.eu/ftp/jrc-opendata/GHSL/GHS_POP_GLOBE_R2023A/GHS_POP_E2005_GLOBE_R2023A_54009_100/V1-0/tiles/GHS_POP_E2005_GLOBE_R2023A_54009_100_V1_0_R11_C33.zip,2026-10-07T12:43:21+00:00,,
data/raw/ghsl_pop_r2023a/2026-10-07_tiles/GHS_POP_E2010_GLOBE_R2023A_54009_100_V1_0_R9_C28.zip,ghsl_pop_r2023a,7046740,edb51e6c40e8afa465b8b39f1bc72b75e6300e4f24602035d53fdd3c8627bdb7,ZIP (GeoTIFF),"GHSL tile R9_C28, ESRI:54009",2010,,verified: size = server Content-Length; zip CRC ok,,GET https://jeodpp.jrc.ec.europa.eu/ftp/jrc-opendata/GHSL/GHS_POP_GLOBE_R2023A/GHS_POP_E2010_GLOBE_R2023A_54009_100/V1-0/tiles/GHS_POP_E2010_GLOBE_R2023A_54009_100_V1_0_R9_C28.zip,2026-10-07T12:43:40+00:00,,
data/raw/ghsl_pop_r2023a/2026-10-07_tiles/GHS_POP_E2010_GLOBE_R2023A_54009_100_V1_0_R9_C29.zip,ghsl_pop_r2023a,14907852,f97765123cbe3768ec048d3d36d90bb71fe33ae857c507db129ab6b6e9ca6266,ZIP (GeoTIFF),"GHSL tile R9_C29, ESRI:54009",2010,,verified: size = server Content-Length; zip CRC ok,,GET https://jeodpp.jrc.ec.europa.eu/ftp/jrc-opendata/GHSL/GHS_POP_GLOBE_R2023A/GHS_POP_E2010_GLOBE_R2023A_54009_100/V1-0/tiles/GHS_POP_E2010_GLOBE_R2023A_54009_100_V1_0_R9_C29.zip,2026-10-07T13:34:55+00:00,,
data/raw/ghsl_pop_r2023a/2026-10-07_tiles/GHS_POP_E2010_GLOBE_R2023A_54009_100_V1_0_R9_C30.zip,ghsl_pop_r2023a,6794629,60fee74ab0a3fb5b334f0f43ebbc52b5ed48ea4b7e6599a23589d43a05a966a3,ZIP (GeoTIFF),"GHSL tile R9_C30, ESRI:54009",2010,,verified: size = server Content-Length; zip CRC ok,,GET https://jeodpp.jrc.ec.europa.eu/ftp/jrc-opendata/GHSL/GHS_POP_GLOBE_R2023A/GHS_POP_E2010_GLOBE_R2023A_54009_100/V1-0/tiles/GHS_POP_E2010_GLOBE_R2023A_54009_100_V1_0_R9_C30.zip,2026-10-07T13:34:57+00:00,,
data/raw/ghsl_pop_r2023a/2026-10-07_tiles/GHS_POP_E2010_GLOBE_R2023A_54009_100_V1_0_R9_C31.zip,ghsl_pop_r2023a,7856325,f7cd34d24d164ae50b1523b1d047f09de26fb00a308a3bdbbb3a0f07b7306102,ZIP (GeoTIFF),"GHSL tile R9_C31, ESRI:54009",2010,,verified: size = server Content-Length; zip CRC ok,,GET https://jeodpp.jrc.ec.europa.eu/ftp/jrc-opendata/GHSL/GHS_POP_GLOBE_R2023A/GHS_POP_E2010_GLOBE_R2023A_54009_100/V1-0/tiles/GHS_POP_E2010_GLOBE_R2023A_54009_100_V1_0_R9_C31.zip,2026-10-07T13:34:58+00:00,,
data/raw/ghsl_pop_r2023a/2026-10-07_tiles/GHS_POP_E2010_GLOBE_R2023A_54009_100_V1_0_R9_C32.zip,ghsl_pop_r2023a,1863539,021397cdd11addf203ef078001364129c2026ae2dd01530451384eec0dad7f7c,ZIP (GeoTIFF),"GHSL tile R9_C32, ESRI:54009",2010,,verified: size = server Content-Length; zip CRC ok,,GET https://jeodpp.jrc.ec.europa.eu/ftp/jrc-opendata/GHSL/GHS_POP_GLOBE_R2023A/GHS_POP_E2010_GLOBE_R2023A_54009_100/V1-0/tiles/GHS_POP_E2010_GLOBE_R2023A_54009_100_V1_0_R9_C32.zip,2026-10-07T12:43:48+00:00,,
data/raw/ghsl_pop_r2023a/2026-10-07_tiles/GHS_POP_E2010_GLOBE_R2023A_54009_100_V1_0_R9_C33.zip,ghsl_pop_r2023a,1779392,265ea7382f447ef5361583d651433afaf8ea2d7c61a452586f52fc6c2f5e6acd,ZIP (GeoTIFF),"GHSL tile R9_C33, ESRI:54009",2010,,verified: size = server Content-Length; zip CRC ok,,GET https://jeodpp.jrc.ec.europa.eu/ftp/jrc-opendata/GHSL/GHS_POP_GLOBE_R2023A/GHS_POP_E2010_GLOBE_R2023A_54009_100/V1-0/tiles/GHS_POP_E2010_GLOBE_R2023A_54009_100_V1_0_R9_C33.zip,2026-10-07T12:43:46+00:00,,
data/raw/ghsl_pop_r2023a/2026-10-07_tiles/GHS_POP_E2010_GLOBE_R2023A_54009_100_V1_0_R10_C28.zip,ghsl_pop_r2023a,1824487,79af7ff69bbdb958fdf143d5d86f9a250528b0c3b4b814f966d2063c2769e22d,ZIP (GeoTIFF),"GHSL tile R10_C28, ESRI:54009",2010,,verified: size = server Content-Length; zip CRC ok,,GET https://jeodpp.jrc.ec.europa.eu/ftp/jrc-opendata/GHSL/GHS_POP_GLOBE_R2023A/GHS_POP_E2010_GLOBE_R2023A_54009_100/V1-0/tiles/GHS_POP_E2010_GLOBE_R2023A_54009_100_V1_0_R10_C28.zip,2026-10-07T13:35:00+00:00,,
data/raw/ghsl_pop_r2023a/2026-10-07_tiles/GHS_POP_E2010_GLOBE_R2023A_54009_100_V1_0_R10_C29.zip,ghsl_pop_r2023a,19949635,9a27e78468f6ca41dfac523d41c1f652f94bc2e303a06a16bbce0da332f49cba,ZIP (GeoTIFF),"GHSL tile R10_C29, ESRI:54009",2010,,verified: size = server Content-Length; zip CRC ok,,GET https://jeodpp.jrc.ec.europa.eu/ftp/jrc-opendata/GHSL/GHS_POP_GLOBE_R2023A/GHS_POP_E2010_GLOBE_R2023A_54009_100/V1-0/tiles/GHS_POP_E2010_GLOBE_R2023A_54009_100_V1_0_R10_C29.zip,2026-10-07T13:35:02+00:00,,
data/raw/ghsl_pop_r2023a/2026-10-07_tiles/GHS_POP_E2010_GLOBE_R2023A_54009_100_V1_0_R10_C30.zip,ghsl_pop_r2023a,17292147,253bcda1103f4e18950da0253471b97c982ba46953b827578e491c10f7cd9911,ZIP (GeoTIFF),"GHSL tile R10_C30, ESRI:54009",2010,,verified: size = server Content-Length; zip CRC ok,,GET https://jeodpp.jrc.ec.europa.eu/ftp/jrc-opendata/GHSL/GHS_POP_GLOBE_R2023A/GHS_POP_E2010_GLOBE_R2023A_54009_100/V1-0/tiles/GHS_POP_E2010_GLOBE_R2023A_54009_100_V1_0_R10_C30.zip,2026-10-07T13:35:04+00:00,,
data/raw/ghsl_pop_r2023a/2026-10-07_tiles/GHS_POP_E2010_GLOBE_R2023A_54009_100_V1_0_R10_C31.zip,ghsl_pop_r2023a,7866837,c52ab4f35cfc23d73c2e025ed794893bf6283a0935296c878e8e161986755a95,ZIP (GeoTIFF),"GHSL tile R10_C31, ESRI:54009",2010,,verified: size = server Content-Length; zip CRC ok,,GET https://jeodpp.jrc.ec.europa.eu/ftp/jrc-opendata/GHSL/GHS_POP_GLOBE_R2023A/GHS_POP_E2010_GLOBE_R2023A_54009_100/V1-0/tiles/GHS_POP_E2010_GLOBE_R2023A_54009_100_V1_0_R10_C31.zip,2026-10-07T13:35:06+00:00,,
data/raw/ghsl_pop_r2023a/2026-10-07_tiles/GHS_POP_E2010_GLOBE_R2023A_54009_100_V1_0_R10_C32.zip,ghsl_pop_r2023a,4490524,bb490537fcc75803309b4ffbe041007255a505791c9143a87eaed2c55f29e3ed,ZIP (GeoTIFF),"GHSL tile R10_C32, ESRI:54009",2010,,verified: size = server Content-Length; zip CRC ok,,GET https://jeodpp.jrc.ec.europa.eu/ftp/jrc-opendata/GHSL/GHS_POP_GLOBE_R2023A/GHS_POP_E2010_GLOBE_R2023A_54009_100/V1-0/tiles/GHS_POP_E2010_GLOBE_R2023A_54009_100_V1_0_R10_C32.zip,2026-10-07T12:43:49+00:00,,
data/raw/ghsl_pop_r2023a/2026-10-07_tiles/GHS_POP_E2010_GLOBE_R2023A_54009_100_V1_0_R10_C33.zip,ghsl_pop_r2023a,4763985,b1e533ec698e3676196da4b158fcd172632cec01bfae01d9e806dbe0a4c8e27b,ZIP (GeoTIFF),"GHSL tile R10_C33, ESRI:54009",2010,,verified: size = server Content-Length; zip CRC ok,,GET https://jeodpp.jrc.ec.europa.eu/ftp/jrc-opendata/GHSL/GHS_POP_GLOBE_R2023A/GHS_POP_E2010_GLOBE_R2023A_54009_100/V1-0/tiles/GHS_POP_E2010_GLOBE_R2023A_54009_100_V1_0_R10_C33.zip,2026-10-07T12:43:46+00:00,,
data/raw/ghsl_pop_r2023a/2026-10-07_tiles/GHS_POP_E2010_GLOBE_R2023A_54009_100_V1_0_R11_C28.zip,ghsl_pop_r2023a,1729083,a1b27a6e8008b9c3c934b8ffc708885a6fb3e5d38b8f3e67adab76970d73a384,ZIP (GeoTIFF),"GHSL tile R11_C28, ESRI:54009",2010,,verified: size = server Content-Length; zip CRC ok,,GET https://jeodpp.jrc.ec.europa.eu/ftp/jrc-opendata/GHSL/GHS_POP_GLOBE_R2023A/GHS_POP_E2010_GLOBE_R2023A_54009_100/V1-0/tiles/GHS_POP_E2010_GLOBE_R2023A_54009_100_V1_0_R11_C28.zip,2026-10-07T12:43:41+00:00,,
data/raw/ghsl_pop_r2023a/2026-10-07_tiles/GHS_POP_E2010_GLOBE_R2023A_54009_100_V1_0_R11_C29.zip,ghsl_pop_r2023a,1717414,c3da878eebfc8bfe21681a77750fd72fc8bb4d3fef9b57c0e373a3fe8bc9f13e,ZIP (GeoTIFF),"GHSL tile R11_C29, ESRI:54009",2010,,verified: size = server Content-Length; zip CRC ok,,GET https://jeodpp.jrc.ec.europa.eu/ftp/jrc-opendata/GHSL/GHS_POP_GLOBE_R2023A/GHS_POP_E2010_GLOBE_R2023A_54009_100/V1-0/tiles/GHS_POP_E2010_GLOBE_R2023A_54009_100_V1_0_R11_C29.zip,2026-10-07T12:43:43+00:00,,
data/raw/ghsl_pop_r2023a/2026-10-07_tiles/GHS_POP_E2010_GLOBE_R2023A_54009_100_V1_0_R11_C30.zip,ghsl_pop_r2023a,6271492,61683dea7de6d6a9403b7c9ea0d2f322eb3283a73204715f140082e856ff5c76,ZIP (GeoTIFF),"GHSL tile R11_C30, ESRI:54009",2010,,verified: size = server Content-Length; zip CRC ok,,GET https://jeodpp.jrc.ec.europa.eu/ftp/jrc-opendata/GHSL/GHS_POP_GLOBE_R2023A/GHS_POP_E2010_GLOBE_R2023A_54009_100/V1-0/tiles/GHS_POP_E2010_GLOBE_R2023A_54009_100_V1_0_R11_C30.zip,2026-10-07T13:35:09+00:00,,
data/raw/ghsl_pop_r2023a/2026-10-07_tiles/GHS_POP_E2010_GLOBE_R2023A_54009_100_V1_0_R11_C31.zip,ghsl_pop_r2023a,5133126,256cb01ef2d4cf9c3e1ddec4a6a1af61fc9827761dd587ca127d1bb801d5d972,ZIP (GeoTIFF),"GHSL tile R11_C31, ESRI:54009",2010,,verified: size = server Content-Length; zip CRC ok,,GET https://jeodpp.jrc.ec.europa.eu/ftp/jrc-opendata/GHSL/GHS_POP_GLOBE_R2023A/GHS_POP_E2010_GLOBE_R2023A_54009_100/V1-0/tiles/GHS_POP_E2010_GLOBE_R2023A_54009_100_V1_0_R11_C31.zip,2026-10-07T13:35:11+00:00,,
data/raw/ghsl_pop_r2023a/2026-10-07_tiles/GHS_POP_E2010_GLOBE_R2023A_54009_100_V1_0_R11_C32.zip,ghsl_pop_r2023a,2585440,85c2270fa57eaf69dfa6562e7e1fa634fe20bf3fb1089c4319d48cc796d3b7cb,ZIP (GeoTIFF),"GHSL tile R11_C32, ESRI:54009",2010,,verified: size = server Content-Length; zip CRC ok,,GET https://jeodpp.jrc.ec.europa.eu/ftp/jrc-opendata/GHSL/GHS_POP_GLOBE_R2023A/GHS_POP_E2010_GLOBE_R2023A_54009_100/V1-0/tiles/GHS_POP_E2010_GLOBE_R2023A_54009_100_V1_0_R11_C32.zip,2026-10-07T12:43:46+00:00,,
data/raw/ghsl_pop_r2023a/2026-10-07_tiles/GHS_POP_E2010_GLOBE_R2023A_54009_100_V1_0_R11_C33.zip,ghsl_pop_r2023a,3272378,0e78d8395bee61cc7286c6c4fc4cff6e64fbb3c4ad6701eba6ba78546191f8dd,ZIP (GeoTIFF),"GHSL tile R11_C33, ESRI:54009",2010,,verified: size = server Content-Length; zip CRC ok,,GET https://jeodpp.jrc.ec.europa.eu/ftp/jrc-opendata/GHSL/GHS_POP_GLOBE_R2023A/GHS_POP_E2010_GLOBE_R2023A_54009_100/V1-0/tiles/GHS_POP_E2010_GLOBE_R2023A_54009_100_V1_0_R11_C33.zip,2026-10-07T12:43:46+00:00,,
data/raw/ghsl_pop_r2023a/2026-10-07_tiles/GHS_POP_E2015_GLOBE_R2023A_54009_100_V1_0_R9_C28.zip,ghsl_pop_r2023a,7286752,60d5508c9a506dae66e7c568e2a061790597e1e833d584a224b66a6bc583f2b6,ZIP (GeoTIFF),"GHSL tile R9_C28, ESRI:54009",2015,,verified: size = server Content-Length; zip CRC ok,,GET https://jeodpp.jrc.ec.europa.eu/ftp/jrc-opendata/GHSL/GHS_POP_GLOBE_R2023A/GHS_POP_E2015_GLOBE_R2023A_54009_100/V1-0/tiles/GHS_POP_E2015_GLOBE_R2023A_54009_100_V1_0_R9_C28.zip,2026-10-07T12:51:59+00:00,,
data/raw/ghsl_pop_r2023a/2026-10-07_tiles/GHS_POP_E2015_GLOBE_R2023A_54009_100_V1_0_R9_C29.zip,ghsl_pop_r2023a,15718489,1018b401cd5b67dcdd3004094be842fcf933dcd74d3c03432a8bfacd3cb431bb,ZIP (GeoTIFF),"GHSL tile R9_C29, ESRI:54009",2015,,verified: size = server Content-Length; zip CRC ok,,GET https://jeodpp.jrc.ec.europa.eu/ftp/jrc-opendata/GHSL/GHS_POP_GLOBE_R2023A/GHS_POP_E2015_GLOBE_R2023A_54009_100/V1-0/tiles/GHS_POP_E2015_GLOBE_R2023A_54009_100_V1_0_R9_C29.zip,2026-10-07T12:52:09+00:00,,
data/raw/ghsl_pop_r2023a/2026-10-07_tiles/GHS_POP_E2015_GLOBE_R2023A_54009_100_V1_0_R9_C30.zip,ghsl_pop_r2023a,7161408,78fd1c2dbfb327a255fd8627d9c898bb17dd291afbf461ab641ede80ee9b8e41,ZIP (GeoTIFF),"GHSL tile R9_C30, ESRI:54009",2015,,verified: size = server Content-Length; zip CRC ok,,GET https://jeodpp.jrc.ec.europa.eu/ftp/jrc-opendata/GHSL/GHS_POP_GLOBE_R2023A/GHS_POP_E2015_GLOBE_R2023A_54009_100/V1-0/tiles/GHS_POP_E2015_GLOBE_R2023A_54009_100_V1_0_R9_C30.zip,2026-10-07T12:52:04+00:00,,
data/raw/ghsl_pop_r2023a/2026-10-07_tiles/GHS_POP_E2015_GLOBE_R2023A_54009_100_V1_0_R9_C31.zip,ghsl_pop_r2023a,8262255,49d1f392b9f1dc92b2b74cb56c933c1788b1d21efc93d1f8c876fbdbad1287aa,ZIP (GeoTIFF),"GHSL tile R9_C31, ESRI:54009",2015,,verified: size = server Content-Length; zip CRC ok,,GET https://jeodpp.jrc.ec.europa.eu/ftp/jrc-opendata/GHSL/GHS_POP_GLOBE_R2023A/GHS_POP_E2015_GLOBE_R2023A_54009_100/V1-0/tiles/GHS_POP_E2015_GLOBE_R2023A_54009_100_V1_0_R9_C31.zip,2026-10-07T12:52:10+00:00,,
data/raw/ghsl_pop_r2023a/2026-10-07_tiles/GHS_POP_E2015_GLOBE_R2023A_54009_100_V1_0_R9_C32.zip,ghsl_pop_r2023a,1863646,539d071a0365d28cdb2c7289d26dc95ea629985752d99797fab2222fffe50819,ZIP (GeoTIFF),"GHSL tile R9_C32, ESRI:54009",2015,,verified: size = server Content-Length; zip CRC ok,,GET https://jeodpp.jrc.ec.europa.eu/ftp/jrc-opendata/GHSL/GHS_POP_GLOBE_R2023A/GHS_POP_E2015_GLOBE_R2023A_54009_100/V1-0/tiles/GHS_POP_E2015_GLOBE_R2023A_54009_100_V1_0_R9_C32.zip,2026-10-07T12:52:11+00:00,,
data/raw/ghsl_pop_r2023a/2026-10-07_tiles/GHS_POP_E2015_GLOBE_R2023A_54009_100_V1_0_R9_C33.zip,ghsl_pop_r2023a,1779379,5bf787f6306f405d8f46d3d65f5f09062ae61882354ec14d09321d2dc8e67a83,ZIP (GeoTIFF),"GHSL tile R9_C33, ESRI:54009",2015,,verified: size = server Content-Length; zip CRC ok,,GET https://jeodpp.jrc.ec.europa.eu/ftp/jrc-opendata/GHSL/GHS_POP_GLOBE_R2023A/GHS_POP_E2015_GLOBE_R2023A_54009_100/V1-0/tiles/GHS_POP_E2015_GLOBE_R2023A_54009_100_V1_0_R9_C33.zip,2026-10-07T12:52:11+00:00,,
data/raw/ghsl_pop_r2023a/2026-10-07_tiles/GHS_POP_E2015_GLOBE_R2023A_54009_100_V1_0_R10_C28.zip,ghsl_pop_r2023a,1825908,718d9de5f95b36de782a390ff571754c04d9e47578855580238fb627ca5ad1bd,ZIP (GeoTIFF),"GHSL tile R10_C28, ESRI:54009",2015,,verified: size = server Content-Length; zip CRC ok,,GET https://jeodpp.jrc.ec.europa.eu/ftp/jrc-opendata/GHSL/GHS_POP_GLOBE_R2023A/GHS_POP_E2015_GLOBE_R2023A_54009_100/V1-0/tiles/GHS_POP_E2015_GLOBE_R2023A_54009_100_V1_0_R10_C28.zip,2026-10-07T12:51:57+00:00,,
data/raw/ghsl_pop_r2023a/2026-10-07_tiles/GHS_POP_E2015_GLOBE_R2023A_54009_100_V1_0_R10_C29.zip,ghsl_pop_r2023a,21099819,0e9ec5ad2c5dd782c4bbe50c5a6b2ab2ff4681801ecaf1f145b1ee50cb9e5bb0,ZIP (GeoTIFF),"GHSL tile R10_C29, ESRI:54009",2015,,verified: size = server Content-Length; zip CRC ok,,GET https://jeodpp.jrc.ec.europa.eu/ftp/jrc-opendata/GHSL/GHS_POP_GLOBE_R2023A/GHS_POP_E2015_GLOBE_R2023A_54009_100/V1-0/tiles/GHS_POP_E2015_GLOBE_R2023A_54009_100_V1_0_R10_C29.zip,2026-10-07T12:52:06+00:00,,
data/raw/ghsl_pop_r2023a/2026-10-07_tiles/GHS_POP_E2015_GLOBE_R2023A_54009_100_V1_0_R10_C30.zip,ghsl_pop_r2023a,18206092,ee4ff5d9a9dcdb0d2189d49caf57f53f68f7e4c85ab37800793ea9a30ebb1c34,ZIP (GeoTIFF),"GHSL tile R10_C30, ESRI:54009",2015,,verified: size = server Content-Length; zip CRC ok,,GET https://jeodpp.jrc.ec.europa.eu/ftp/jrc-opendata/GHSL/GHS_POP_GLOBE_R2023A/GHS_POP_E2015_GLOBE_R2023A_54009_100/V1-0/tiles/GHS_POP_E2015_GLOBE_R2023A_54009_100_V1_0_R10_C30.zip,2026-10-07T12:52:07+00:00,,
data/raw/ghsl_pop_r2023a/2026-10-07_tiles/GHS_POP_E2015_GLOBE_R2023A_54009_100_V1_0_R10_C31.zip,ghsl_pop_r2023a,8076562,9ef05ec0b207da4884357fbae27c2849e303cd24c404ef597c64481a9f7844f4,ZIP (GeoTIFF),"GHSL tile R10_C31, ESRI:54009",2015,,verified: size = server Content-Length; zip CRC ok,,GET https://jeodpp.jrc.ec.europa.eu/ftp/jrc-opendata/GHSL/GHS_POP_GLOBE_R2023A/GHS_POP_E2015_GLOBE_R2023A_54009_100/V1-0/tiles/GHS_POP_E2015_GLOBE_R2023A_54009_100_V1_0_R10_C31.zip,2026-10-07T12:52:14+00:00,,
data/raw/ghsl_pop_r2023a/2026-10-07_tiles/GHS_POP_E2015_GLOBE_R2023A_54009_100_V1_0_R10_C32.zip,ghsl_pop_r2023a,4530450,6b05bcd2332180ec03c517dd7c56cacd03e7f72a2bdf4ccab9078b737fb43bdf,ZIP (GeoTIFF),"GHSL tile R10_C32, ESRI:54009",2015,,verified: size = server Content-Length; zip CRC ok,,GET https://jeodpp.jrc.ec.europa.eu/ftp/jrc-opendata/GHSL/GHS_POP_GLOBE_R2023A/GHS_POP_E2015_GLOBE_R2023A_54009_100/V1-0/tiles/GHS_POP_E2015_GLOBE_R2023A_54009_100_V1_0_R10_C32.zip,2026-10-07T12:52:13+00:00,,
data/raw/ghsl_pop_r2023a/2026-10-07_tiles/GHS_POP_E2015_GLOBE_R2023A_54009_100_V1_0_R10_C33.zip,ghsl_pop_r2023a,4900098,f1753771066b6f9fe77a506a5424494ad26bb72cd6aa4a59de9f5d7585aaee6e,ZIP (GeoTIFF),"GHSL tile R10_C33, ESRI:54009",2015,,verified: size = server Content-Length; zip CRC ok,,GET https://jeodpp.jrc.ec.europa.eu/ftp/jrc-opendata/GHSL/GHS_POP_GLOBE_R2023A/GHS_POP_E2015_GLOBE_R2023A_54009_100/V1-0/tiles/GHS_POP_E2015_GLOBE_R2023A_54009_100_V1_0_R10_C33.zip,2026-10-07T12:52:12+00:00,,
data/raw/ghsl_pop_r2023a/2026-10-07_tiles/GHS_POP_E2015_GLOBE_R2023A_54009_100_V1_0_R11_C28.zip,ghsl_pop_r2023a,1729070,5b2bd1e03b6b11ff8f8be4879467f7b22bf5151a5b43fd745fd2523fcc73f818,ZIP (GeoTIFF),"GHSL tile R11_C28, ESRI:54009",2015,,verified: size = server Content-Length; zip CRC ok,,GET https://jeodpp.jrc.ec.europa.eu/ftp/jrc-opendata/GHSL/GHS_POP_GLOBE_R2023A/GHS_POP_E2015_GLOBE_R2023A_54009_100/V1-0/tiles/GHS_POP_E2015_GLOBE_R2023A_54009_100_V1_0_R11_C28.zip,2026-10-07T12:51:56+00:00,,
data/raw/ghsl_pop_r2023a/2026-10-07_tiles/GHS_POP_E2015_GLOBE_R2023A_54009_100_V1_0_R11_C29.zip,ghsl_pop_r2023a,1717548,da8989e949abaf8db8ed19f53d9b14e000169de42431a3522fb0b2b290174864,ZIP (GeoTIFF),"GHSL tile R11_C29, ESRI:54009",2015,,verified: size = server Content-Length; zip CRC ok,,GET https://jeodpp.jrc.ec.europa.eu/ftp/jrc-opendata/GHSL/GHS_POP_GLOBE_R2023A/GHS_POP_E2015_GLOBE_R2023A_54009_100/V1-0/tiles/GHS_POP_E2015_GLOBE_R2023A_54009_100_V1_0_R11_C29.zip,2026-10-07T12:51:59+00:00,,
data/raw/ghsl_pop_r2023a/2026-10-07_tiles/GHS_POP_E2015_GLOBE_R2023A_54009_100_V1_0_R11_C30.zip,ghsl_pop_r2023a,6523229,568a86173dbc730a1379400b1d1e5c611f1c668ae7480653478f63737164bbd9,ZIP (GeoTIFF),"GHSL tile R11_C30, ESRI:54009",2015,,verified: size = server Content-Length; zip CRC ok,,GET https://jeodpp.jrc.ec.europa.eu/ftp/jrc-opendata/GHSL/GHS_POP_GLOBE_R2023A/GHS_POP_E2015_GLOBE_R2023A_54009_100/V1-0/tiles/GHS_POP_E2015_GLOBE_R2023A_54009_100_V1_0_R11_C30.zip,2026-10-07T12:52:03+00:00,,
data/raw/ghsl_pop_r2023a/2026-10-07_tiles/GHS_POP_E2015_GLOBE_R2023A_54009_100_V1_0_R11_C31.zip,ghsl_pop_r2023a,5274703,af6862a926bff7d2e35a3baabe13726705e34ed67ca801478105e821696d2165,ZIP (GeoTIFF),"GHSL tile R11_C31, ESRI:54009",2015,,verified: size = server Content-Length; zip CRC ok,,GET https://jeodpp.jrc.ec.europa.eu/ftp/jrc-opendata/GHSL/GHS_POP_GLOBE_R2023A/GHS_POP_E2015_GLOBE_R2023A_54009_100/V1-0/tiles/GHS_POP_E2015_GLOBE_R2023A_54009_100_V1_0_R11_C31.zip,2026-10-07T12:52:15+00:00,,
data/raw/ghsl_pop_r2023a/2026-10-07_tiles/GHS_POP_E2015_GLOBE_R2023A_54009_100_V1_0_R11_C32.zip,ghsl_pop_r2023a,2592484,74e199d7886b2fcb48f336994ccbce030e6f967b917f962dab176fe5f31e148f,ZIP (GeoTIFF),"GHSL tile R11_C32, ESRI:54009",2015,,verified: size = server Content-Length; zip CRC ok,,GET https://jeodpp.jrc.ec.europa.eu/ftp/jrc-opendata/GHSL/GHS_POP_GLOBE_R2023A/GHS_POP_E2015_GLOBE_R2023A_54009_100/V1-0/tiles/GHS_POP_E2015_GLOBE_R2023A_54009_100_V1_0_R11_C32.zip,2026-10-07T12:52:15+00:00,,
data/raw/ghsl_pop_r2023a/2026-10-07_tiles/GHS_POP_E2015_GLOBE_R2023A_54009_100_V1_0_R11_C33.zip,ghsl_pop_r2023a,3293693,7ea71f42d98fb978d44722a8e78e8a64cb0b010492ade92e7446c4f011a9e5e4,ZIP (GeoTIFF),"GHSL tile R11_C33, ESRI:54009",2015,,verified: size = server Content-Length; zip CRC ok,,GET https://jeodpp.jrc.ec.europa.eu/ftp/jrc-opendata/GHSL/GHS_POP_GLOBE_R2023A/GHS_POP_E2015_GLOBE_R2023A_54009_100/V1-0/tiles/GHS_POP_E2015_GLOBE_R2023A_54009_100_V1_0_R11_C33.zip,2026-10-07T12:52:15+00:00,,
data/raw/ghsl_pop_r2023a/2026-10-07_tiles/GHS_POP_E2020_GLOBE_R2023A_54009_100_V1_0_R9_C28.zip,ghsl_pop_r2023a,7511735,3c29814fe41addadd35f57e1762f45eb55fed48c5bd17155b08b7915a030b1ca,ZIP (GeoTIFF),"GHSL tile R9_C28, ESRI:54009",2020,,verified: size = server Content-Length; zip CRC ok,,GET https://jeodpp.jrc.ec.europa.eu/ftp/jrc-opendata/GHSL/GHS_POP_GLOBE_R2023A/GHS_POP_E2020_GLOBE_R2023A_54009_100/V1-0/tiles/GHS_POP_E2020_GLOBE_R2023A_54009_100_V1_0_R9_C28.zip,2026-10-07T12:52:19+00:00,,
data/raw/ghsl_pop_r2023a/2026-10-07_tiles/GHS_POP_E2020_GLOBE_R2023A_54009_100_V1_0_R9_C29.zip,ghsl_pop_r2023a,16395127,4da7ef0325785999c7dc84dd9b31b71837c79100661e93b72fd8c7c402aaec8d,ZIP (GeoTIFF),"GHSL tile R9_C29, ESRI:54009",2020,,verified: size = server Content-Length; zip CRC ok,,GET https://jeodpp.jrc.ec.europa.eu/ftp/jrc-opendata/GHSL/GHS_POP_GLOBE_R2023A/GHS_POP_E2020_GLOBE_R2023A_54009_100/V1-0/tiles/GHS_POP_E2020_GLOBE_R2023A_54009_100_V1_0_R9_C29.zip,2026-10-07T12:52:27+00:00,,
data/raw/ghsl_pop_r2023a/2026-10-07_tiles/GHS_POP_E2020_GLOBE_R2023A_54009_100_V1_0_R9_C30.zip,ghsl_pop_r2023a,7432302,c8aca5e750af920e29d43cc56e34474f0fa1cdb03bee8321f8df56f8036d1aac,ZIP (GeoTIFF),"GHSL tile R9_C30, ESRI:54009",2020,,verified: size = server Content-Length; zip CRC ok,,GET https://jeodpp.jrc.ec.europa.eu/ftp/jrc-opendata/GHSL/GHS_POP_GLOBE_R2023A/GHS_POP_E2020_GLOBE_R2023A_54009_100/V1-0/tiles/GHS_POP_E2020_GLOBE_R2023A_54009_100_V1_0_R9_C30.zip,2026-10-07T12:52:25+00:00,,
data/raw/ghsl_pop_r2023a/2026-10-07_tiles/GHS_POP_E2020_GLOBE_R2023A_54009_100_V1_0_R9_C31.zip,ghsl_pop_r2023a,8636787,42f500b2b0686e5b25c43058b12136524bad071335c45cd95313740c10339cd4,ZIP (GeoTIFF),"GHSL tile R9_C31, ESRI:54009",2020,,verified: size = server Content-Length; zip CRC ok,,GET https://jeodpp.jrc.ec.europa.eu/ftp/jrc-opendata/GHSL/GHS_POP_GLOBE_R2023A/GHS_POP_E2020_GLOBE_R2023A_54009_100/V1-0/tiles/GHS_POP_E2020_GLOBE_R2023A_54009_100_V1_0_R9_C31.zip,2026-10-07T13:35:20+00:00,,
data/raw/ghsl_pop_r2023a/2026-10-07_tiles/GHS_POP_E2020_GLOBE_R2023A_54009_100_V1_0_R9_C32.zip,ghsl_pop_r2023a,1864016,69cc99bfde7b9ed647f479d8354ca3edf084c262f6ef6e8f4b3651c506b10884,ZIP (GeoTIFF),"GHSL tile R9_C32, ESRI:54009",2020,,verified: size = server Content-Length; zip CRC ok,,GET https://jeodpp.jrc.ec.europa.eu/ftp/jrc-opendata/GHSL/GHS_POP_GLOBE_R2023A/GHS_POP_E2020_GLOBE_R2023A_54009_100/V1-0/tiles/GHS_POP_E2020_GLOBE_R2023A_54009_100_V1_0_R9_C32.zip,2026-10-07T12:52:28+00:00,,
data/raw/ghsl_pop_r2023a/2026-10-07_tiles/GHS_POP_E2020_GLOBE_R2023A_54009_100_V1_0_R9_C33.zip,ghsl_pop_r2023a,1779349,01eb6d50c964f4b23656f291b12b4998a2c6c96ce9f84b8f6ca8204a2d42d956,ZIP (GeoTIFF),"GHSL tile R9_C33, ESRI:54009",2020,,verified: size = server Content-Length; zip CRC ok,,GET https://jeodpp.jrc.ec.europa.eu/ftp/jrc-opendata/GHSL/GHS_POP_GLOBE_R2023A/GHS_POP_E2020_GLOBE_R2023A_54009_100/V1-0/tiles/GHS_POP_E2020_GLOBE_R2023A_54009_100_V1_0_R9_C33.zip,2026-10-07T12:52:28+00:00,,
data/raw/ghsl_pop_r2023a/2026-10-07_tiles/GHS_POP_E2020_GLOBE_R2023A_54009_100_V1_0_R10_C28.zip,ghsl_pop_r2023a,1827520,a4234192be5488ab96e2e9fec80416bb8fce4972b58a3b503d5fa0acb03acd19,ZIP (GeoTIFF),"GHSL tile R10_C28, ESRI:54009",2020,,verified: size = server Content-Length; zip CRC ok,,GET https://jeodpp.jrc.ec.europa.eu/ftp/jrc-opendata/GHSL/GHS_POP_GLOBE_R2023A/GHS_POP_E2020_GLOBE_R2023A_54009_100/V1-0/tiles/GHS_POP_E2020_GLOBE_R2023A_54009_100_V1_0_R10_C28.zip,2026-10-07T12:52:19+00:00,,
data/raw/ghsl_pop_r2023a/2026-10-07_tiles/GHS_POP_E2020_GLOBE_R2023A_54009_100_V1_0_R10_C29.zip,ghsl_pop_r2023a,22109985,2953e7dee1f22b590558b6a02a232cd54782e9f802b1e3855b75d5629c9efac8,ZIP (GeoTIFF),"GHSL tile R10_C29, ESRI:54009",2020,,verified: size = server Content-Length; zip CRC ok,,GET https://jeodpp.jrc.ec.europa.eu/ftp/jrc-opendata/GHSL/GHS_POP_GLOBE_R2023A/GHS_POP_E2020_GLOBE_R2023A_54009_100/V1-0/tiles/GHS_POP_E2020_GLOBE_R2023A_54009_100_V1_0_R10_C29.zip,2026-10-07T13:35:23+00:00,,
data/raw/ghsl_pop_r2023a/2026-10-07_tiles/GHS_POP_E2020_GLOBE_R2023A_54009_100_V1_0_R10_C30.zip,ghsl_pop_r2023a,19019725,ae7a42b6c5ac9858286de3cf559f98464c8f10930d25480f521842b4c6b65ec7,ZIP (GeoTIFF),"GHSL tile R10_C30, ESRI:54009",2020,,verified: size = server Content-Length; zip CRC ok,,GET https://jeodpp.jrc.ec.europa.eu/ftp/jrc-opendata/GHSL/GHS_POP_GLOBE_R2023A/GHS_POP_E2020_GLOBE_R2023A_54009_100/V1-0/tiles/GHS_POP_E2020_GLOBE_R2023A_54009_100_V1_0_R10_C30.zip,2026-10-07T12:52:31+00:00,,
data/raw/ghsl_pop_r2023a/2026-10-07_tiles/GHS_POP_E2020_GLOBE_R2023A_54009_100_V1_0_R10_C31.zip,ghsl_pop_r2023a,8287549,92143044d4e73d55b9957862e2367038b634473ae0312ec1ebe0330ecc72983c,ZIP (GeoTIFF),"GHSL tile R10_C31, ESRI:54009",2020,,verified: size = server Content-Length; zip CRC ok,,GET https://jeodpp.jrc.ec.europa.eu/ftp/jrc-opendata/GHSL/GHS_POP_GLOBE_R2023A/GHS_POP_E2020_GLOBE_R2023A_54009_100/V1-0/tiles/GHS_POP_E2020_GLOBE_R2023A_54009_100_V1_0_R10_C31.zip,2026-10-07T12:52:29+00:00,,
data/raw/ghsl_pop_r2023a/2026-10-07_tiles/GHS_POP_E2020_GLOBE_R2023A_54009_100_V1_0_R10_C32.zip,ghsl_pop_r2023a,4580417,f384236ee4b8948530ad5d414a67df5d8e864c6bb267c0b03667dd7d052ac25c,ZIP (GeoTIFF),"GHSL tile R10_C32, ESRI:54009",2020,,verified: size = server Content-Length; zip CRC ok,,GET https://jeodpp.jrc.ec.europa.eu/ftp/jrc-opendata/GHSL/GHS_POP_GLOBE_R2023A/GHS_POP_E2020_GLOBE_R2023A_54009_100/V1-0/tiles/GHS_POP_E2020_GLOBE_R2023A_54009_100_V1_0_R10_C32.zip,2026-10-07T12:52:29+00:00,,
data/raw/ghsl_pop_r2023a/2026-10-07_tiles/GHS_POP_E2020_GLOBE_R2023A_54009_100_V1_0_R10_C33.zip,ghsl_pop_r2023a,5038656,50069ada0f63b13dfcfdd30f8d7bf721cf4325998bcb2bd9876c4d7b5d68fc98,ZIP (GeoTIFF),"GHSL tile R10_C33, ESRI:54009",2020,,verified: size = server Content-Length; zip CRC ok,,GET https://jeodpp.jrc.ec.europa.eu/ftp/jrc-opendata/GHSL/GHS_POP_GLOBE_R2023A/GHS_POP_E2020_GLOBE_R2023A_54009_100/V1-0/tiles/GHS_POP_E2020_GLOBE_R2023A_54009_100_V1_0_R10_C33.zip,2026-10-07T12:52:27+00:00,,
data/raw/ghsl_pop_r2023a/2026-10-07_tiles/GHS_POP_E2020_GLOBE_R2023A_54009_100_V1_0_R11_C28.zip,ghsl_pop_r2023a,1729013,5132c49a62825ba17cbe79095338b50d4c71f70b7982d6d08fb64d80ae63e259,ZIP (GeoTIFF),"GHSL tile R11_C28, ESRI:54009",2020,,verified: size = server Content-Length; zip CRC ok,,GET https://jeodpp.jrc.ec.europa.eu/ftp/jrc-opendata/GHSL/GHS_POP_GLOBE_R2023A/GHS_POP_E2020_GLOBE_R2023A_54009_100/V1-0/tiles/GHS_POP_E2020_GLOBE_R2023A_54009_100_V1_0_R11_C28.zip,2026-10-07T12:52:20+00:00,,
data/raw/ghsl_pop_r2023a/2026-10-07_tiles/GHS_POP_E2020_GLOBE_R2023A_54009_100_V1_0_R11_C29.zip,ghsl_pop_r2023a,1717539,3a733cab9c3085018e07a078c1c98cab1dc73b75880057abf7d17bdccfe7d7aa,ZIP (GeoTIFF),"GHSL tile R11_C29, ESRI:54009",2020,,verified: size = server Content-Length; zip CRC ok,,GET https://jeodpp.jrc.ec.europa.eu/ftp/jrc-opendata/GHSL/GHS_POP_GLOBE_R2023A/GHS_POP_E2020_GLOBE_R2023A_54009_100/V1-0/tiles/GHS_POP_E2020_GLOBE_R2023A_54009_100_V1_0_R11_C29.zip,2026-10-07T12:52:20+00:00,,
data/raw/ghsl_pop_r2023a/2026-10-07_tiles/GHS_POP_E2020_GLOBE_R2023A_54009_100_V1_0_R11_C30.zip,ghsl_pop_r2023a,6760732,30806e7cc689635b263c29de5d81139551b49210442d4905848938e2f63f97a4,ZIP (GeoTIFF),"GHSL tile R11_C30, ESRI:54009",2020,,verified: size = server Content-Length; zip CRC ok,,GET https://jeodpp.jrc.ec.europa.eu/ftp/jrc-opendata/GHSL/GHS_POP_GLOBE_R2023A/GHS_POP_E2020_GLOBE_R2023A_54009_100/V1-0/tiles/GHS_POP_E2020_GLOBE_R2023A_54009_100_V1_0_R11_C30.zip,2026-10-07T12:52:31+00:00,,
data/raw/ghsl_pop_r2023a/2026-10-07_tiles/GHS_POP_E2020_GLOBE_R2023A_54009_100_V1_0_R11_C31.zip,ghsl_pop_r2023a,5427901,b549681f31af4fb44f5c0b955c7144139a7924c763a39df1a68863a422773fd6,ZIP (GeoTIFF),"GHSL tile R11_C31, ESRI:54009",2020,,verified: size = server Content-Length; zip CRC ok,,GET https://jeodpp.jrc.ec.europa.eu/ftp/jrc-opendata/GHSL/GHS_POP_GLOBE_R2023A/GHS_POP_E2020_GLOBE_R2023A_54009_100/V1-0/tiles/GHS_POP_E2020_GLOBE_R2023A_54009_100_V1_0_R11_C31.zip,2026-10-07T12:52:26+00:00,,
data/raw/ghsl_pop_r2023a/2026-10-07_tiles/GHS_POP_E2020_GLOBE_R2023A_54009_100_V1_0_R11_C32.zip,ghsl_pop_r2023a,2601971,1feb16569ed0b7ba49840ac617087642cc120e9d7505507f701c4755aee520ef,ZIP (GeoTIFF),"GHSL tile R11_C32, ESRI:54009",2020,,verified: size = server Content-Length; zip CRC ok,,GET https://jeodpp.jrc.ec.europa.eu/ftp/jrc-opendata/GHSL/GHS_POP_GLOBE_R2023A/GHS_POP_E2020_GLOBE_R2023A_54009_100/V1-0/tiles/GHS_POP_E2020_GLOBE_R2023A_54009_100_V1_0_R11_C32.zip,2026-10-07T12:52:27+00:00,,
data/raw/ghsl_pop_r2023a/2026-10-07_tiles/GHS_POP_E2020_GLOBE_R2023A_54009_100_V1_0_R11_C33.zip,ghsl_pop_r2023a,3311561,f9a54af526e756ca57fa37b4fa5a85d9c99e0c3f621e74dd1aae0babd7eb767f,ZIP (GeoTIFF),"GHSL tile R11_C33, ESRI:54009",2020,,verified: size = server Content-Length; zip CRC ok,,GET https://jeodpp.jrc.ec.europa.eu/ftp/jrc-opendata/GHSL/GHS_POP_GLOBE_R2023A/GHS_POP_E2020_GLOBE_R2023A_54009_100/V1-0/tiles/GHS_POP_E2020_GLOBE_R2023A_54009_100_V1_0_R11_C33.zip,2026-10-07T12:52:27+00:00,,
data/raw/ghsl_smod_r2023a/2026-10-07_tiles/GHS_SMOD_E1990_GLOBE_R2023A_54009_1000_V2_0_R9_C28.zip,ghsl_smod_r2023a,1458454,206581b177fb6b62976b3d6fcb6c4821a549ff8a0700370059f1706ae5c162b8,ZIP (GeoTIFF),"GHSL tile R9_C28, ESRI:54009",1990,,verified: size = server Content-Length; zip CRC ok,,GET https://jeodpp.jrc.ec.europa.eu/ftp/jrc-opendata/GHSL/GHS_SMOD_GLOBE_R2023A/GHS_SMOD_E1990_GLOBE_R2023A_54009_1000/V2-0/tiles/GHS_SMOD_E1990_GLOBE_R2023A_54009_1000_V2_0_R9_C28.zip,2026-10-07T12:59:36+00:00,,
data/raw/ghsl_smod_r2023a/2026-10-07_tiles/GHS_SMOD_E1990_GLOBE_R2023A_54009_1000_V2_0_R9_C29.zip,ghsl_smod_r2023a,1484356,35ed79e5bb0c2325df9321c7fb833260eab66c94b322254d0e7587040a463416,ZIP (GeoTIFF),"GHSL tile R9_C29, ESRI:54009",1990,,verified: size = server Content-Length; zip CRC ok,,GET https://jeodpp.jrc.ec.europa.eu/ftp/jrc-opendata/GHSL/GHS_SMOD_GLOBE_R2023A/GHS_SMOD_E1990_GLOBE_R2023A_54009_1000/V2-0/tiles/GHS_SMOD_E1990_GLOBE_R2023A_54009_1000_V2_0_R9_C29.zip,2026-10-07T12:59:36+00:00,,
data/raw/ghsl_smod_r2023a/2026-10-07_tiles/GHS_SMOD_E1990_GLOBE_R2023A_54009_1000_V2_0_R9_C30.zip,ghsl_smod_r2023a,1466623,bd2323945546dbf0eb633614b17b4ae2849c5747187431fc9b64c28e453d80ba,ZIP (GeoTIFF),"GHSL tile R9_C30, ESRI:54009",1990,,verified: size = server Content-Length; zip CRC ok,,GET https://jeodpp.jrc.ec.europa.eu/ftp/jrc-opendata/GHSL/GHS_SMOD_GLOBE_R2023A/GHS_SMOD_E1990_GLOBE_R2023A_54009_1000/V2-0/tiles/GHS_SMOD_E1990_GLOBE_R2023A_54009_1000_V2_0_R9_C30.zip,2026-10-07T12:59:38+00:00,,
data/raw/ghsl_smod_r2023a/2026-10-07_tiles/GHS_SMOD_E1990_GLOBE_R2023A_54009_1000_V2_0_R9_C31.zip,ghsl_smod_r2023a,1470394,01d93108775652fd29b0f97fedf8c60788adc9e69c8f70b36fa1748f9baf560d,ZIP (GeoTIFF),"GHSL tile R9_C31, ESRI:54009",1990,,verified: size = server Content-Length; zip CRC ok,,GET https://jeodpp.jrc.ec.europa.eu/ftp/jrc-opendata/GHSL/GHS_SMOD_GLOBE_R2023A/GHS_SMOD_E1990_GLOBE_R2023A_54009_1000/V2-0/tiles/GHS_SMOD_E1990_GLOBE_R2023A_54009_1000_V2_0_R9_C31.zip,2026-10-07T12:59:40+00:00,,
data/raw/ghsl_smod_r2023a/2026-10-07_tiles/GHS_SMOD_E1990_GLOBE_R2023A_54009_1000_V2_0_R9_C32.zip,ghsl_smod_r2023a,1430844,5c7bc08a588e039994e20d3bfeaf8db9ace44a717dc008e78b24d5ecb006a212,ZIP (GeoTIFF),"GHSL tile R9_C32, ESRI:54009",1990,,verified: size = server Content-Length; zip CRC ok,,GET https://jeodpp.jrc.ec.europa.eu/ftp/jrc-opendata/GHSL/GHS_SMOD_GLOBE_R2023A/GHS_SMOD_E1990_GLOBE_R2023A_54009_1000/V2-0/tiles/GHS_SMOD_E1990_GLOBE_R2023A_54009_1000_V2_0_R9_C32.zip,2026-10-07T12:59:40+00:00,,
data/raw/ghsl_smod_r2023a/2026-10-07_tiles/GHS_SMOD_E1990_GLOBE_R2023A_54009_1000_V2_0_R9_C33.zip,ghsl_smod_r2023a,1430420,950bb24183e1291811c9ae0c8f43ee677cb82874c1e86287c3812e6fec6315fa,ZIP (GeoTIFF),"GHSL tile R9_C33, ESRI:54009",1990,,verified: size = server Content-Length; zip CRC ok,,GET https://jeodpp.jrc.ec.europa.eu/ftp/jrc-opendata/GHSL/GHS_SMOD_GLOBE_R2023A/GHS_SMOD_E1990_GLOBE_R2023A_54009_1000/V2-0/tiles/GHS_SMOD_E1990_GLOBE_R2023A_54009_1000_V2_0_R9_C33.zip,2026-10-07T12:59:41+00:00,,
data/raw/ghsl_smod_r2023a/2026-10-07_tiles/GHS_SMOD_E1990_GLOBE_R2023A_54009_1000_V2_0_R10_C28.zip,ghsl_smod_r2023a,1431453,abe9d8f43bd557709f0612155c9c32e16ee531767a8e5e7b61ae6181ae5e2a03,ZIP (GeoTIFF),"GHSL tile R10_C28, ESRI:54009",1990,,verified: size = server Content-Length; zip CRC ok,,GET https://jeodpp.jrc.ec.europa.eu/ftp/jrc-opendata/GHSL/GHS_SMOD_GLOBE_R2023A/GHS_SMOD_E1990_GLOBE_R2023A_54009_1000/V2-0/tiles/GHS_SMOD_E1990_GLOBE_R2023A_54009_1000_V2_0_R10_C28.zip,2026-10-07T12:59:46+00:00,,
data/raw/ghsl_smod_r2023a/2026-10-07_tiles/GHS_SMOD_E1990_GLOBE_R2023A_54009_1000_V2_0_R10_C29.zip,ghsl_smod_r2023a,1501486,fcb090935ef179591ab9f372d1fcbbbc733cd8790c157e37c0036abebae9f271,ZIP (GeoTIFF),"GHSL tile R10_C29, ESRI:54009",1990,,verified: size = server Content-Length; zip CRC ok,,GET https://jeodpp.jrc.ec.europa.eu/ftp/jrc-opendata/GHSL/GHS_SMOD_GLOBE_R2023A/GHS_SMOD_E1990_GLOBE_R2023A_54009_1000/V2-0/tiles/GHS_SMOD_E1990_GLOBE_R2023A_54009_1000_V2_0_R10_C29.zip,2026-10-07T12:59:44+00:00,,
data/raw/ghsl_smod_r2023a/2026-10-07_tiles/GHS_SMOD_E1990_GLOBE_R2023A_54009_1000_V2_0_R10_C30.zip,ghsl_smod_r2023a,1487350,f3efaefee0f7c567c2944a41300e0b9eb566e398dd20f50b8c975e140162b8bc,ZIP (GeoTIFF),"GHSL tile R10_C30, ESRI:54009",1990,,verified: size = server Content-Length; zip CRC ok,,GET https://jeodpp.jrc.ec.europa.eu/ftp/jrc-opendata/GHSL/GHS_SMOD_GLOBE_R2023A/GHS_SMOD_E1990_GLOBE_R2023A_54009_1000/V2-0/tiles/GHS_SMOD_E1990_GLOBE_R2023A_54009_1000_V2_0_R10_C30.zip,2026-10-07T12:59:44+00:00,,
data/raw/ghsl_smod_r2023a/2026-10-07_tiles/GHS_SMOD_E1990_GLOBE_R2023A_54009_1000_V2_0_R10_C31.zip,ghsl_smod_r2023a,1470513,dcb6526be9d7c8f3cbf7be01e7b8b8dde420748edd3d8e81d28bb45a94fbebb3,ZIP (GeoTIFF),"GHSL tile R10_C31, ESRI:54009",1990,,verified: size = server Content-Length; zip CRC ok,,GET https://jeodpp.jrc.ec.europa.eu/ftp/jrc-opendata/GHSL/GHS_SMOD_GLOBE_R2023A/GHS_SMOD_E1990_GLOBE_R2023A_54009_1000/V2-0/tiles/GHS_SMOD_E1990_GLOBE_R2023A_54009_1000_V2_0_R10_C31.zip,2026-10-07T12:59:43+00:00,,
data/raw/ghsl_smod_r2023a/2026-10-07_tiles/GHS_SMOD_E1990_GLOBE_R2023A_54009_1000_V2_0_R10_C32.zip,ghsl_smod_r2023a,1464264,f03988c4af231957a79bde2d7514d2350e0c74e61cb7371eb3396e60afda804a,ZIP (GeoTIFF),"GHSL tile R10_C32, ESRI:54009",1990,,verified: size = server Content-Length; zip CRC ok,,GET https://jeodpp.jrc.ec.europa.eu/ftp/jrc-opendata/GHSL/GHS_SMOD_GLOBE_R2023A/GHS_SMOD_E1990_GLOBE_R2023A_54009_1000/V2-0/tiles/GHS_SMOD_E1990_GLOBE_R2023A_54009_1000_V2_0_R10_C32.zip,2026-10-07T12:59:43+00:00,,
data/raw/ghsl_smod_r2023a/2026-10-07_tiles/GHS_SMOD_E1990_GLOBE_R2023A_54009_1000_V2_0_R10_C33.zip,ghsl_smod_r2023a,1461977,9bd7d8154b3bf13b0bd3ff101d7deee1a5adb337ab924bdbb83b1f1045bc0682,ZIP (GeoTIFF),"GHSL tile R10_C33, ESRI:54009",1990,,verified: size = server Content-Length; zip CRC ok,,GET https://jeodpp.jrc.ec.europa.eu/ftp/jrc-opendata/GHSL/GHS_SMOD_GLOBE_R2023A/GHS_SMOD_E1990_GLOBE_R2023A_54009_1000/V2-0/tiles/GHS_SMOD_E1990_GLOBE_R2023A_54009_1000_V2_0_R10_C33.zip,2026-10-07T12:59:41+00:00,,
data/raw/ghsl_smod_r2023a/2026-10-07_tiles/GHS_SMOD_E1990_GLOBE_R2023A_54009_1000_V2_0_R11_C28.zip,ghsl_smod_r2023a,1429077,4010430937361bffdb761939b6847c600f719ca2f3398fcbd87b5355dd72af00,ZIP (GeoTIFF),"GHSL tile R11_C28, ESRI:54009",1990,,verified: size = server Content-Length; zip CRC ok,,GET https://jeodpp.jrc.ec.europa.eu/ftp/jrc-opendata/GHSL/GHS_SMOD_GLOBE_R2023A/GHS_SMOD_E1990_GLOBE_R2023A_54009_1000/V2-0/tiles/GHS_SMOD_E1990_GLOBE_R2023A_54009_1000_V2_0_R11_C28.zip,2026-10-07T12:59:45+00:00,,
data/raw/ghsl_smod_r2023a/2026-10-07_tiles/GHS_SMOD_E1990_GLOBE_R2023A_54009_1000_V2_0_R11_C29.zip,ghsl_smod_r2023a,1429771,047fe75034d8781e1d10c7f4313acb935ba61a5ded0e1a5855f2575fe7cb3ed1,ZIP (GeoTIFF),"GHSL tile R11_C29, ESRI:54009",1990,,verified: size = server Content-Length; zip CRC ok,,GET https://jeodpp.jrc.ec.europa.eu/ftp/jrc-opendata/GHSL/GHS_SMOD_GLOBE_R2023A/GHS_SMOD_E1990_GLOBE_R2023A_54009_1000/V2-0/tiles/GHS_SMOD_E1990_GLOBE_R2023A_54009_1000_V2_0_R11_C29.zip,2026-10-07T12:59:45+00:00,,
data/raw/ghsl_smod_r2023a/2026-10-07_tiles/GHS_SMOD_E1990_GLOBE_R2023A_54009_1000_V2_0_R11_C30.zip,ghsl_smod_r2023a,1448509,071a361727107eb932617a8b997aea18cff372c1c9c4bea8c362b88ab49eb3ac,ZIP (GeoTIFF),"GHSL tile R11_C30, ESRI:54009",1990,,verified: size = server Content-Length; zip CRC ok,,GET https://jeodpp.jrc.ec.europa.eu/ftp/jrc-opendata/GHSL/GHS_SMOD_GLOBE_R2023A/GHS_SMOD_E1990_GLOBE_R2023A_54009_1000/V2-0/tiles/GHS_SMOD_E1990_GLOBE_R2023A_54009_1000_V2_0_R11_C30.zip,2026-10-07T12:59:44+00:00,,
data/raw/ghsl_smod_r2023a/2026-10-07_tiles/GHS_SMOD_E1990_GLOBE_R2023A_54009_1000_V2_0_R11_C31.zip,ghsl_smod_r2023a,1460946,b820cc2aeb81f736faa316a7ffc89b40541d5f77b9491261dfe6f8937d9f8b91,ZIP (GeoTIFF),"GHSL tile R11_C31, ESRI:54009",1990,,verified: size = server Content-Length; zip CRC ok,,GET https://jeodpp.jrc.ec.europa.eu/ftp/jrc-opendata/GHSL/GHS_SMOD_GLOBE_R2023A/GHS_SMOD_E1990_GLOBE_R2023A_54009_1000/V2-0/tiles/GHS_SMOD_E1990_GLOBE_R2023A_54009_1000_V2_0_R11_C31.zip,2026-10-07T12:59:43+00:00,,
data/raw/ghsl_smod_r2023a/2026-10-07_tiles/GHS_SMOD_E1990_GLOBE_R2023A_54009_1000_V2_0_R11_C32.zip,ghsl_smod_r2023a,1446786,004f80f3a3b385e01bd69fd15dbb8873874aaa9cd0df36dfabf5e551019cdd03,ZIP (GeoTIFF),"GHSL tile R11_C32, ESRI:54009",1990,,verified: size = server Content-Length; zip CRC ok,,GET https://jeodpp.jrc.ec.europa.eu/ftp/jrc-opendata/GHSL/GHS_SMOD_GLOBE_R2023A/GHS_SMOD_E1990_GLOBE_R2023A_54009_1000/V2-0/tiles/GHS_SMOD_E1990_GLOBE_R2023A_54009_1000_V2_0_R11_C32.zip,2026-10-07T12:59:42+00:00,,
data/raw/ghsl_smod_r2023a/2026-10-07_tiles/GHS_SMOD_E1990_GLOBE_R2023A_54009_1000_V2_0_R11_C33.zip,ghsl_smod_r2023a,1448544,6fdc8d7f60289028c9c5239303bbb5671950e4dec581fe363c7529018b97762a,ZIP (GeoTIFF),"GHSL tile R11_C33, ESRI:54009",1990,,verified: size = server Content-Length; zip CRC ok,,GET https://jeodpp.jrc.ec.europa.eu/ftp/jrc-opendata/GHSL/GHS_SMOD_GLOBE_R2023A/GHS_SMOD_E1990_GLOBE_R2023A_54009_1000/V2-0/tiles/GHS_SMOD_E1990_GLOBE_R2023A_54009_1000_V2_0_R11_C33.zip,2026-10-07T12:59:42+00:00,,
data/raw/ghsl_smod_r2023a/2026-10-07_tiles/GHS_SMOD_E1995_GLOBE_R2023A_54009_1000_V2_0_R9_C28.zip,ghsl_smod_r2023a,1458863,dffc7bb2f162179a0a89b222121ab6e49cadc24b2e0843704ee8f5bfd200ccfb,ZIP (GeoTIFF),"GHSL tile R9_C28, ESRI:54009",1995,,verified: size = server Content-Length; zip CRC ok,,GET https://jeodpp.jrc.ec.europa.eu/ftp/jrc-opendata/GHSL/GHS_SMOD_GLOBE_R2023A/GHS_SMOD_E1995_GLOBE_R2023A_54009_1000/V2-0/tiles/GHS_SMOD_E1995_GLOBE_R2023A_54009_1000_V2_0_R9_C28.zip,2026-10-07T12:55:06+00:00,,
data/raw/ghsl_smod_r2023a/2026-10-07_tiles/GHS_SMOD_E1995_GLOBE_R2023A_54009_1000_V2_0_R9_C29.zip,ghsl_smod_r2023a,1485971,8214ff8e4a555216cfada384c51b490ae36970e97a2a2d64d79ed49a616750e4,ZIP (GeoTIFF),"GHSL tile R9_C29, ESRI:54009",1995,,verified: size = server Content-Length; zip CRC ok,,GET https://jeodpp.jrc.ec.europa.eu/ftp/jrc-opendata/GHSL/GHS_SMOD_GLOBE_R2023A/GHS_SMOD_E1995_GLOBE_R2023A_54009_1000/V2-0/tiles/GHS_SMOD_E1995_GLOBE_R2023A_54009_1000_V2_0_R9_C29.zip,2026-10-07T12:55:06+00:00,,
data/raw/ghsl_smod_r2023a/2026-10-07_tiles/GHS_SMOD_E1995_GLOBE_R2023A_54009_1000_V2_0_R9_C30.zip,ghsl_smod_r2023a,1467714,a5e94ac3bab92ab8c27033fc24452225d30238389544363a9914ebd5e43e8d66,ZIP (GeoTIFF),"GHSL tile R9_C30, ESRI:54009",1995,,verified: size = server Content-Length; zip CRC ok,,GET https://jeodpp.jrc.ec.europa.eu/ftp/jrc-opendata/GHSL/GHS_SMOD_GLOBE_R2023A/GHS_SMOD_E1995_GLOBE_R2023A_54009_1000/V2-0/tiles/GHS_SMOD_E1995_GLOBE_R2023A_54009_1000_V2_0_R9_C30.zip,2026-10-07T12:55:04+00:00,,
data/raw/ghsl_smod_r2023a/2026-10-07_tiles/GHS_SMOD_E1995_GLOBE_R2023A_54009_1000_V2_0_R9_C31.zip,ghsl_smod_r2023a,1471174,3b0b2bbbba9d316b96c3e9b90802b475671b4a4ebb64004c62d45428f9aa6a2b,ZIP (GeoTIFF),"GHSL tile R9_C31, ESRI:54009",1995,,verified: size = server Content-Length; zip CRC ok,,GET https://jeodpp.jrc.ec.europa.eu/ftp/jrc-opendata/GHSL/GHS_SMOD_GLOBE_R2023A/GHS_SMOD_E1995_GLOBE_R2023A_54009_1000/V2-0/tiles/GHS_SMOD_E1995_GLOBE_R2023A_54009_1000_V2_0_R9_C31.zip,2026-10-07T12:55:04+00:00,,
data/raw/ghsl_smod_r2023a/2026-10-07_tiles/GHS_SMOD_E1995_GLOBE_R2023A_54009_1000_V2_0_R9_C32.zip,ghsl_smod_r2023a,1431213,80e440c9dff6977251ce34622cf1a5f4b0f7ddb433ca454813ef4c52f3840824,ZIP (GeoTIFF),"GHSL tile R9_C32, ESRI:54009",1995,,verified: size = server Content-Length; zip CRC ok,,GET https://jeodpp.jrc.ec.europa.eu/ftp/jrc-opendata/GHSL/GHS_SMOD_GLOBE_R2023A/GHS_SMOD_E1995_GLOBE_R2023A_54009_1000/V2-0/tiles/GHS_SMOD_E1995_GLOBE_R2023A_54009_1000_V2_0_R9_C32.zip,2026-10-07T12:55:02+00:00,,
data/raw/ghsl_smod_r2023a/2026-10-07_tiles/GHS_SMOD_E1995_GLOBE_R2023A_54009_1000_V2_0_R9_C33.zip,ghsl_smod_r2023a,1430431,6378efd8cb47476f0915f72f17c6f3dfee162b0daedd35ccd4abc3660987911c,ZIP (GeoTIFF),"GHSL tile R9_C33, ESRI:54009",1995,,verified: size = server Content-Length; zip CRC ok,,GET https://jeodpp.jrc.ec.europa.eu/ftp/jrc-opendata/GHSL/GHS_SMOD_GLOBE_R2023A/GHS_SMOD_E1995_GLOBE_R2023A_54009_1000/V2-0/tiles/GHS_SMOD_E1995_GLOBE_R2023A_54009_1000_V2_0_R9_C33.zip,2026-10-07T12:55:02+00:00,,
data/raw/ghsl_smod_r2023a/2026-10-07_tiles/GHS_SMOD_E1995_GLOBE_R2023A_54009_1000_V2_0_R10_C28.zip,ghsl_smod_r2023a,1431454,95cdb86ce896dd1a935583afd3ce1f95c96e5b8941999608262e9904aff09c83,ZIP (GeoTIFF),"GHSL tile R10_C28, ESRI:54009",1995,,verified: size = server Content-Length; zip CRC ok,,GET https://jeodpp.jrc.ec.europa.eu/ftp/jrc-opendata/GHSL/GHS_SMOD_GLOBE_R2023A/GHS_SMOD_E1995_GLOBE_R2023A_54009_1000/V2-0/tiles/GHS_SMOD_E1995_GLOBE_R2023A_54009_1000_V2_0_R10_C28.zip,2026-10-07T12:55:07+00:00,,
data/raw/ghsl_smod_r2023a/2026-10-07_tiles/GHS_SMOD_E1995_GLOBE_R2023A_54009_1000_V2_0_R10_C29.zip,ghsl_smod_r2023a,1502812,35b7ee583bd89fcfe93a0f20156fb70f1102116b85f4df1f6de39994557704fe,ZIP (GeoTIFF),"GHSL tile R10_C29, ESRI:54009",1995,,verified: size = server Content-Length; zip CRC ok,,GET https://jeodpp.jrc.ec.europa.eu/ftp/jrc-opendata/GHSL/GHS_SMOD_GLOBE_R2023A/GHS_SMOD_E1995_GLOBE_R2023A_54009_1000/V2-0/tiles/GHS_SMOD_E1995_GLOBE_R2023A_54009_1000_V2_0_R10_C29.zip,2026-10-07T12:55:05+00:00,,
data/raw/ghsl_smod_r2023a/2026-10-07_tiles/GHS_SMOD_E1995_GLOBE_R2023A_54009_1000_V2_0_R10_C30.zip,ghsl_smod_r2023a,1487895,fb651abb793d9db711618fd68c992b0740c0b3e846da01408c6c6429a79c8d96,ZIP (GeoTIFF),"GHSL tile R10_C30, ESRI:54009",1995,,verified: size = server Content-Length; zip CRC ok,,GET https://jeodpp.jrc.ec.europa.eu/ftp/jrc-opendata/GHSL/GHS_SMOD_GLOBE_R2023A/GHS_SMOD_E1995_GLOBE_R2023A_54009_1000/V2-0/tiles/GHS_SMOD_E1995_GLOBE_R2023A_54009_1000_V2_0_R10_C30.zip,2026-10-07T12:55:05+00:00,,
data/raw/ghsl_smod_r2023a/2026-10-07_tiles/GHS_SMOD_E1995_GLOBE_R2023A_54009_1000_V2_0_R10_C31.zip,ghsl_smod_r2023a,1471358,7d149fa75fb214ade14488d2b54c31cbf295543efa8f8042f87fae5e8e07d0e6,ZIP (GeoTIFF),"GHSL tile R10_C31, ESRI:54009",1995,,verified: size = server Content-Length; zip CRC ok,,GET https://jeodpp.jrc.ec.europa.eu/ftp/jrc-opendata/GHSL/GHS_SMOD_GLOBE_R2023A/GHS_SMOD_E1995_GLOBE_R2023A_54009_1000/V2-0/tiles/GHS_SMOD_E1995_GLOBE_R2023A_54009_1000_V2_0_R10_C31.zip,2026-10-07T12:55:04+00:00,,
data/raw/ghsl_smod_r2023a/2026-10-07_tiles/GHS_SMOD_E1995_GLOBE_R2023A_54009_1000_V2_0_R10_C32.zip,ghsl_smod_r2023a,1464410,b1acb1c98c06959f76741006d015d799f30c5b368bcaf801f71d1861bf25267b,ZIP (GeoTIFF),"GHSL tile R10_C32, ESRI:54009",1995,,verified: size = server Content-Length; zip CRC ok,,GET https://jeodpp.jrc.ec.europa.eu/ftp/jrc-opendata/GHSL/GHS_SMOD_GLOBE_R2023A/GHS_SMOD_E1995_GLOBE_R2023A_54009_1000/V2-0/tiles/GHS_SMOD_E1995_GLOBE_R2023A_54009_1000_V2_0_R10_C32.zip,2026-10-07T12:55:03+00:00,,
data/raw/ghsl_smod_r2023a/2026-10-07_tiles/GHS_SMOD_E1995_GLOBE_R2023A_54009_1000_V2_0_R10_C33.zip,ghsl_smod_r2023a,1462840,ea14e43ab74fc3b10d52e9c503851b17a48e9f9ff4a9e940cec0ebfa060fa131,ZIP (GeoTIFF),"GHSL tile R10_C33, ESRI:54009",1995,,verified: size = server Content-Length; zip CRC ok,,GET https://jeodpp.jrc.ec.europa.eu/ftp/jrc-opendata/GHSL/GHS_SMOD_GLOBE_R2023A/GHS_SMOD_E1995_GLOBE_R2023A_54009_1000/V2-0/tiles/GHS_SMOD_E1995_GLOBE_R2023A_54009_1000_V2_0_R10_C33.zip,2026-10-07T12:55:01+00:00,,
data/raw/ghsl_smod_r2023a/2026-10-07_tiles/GHS_SMOD_E1995_GLOBE_R2023A_54009_1000_V2_0_R11_C28.zip,ghsl_smod_r2023a,1429077,a3fd7102fda857b67fba7d67bd4186615e5d4ac1e32038f3e2303cceff9a84ee,ZIP (GeoTIFF),"GHSL tile R11_C28, ESRI:54009",1995,,verified: size = server Content-Length; zip CRC ok,,GET https://jeodpp.jrc.ec.europa.eu/ftp/jrc-opendata/GHSL/GHS_SMOD_GLOBE_R2023A/GHS_SMOD_E1995_GLOBE_R2023A_54009_1000/V2-0/tiles/GHS_SMOD_E1995_GLOBE_R2023A_54009_1000_V2_0_R11_C28.zip,2026-10-07T12:54:57+00:00,,
data/raw/ghsl_smod_r2023a/2026-10-07_tiles/GHS_SMOD_E1995_GLOBE_R2023A_54009_1000_V2_0_R11_C29.zip,ghsl_smod_r2023a,1429771,bde6eb6e0f7c3a4e054b2bf4a59eb1ce21259c614371ae4b7c79cec06df2766f,ZIP (GeoTIFF),"GHSL tile R11_C29, ESRI:54009",1995,,verified: size = server Content-Length; zip CRC ok,,GET https://jeodpp.jrc.ec.europa.eu/ftp/jrc-opendata/GHSL/GHS_SMOD_GLOBE_R2023A/GHS_SMOD_E1995_GLOBE_R2023A_54009_1000/V2-0/tiles/GHS_SMOD_E1995_GLOBE_R2023A_54009_1000_V2_0_R11_C29.zip,2026-10-07T12:54:57+00:00,,
data/raw/ghsl_smod_r2023a/2026-10-07_tiles/GHS_SMOD_E1995_GLOBE_R2023A_54009_1000_V2_0_R11_C30.zip,ghsl_smod_r2023a,1448710,bae61eee52eab1c59316d4029c5e5f2eaed753c41a5d8b25d1e9e9738e312b82,ZIP (GeoTIFF),"GHSL tile R11_C30, ESRI:54009",1995,,verified: size = server Content-Length; zip CRC ok,,GET https://jeodpp.jrc.ec.europa.eu/ftp/jrc-opendata/GHSL/GHS_SMOD_GLOBE_R2023A/GHS_SMOD_E1995_GLOBE_R2023A_54009_1000/V2-0/tiles/GHS_SMOD_E1995_GLOBE_R2023A_54009_1000_V2_0_R11_C30.zip,2026-10-07T12:54:59+00:00,,
data/raw/ghsl_smod_r2023a/2026-10-07_tiles/GHS_SMOD_E1995_GLOBE_R2023A_54009_1000_V2_0_R11_C31.zip,ghsl_smod_r2023a,1461625,dee0154551b370eb5cf9c4ff3a07a9baa064fc6067e4f51eefab8bbb7b46e3a3,ZIP (GeoTIFF),"GHSL tile R11_C31, ESRI:54009",1995,,verified: size = server Content-Length; zip CRC ok,,GET https://jeodpp.jrc.ec.europa.eu/ftp/jrc-opendata/GHSL/GHS_SMOD_GLOBE_R2023A/GHS_SMOD_E1995_GLOBE_R2023A_54009_1000/V2-0/tiles/GHS_SMOD_E1995_GLOBE_R2023A_54009_1000_V2_0_R11_C31.zip,2026-10-07T12:55:00+00:00,,
data/raw/ghsl_smod_r2023a/2026-10-07_tiles/GHS_SMOD_E1995_GLOBE_R2023A_54009_1000_V2_0_R11_C32.zip,ghsl_smod_r2023a,1446705,bf86cc1067b715acb018b4390f295d258e848533039c2debfc789a98936f62d8,ZIP (GeoTIFF),"GHSL tile R11_C32, ESRI:54009",1995,,verified: size = server Content-Length; zip CRC ok,,GET https://jeodpp.jrc.ec.europa.eu/ftp/jrc-opendata/GHSL/GHS_SMOD_GLOBE_R2023A/GHS_SMOD_E1995_GLOBE_R2023A_54009_1000/V2-0/tiles/GHS_SMOD_E1995_GLOBE_R2023A_54009_1000_V2_0_R11_C32.zip,2026-10-07T12:55:00+00:00,,
data/raw/ghsl_smod_r2023a/2026-10-07_tiles/GHS_SMOD_E1995_GLOBE_R2023A_54009_1000_V2_0_R11_C33.zip,ghsl_smod_r2023a,1449190,d675e621a37985b0fe9a7a82d889b5cbd797d1f3a09ee0eb9df946320a010834,ZIP (GeoTIFF),"GHSL tile R11_C33, ESRI:54009",1995,,verified: size = server Content-Length; zip CRC ok,,GET https://jeodpp.jrc.ec.europa.eu/ftp/jrc-opendata/GHSL/GHS_SMOD_GLOBE_R2023A/GHS_SMOD_E1995_GLOBE_R2023A_54009_1000/V2-0/tiles/GHS_SMOD_E1995_GLOBE_R2023A_54009_1000_V2_0_R11_C33.zip,2026-10-07T12:55:01+00:00,,
data/raw/ghsl_smod_r2023a/2026-10-07_tiles/GHS_SMOD_E2000_GLOBE_R2023A_54009_1000_V2_0_R9_C28.zip,ghsl_smod_r2023a,1459139,dc9bcae61ef1418e5ced5523cd00c4610fcb23e737c72a9a5a62c378e06edc7c,ZIP (GeoTIFF),"GHSL tile R9_C28, ESRI:54009",2000,,verified: size = server Content-Length; zip CRC ok,,GET https://jeodpp.jrc.ec.europa.eu/ftp/jrc-opendata/GHSL/GHS_SMOD_GLOBE_R2023A/GHS_SMOD_E2000_GLOBE_R2023A_54009_1000/V2-0/tiles/GHS_SMOD_E2000_GLOBE_R2023A_54009_1000_V2_0_R9_C28.zip,2026-10-07T12:55:16+00:00,,
data/raw/ghsl_smod_r2023a/2026-10-07_tiles/GHS_SMOD_E2000_GLOBE_R2023A_54009_1000_V2_0_R9_C29.zip,ghsl_smod_r2023a,1487512,3a6abe9701c54ff5401ddfd89f6de0d5520af5dda796e58a222a5f163069eb9c,ZIP (GeoTIFF),"GHSL tile R9_C29, ESRI:54009",2000,,verified: size = server Content-Length; zip CRC ok,,GET https://jeodpp.jrc.ec.europa.eu/ftp/jrc-opendata/GHSL/GHS_SMOD_GLOBE_R2023A/GHS_SMOD_E2000_GLOBE_R2023A_54009_1000/V2-0/tiles/GHS_SMOD_E2000_GLOBE_R2023A_54009_1000_V2_0_R9_C29.zip,2026-10-07T12:55:16+00:00,,
data/raw/ghsl_smod_r2023a/2026-10-07_tiles/GHS_SMOD_E2000_GLOBE_R2023A_54009_1000_V2_0_R9_C30.zip,ghsl_smod_r2023a,1468444,5658625b8cdd9e4d0f29c62bdb4f41aaeb40c525e2f6bde4d45867af25a9146a,ZIP (GeoTIFF),"GHSL tile R9_C30, ESRI:54009",2000,,verified: size = server Content-Length; zip CRC ok,,GET https://jeodpp.jrc.ec.europa.eu/ftp/jrc-opendata/GHSL/GHS_SMOD_GLOBE_R2023A/GHS_SMOD_E2000_GLOBE_R2023A_54009_1000/V2-0/tiles/GHS_SMOD_E2000_GLOBE_R2023A_54009_1000_V2_0_R9_C30.zip,2026-10-07T12:55:17+00:00,,
data/raw/ghsl_smod_r2023a/2026-10-07_tiles/GHS_SMOD_E2000_GLOBE_R2023A_54009_1000_V2_0_R9_C31.zip,ghsl_smod_r2023a,1472138,ecf0b8451a862425475ba19c4a75ad46db980d93da4324808438d8b5c56e256b,ZIP (GeoTIFF),"GHSL tile R9_C31, ESRI:54009",2000,,verified: size = server Content-Length; zip CRC ok,,GET https://jeodpp.jrc.ec.europa.eu/ftp/jrc-opendata/GHSL/GHS_SMOD_GLOBE_R2023A/GHS_SMOD_E2000_GLOBE_R2023A_54009_1000/V2-0/tiles/GHS_SMOD_E2000_GLOBE_R2023A_54009_1000_V2_0_R9_C31.zip,2026-10-07T12:55:17+00:00,,
data/raw/ghsl_smod_r2023a/2026-10-07_tiles/GHS_SMOD_E2000_GLOBE_R2023A_54009_1000_V2_0_R9_C32.zip,ghsl_smod_r2023a,1431235,710e3d429d535d5071d136e277badd03f25b1d0257d7d46e6963d359d8e5f79c,ZIP (GeoTIFF),"GHSL tile R9_C32, ESRI:54009",2000,,verified: size = server Content-Length; zip CRC ok,,GET https://jeodpp.jrc.ec.europa.eu/ftp/jrc-opendata/GHSL/GHS_SMOD_GLOBE_R2023A/GHS_SMOD_E2000_GLOBE_R2023A_54009_1000/V2-0/tiles/GHS_SMOD_E2000_GLOBE_R2023A_54009_1000_V2_0_R9_C32.zip,2026-10-07T12:55:18+00:00,,
data/raw/ghsl_smod_r2023a/2026-10-07_tiles/GHS_SMOD_E2000_GLOBE_R2023A_54009_1000_V2_0_R9_C33.zip,ghsl_smod_r2023a,1430469,bd661b111d4f3ac61ffbb221eac2e70028988296ebf26e58db7db3e8cf82289c,ZIP (GeoTIFF),"GHSL tile R9_C33, ESRI:54009",2000,,verified: size = server Content-Length; zip CRC ok,,GET https://jeodpp.jrc.ec.europa.eu/ftp/jrc-opendata/GHSL/GHS_SMOD_GLOBE_R2023A/GHS_SMOD_E2000_GLOBE_R2023A_54009_1000/V2-0/tiles/GHS_SMOD_E2000_GLOBE_R2023A_54009_1000_V2_0_R9_C33.zip,2026-10-07T12:55:18+00:00,,
data/raw/ghsl_smod_r2023a/2026-10-07_tiles/GHS_SMOD_E2000_GLOBE_R2023A_54009_1000_V2_0_R10_C28.zip,ghsl_smod_r2023a,1431446,36f0e6454c1f69f8e3b212c8347eeca005d55e59b9c867ca545f95f13de2e7e9,ZIP (GeoTIFF),"GHSL tile R10_C28, ESRI:54009",2000,,verified: size = server Content-Length; zip CRC ok,,GET https://jeodpp.jrc.ec.europa.eu/ftp/jrc-opendata/GHSL/GHS_SMOD_GLOBE_R2023A/GHS_SMOD_E2000_GLOBE_R2023A_54009_1000/V2-0/tiles/GHS_SMOD_E2000_GLOBE_R2023A_54009_1000_V2_0_R10_C28.zip,2026-10-07T12:55:10+00:00,,
data/raw/ghsl_smod_r2023a/2026-10-07_tiles/GHS_SMOD_E2000_GLOBE_R2023A_54009_1000_V2_0_R10_C29.zip,ghsl_smod_r2023a,1503798,08feed5398c2d2cc0010ff5e79fdc23ca85668473df21c2a4b955cfff567b074,ZIP (GeoTIFF),"GHSL tile R10_C29, ESRI:54009",2000,,verified: size = server Content-Length; zip CRC ok,,GET https://jeodpp.jrc.ec.europa.eu/ftp/jrc-opendata/GHSL/GHS_SMOD_GLOBE_R2023A/GHS_SMOD_E2000_GLOBE_R2023A_54009_1000/V2-0/tiles/GHS_SMOD_E2000_GLOBE_R2023A_54009_1000_V2_0_R10_C29.zip,2026-10-07T12:55:10+00:00,,
data/raw/ghsl_smod_r2023a/2026-10-07_tiles/GHS_SMOD_E2000_GLOBE_R2023A_54009_1000_V2_0_R10_C30.zip,ghsl_smod_r2023a,1489304,5df6767ad0644978518c3f92bdf1d3a777f7fb58953a654b9fd6202e3e000c99,ZIP (GeoTIFF),"GHSL tile R10_C30, ESRI:54009",2000,,verified: size = server Content-Length; zip CRC ok,,GET https://jeodpp.jrc.ec.europa.eu/ftp/jrc-opendata/GHSL/GHS_SMOD_GLOBE_R2023A/GHS_SMOD_E2000_GLOBE_R2023A_54009_1000/V2-0/tiles/GHS_SMOD_E2000_GLOBE_R2023A_54009_1000_V2_0_R10_C30.zip,2026-10-07T12:55:11+00:00,,
data/raw/ghsl_smod_r2023a/2026-10-07_tiles/GHS_SMOD_E2000_GLOBE_R2023A_54009_1000_V2_0_R10_C31.zip,ghsl_smod_r2023a,1472811,fe9e6cf74ec2878da43f46bd82b8ab8ea4bb35617f551ae176e3ce4c861d96f8,ZIP (GeoTIFF),"GHSL tile R10_C31, ESRI:54009",2000,,verified: size = server Content-Length; zip CRC ok,,GET https://jeodpp.jrc.ec.europa.eu/ftp/jrc-opendata/GHSL/GHS_SMOD_GLOBE_R2023A/GHS_SMOD_E2000_GLOBE_R2023A_54009_1000/V2-0/tiles/GHS_SMOD_E2000_GLOBE_R2023A_54009_1000_V2_0_R10_C31.zip,2026-10-07T12:55:11+00:00,,
data/raw/ghsl_smod_r2023a/2026-10-07_tiles/GHS_SMOD_E2000_GLOBE_R2023A_54009_1000_V2_0_R10_C32.zip,ghsl_smod_r2023a,1465422,3ceea55d4e9bdda7f512f5ba8fc84819d815dafe35e65b8b37cc10df4ac18ace,ZIP (GeoTIFF),"GHSL tile R10_C32, ESRI:54009",2000,,verified: size = server Content-Length; zip CRC ok,,GET https://jeodpp.jrc.ec.europa.eu/ftp/jrc-opendata/GHSL/GHS_SMOD_GLOBE_R2023A/GHS_SMOD_E2000_GLOBE_R2023A_54009_1000/V2-0/tiles/GHS_SMOD_E2000_GLOBE_R2023A_54009_1000_V2_0_R10_C32.zip,2026-10-07T12:55:11+00:00,,
data/raw/ghsl_smod_r2023a/2026-10-07_tiles/GHS_SMOD_E2000_GLOBE_R2023A_54009_1000_V2_0_R10_C33.zip,ghsl_smod_r2023a,1464546,d9c3c581469a72b2b945266a315d225151e0f3b6379fe9d790af2d04221b2a9e,ZIP (GeoTIFF),"GHSL tile R10_C33, ESRI:54009",2000,,verified: size = server Content-Length; zip CRC ok,,GET https://jeodpp.jrc.ec.europa.eu/ftp/jrc-opendata/GHSL/GHS_SMOD_GLOBE_R2023A/GHS_SMOD_E2000_GLOBE_R2023A_54009_1000/V2-0/tiles/GHS_SMOD_E2000_GLOBE_R2023A_54009_1000_V2_0_R10_C33.zip,2026-10-07T12:55:12+00:00,,
data/raw/ghsl_smod_r2023a/2026-10-07_tiles/GHS_SMOD_E2000_GLOBE_R2023A_54009_1000_V2_0_R11_C28.zip,ghsl_smod_r2023a,1429077,32818e4368e6c8c7aab82a17a4b0c3d6d1f38aeeafda0878bebf4b104e903a3c,ZIP (GeoTIFF),"GHSL tile R11_C28, ESRI:54009",2000,,verified: size = server Content-Length; zip CRC ok,,GET https://jeodpp.jrc.ec.europa.eu/ftp/jrc-opendata/GHSL/GHS_SMOD_GLOBE_R2023A/GHS_SMOD_E2000_GLOBE_R2023A_54009_1000/V2-0/tiles/GHS_SMOD_E2000_GLOBE_R2023A_54009_1000_V2_0_R11_C28.zip,2026-10-07T12:55:15+00:00,,
data/raw/ghsl_smod_r2023a/2026-10-07_tiles/GHS_SMOD_E2000_GLOBE_R2023A_54009_1000_V2_0_R11_C29.zip,ghsl_smod_r2023a,1429771,bee14d00891c63b1489d9658b468c9a9899085ad13475a5eefc4ec8a8c818cb1,ZIP (GeoTIFF),"GHSL tile R11_C29, ESRI:54009",2000,,verified: size = server Content-Length; zip CRC ok,,GET https://jeodpp.jrc.ec.europa.eu/ftp/jrc-opendata/GHSL/GHS_SMOD_GLOBE_R2023A/GHS_SMOD_E2000_GLOBE_R2023A_54009_1000/V2-0/tiles/GHS_SMOD_E2000_GLOBE_R2023A_54009_1000_V2_0_R11_C29.zip,2026-10-07T12:55:14+00:00,,
data/raw/ghsl_smod_r2023a/2026-10-07_tiles/GHS_SMOD_E2000_GLOBE_R2023A_54009_1000_V2_0_R11_C30.zip,ghsl_smod_r2023a,1448895,abb772a484a7e1d66ed9d0bb9046639218bdc18540a350f9402d688b3306b1ac,ZIP (GeoTIFF),"GHSL tile R11_C30, ESRI:54009",2000,,verified: size = server Content-Length; zip CRC ok,,GET https://jeodpp.jrc.ec.europa.eu/ftp/jrc-opendata/GHSL/GHS_SMOD_GLOBE_R2023A/GHS_SMOD_E2000_GLOBE_R2023A_54009_1000/V2-0/tiles/GHS_SMOD_E2000_GLOBE_R2023A_54009_1000_V2_0_R11_C30.zip,2026-10-07T12:55:14+00:00,,
data/raw/ghsl_smod_r2023a/2026-10-07_tiles/GHS_SMOD_E2000_GLOBE_R2023A_54009_1000_V2_0_R11_C31.zip,ghsl_smod_r2023a,1461786,646b7b556752c89ab47c80c34df2d23e275163979ea53076ec2c2dc719c22888,ZIP (GeoTIFF),"GHSL tile R11_C31, ESRI:54009",2000,,verified: size = server Content-Length; zip CRC ok,,GET https://jeodpp.jrc.ec.europa.eu/ftp/jrc-opendata/GHSL/GHS_SMOD_GLOBE_R2023A/GHS_SMOD_E2000_GLOBE_R2023A_54009_1000/V2-0/tiles/GHS_SMOD_E2000_GLOBE_R2023A_54009_1000_V2_0_R11_C31.zip,2026-10-07T12:55:13+00:00,,
data/raw/ghsl_smod_r2023a/2026-10-07_tiles/GHS_SMOD_E2000_GLOBE_R2023A_54009_1000_V2_0_R11_C32.zip,ghsl_smod_r2023a,1446703,d3993e20108e7b868f7d2e8ba2d92dd4e2b8f74fd6bbdc1d68886b83a4608130,ZIP (GeoTIFF),"GHSL tile R11_C32, ESRI:54009",2000,,verified: size = server Content-Length; zip CRC ok,,GET https://jeodpp.jrc.ec.europa.eu/ftp/jrc-opendata/GHSL/GHS_SMOD_GLOBE_R2023A/GHS_SMOD_E2000_GLOBE_R2023A_54009_1000/V2-0/tiles/GHS_SMOD_E2000_GLOBE_R2023A_54009_1000_V2_0_R11_C32.zip,2026-10-07T12:55:13+00:00,,
data/raw/ghsl_smod_r2023a/2026-10-07_tiles/GHS_SMOD_E2000_GLOBE_R2023A_54009_1000_V2_0_R11_C33.zip,ghsl_smod_r2023a,1449402,4117c92d08a2497ed71e043067f0ea183977c69edd2c6910b2a8868c7033574d,ZIP (GeoTIFF),"GHSL tile R11_C33, ESRI:54009",2000,,verified: size = server Content-Length; zip CRC ok,,GET https://jeodpp.jrc.ec.europa.eu/ftp/jrc-opendata/GHSL/GHS_SMOD_GLOBE_R2023A/GHS_SMOD_E2000_GLOBE_R2023A_54009_1000/V2-0/tiles/GHS_SMOD_E2000_GLOBE_R2023A_54009_1000_V2_0_R11_C33.zip,2026-10-07T12:55:13+00:00,,
data/raw/ghsl_smod_r2023a/2026-10-07_tiles/GHS_SMOD_E2005_GLOBE_R2023A_54009_1000_V2_0_R9_C28.zip,ghsl_smod_r2023a,1459988,c779730b2a3faf19f2a9d05af22f5634bf5afd86c0a72550a608a1eaf255e8f6,ZIP (GeoTIFF),"GHSL tile R9_C28, ESRI:54009",2005,,verified: size = server Content-Length; zip CRC ok,,GET https://jeodpp.jrc.ec.europa.eu/ftp/jrc-opendata/GHSL/GHS_SMOD_GLOBE_R2023A/GHS_SMOD_E2005_GLOBE_R2023A_54009_1000/V2-0/tiles/GHS_SMOD_E2005_GLOBE_R2023A_54009_1000_V2_0_R9_C28.zip,2026-10-07T12:59:57+00:00,,
data/raw/ghsl_smod_r2023a/2026-10-07_tiles/GHS_SMOD_E2005_GLOBE_R2023A_54009_1000_V2_0_R9_C29.zip,ghsl_smod_r2023a,1489041,89b8708837f83aa14f90d835da68bd483ce9820f5c8b4aaf6bace0296bf0e7b0,ZIP (GeoTIFF),"GHSL tile R9_C29, ESRI:54009",2005,,verified: size = server Content-Length; zip CRC ok,,GET https://jeodpp.jrc.ec.europa.eu/ftp/jrc-opendata/GHSL/GHS_SMOD_GLOBE_R2023A/GHS_SMOD_E2005_GLOBE_R2023A_54009_1000/V2-0/tiles/GHS_SMOD_E2005_GLOBE_R2023A_54009_1000_V2_0_R9_C29.zip,2026-10-07T12:59:57+00:00,,
data/raw/ghsl_smod_r2023a/2026-10-07_tiles/GHS_SMOD_E2005_GLOBE_R2023A_54009_1000_V2_0_R9_C30.zip,ghsl_smod_r2023a,1469795,8483204e361e4cb99cb4e1d53f462245b972dfd315113fbc7da7172659f8e5a2,ZIP (GeoTIFF),"GHSL tile R9_C30, ESRI:54009",2005,,verified: size = server Content-Length; zip CRC ok,,GET https://jeodpp.jrc.ec.europa.eu/ftp/jrc-opendata/GHSL/GHS_SMOD_GLOBE_R2023A/GHS_SMOD_E2005_GLOBE_R2023A_54009_1000/V2-0/tiles/GHS_SMOD_E2005_GLOBE_R2023A_54009_1000_V2_0_R9_C30.zip,2026-10-07T12:59:56+00:00,,
data/raw/ghsl_smod_r2023a/2026-10-07_tiles/GHS_SMOD_E2005_GLOBE_R2023A_54009_1000_V2_0_R9_C31.zip,ghsl_smod_r2023a,1473331,cad4d7670c532c0a49ae4508ce18fac3e49411d7414f683b2e99d67f9a228ba2,ZIP (GeoTIFF),"GHSL tile R9_C31, ESRI:54009",2005,,verified: size = server Content-Length; zip CRC ok,,GET https://jeodpp.jrc.ec.europa.eu/ftp/jrc-opendata/GHSL/GHS_SMOD_GLOBE_R2023A/GHS_SMOD_E2005_GLOBE_R2023A_54009_1000/V2-0/tiles/GHS_SMOD_E2005_GLOBE_R2023A_54009_1000_V2_0_R9_C31.zip,2026-10-07T12:59:55+00:00,,
data/raw/ghsl_smod_r2023a/2026-10-07_tiles/GHS_SMOD_E2005_GLOBE_R2023A_54009_1000_V2_0_R9_C32.zip,ghsl_smod_r2023a,1431223,ff86848fb3c9f6439fa3109e960ab9f224249fe591c77c3ca24b52d9838d4066,ZIP (GeoTIFF),"GHSL tile R9_C32, ESRI:54009",2005,,verified: size = server Content-Length; zip CRC ok,,GET https://jeodpp.jrc.ec.europa.eu/ftp/jrc-opendata/GHSL/GHS_SMOD_GLOBE_R2023A/GHS_SMOD_E2005_GLOBE_R2023A_54009_1000/V2-0/tiles/GHS_SMOD_E2005_GLOBE_R2023A_54009_1000_V2_0_R9_C32.zip,2026-10-07T12:59:54+00:00,,
data/raw/ghsl_smod_r2023a/2026-10-07_tiles/GHS_SMOD_E2005_GLOBE_R2023A_54009_1000_V2_0_R9_C33.zip,ghsl_smod_r2023a,1430431,74a244e3190c62d90835494bec789cb1958df8c38f3d7614b4a1458a608417bf,ZIP (GeoTIFF),"GHSL tile R9_C33, ESRI:54009",2005,,verified: size = server Content-Length; zip CRC ok,,GET https://jeodpp.jrc.ec.europa.eu/ftp/jrc-opendata/GHSL/GHS_SMOD_GLOBE_R2023A/GHS_SMOD_E2005_GLOBE_R2023A_54009_1000/V2-0/tiles/GHS_SMOD_E2005_GLOBE_R2023A_54009_1000_V2_0_R9_C33.zip,2026-10-07T12:59:54+00:00,,
data/raw/ghsl_smod_r2023a/2026-10-07_tiles/GHS_SMOD_E2005_GLOBE_R2023A_54009_1000_V2_0_R10_C28.zip,ghsl_smod_r2023a,1431466,6a35a89cdb8fa8f75b23673ffce1b74a5fce643fe3bbf1d6fb634cff3fd9e665,ZIP (GeoTIFF),"GHSL tile R10_C28, ESRI:54009",2005,,verified: size = server Content-Length; zip CRC ok,,GET https://jeodpp.jrc.ec.europa.eu/ftp/jrc-opendata/GHSL/GHS_SMOD_GLOBE_R2023A/GHS_SMOD_E2005_GLOBE_R2023A_54009_1000/V2-0/tiles/GHS_SMOD_E2005_GLOBE_R2023A_54009_1000_V2_0_R10_C28.zip,2026-10-07T12:59:57+00:00,,
data/raw/ghsl_smod_r2023a/2026-10-07_tiles/GHS_SMOD_E2005_GLOBE_R2023A_54009_1000_V2_0_R10_C29.zip,ghsl_smod_r2023a,1505303,6261cb669d62af9860aef3ad997210bc2b9e7134fe397a81373184c535bb8dc1,ZIP (GeoTIFF),"GHSL tile R10_C29, ESRI:54009",2005,,verified: size = server Content-Length; zip CRC ok,,GET https://jeodpp.jrc.ec.europa.eu/ftp/jrc-opendata/GHSL/GHS_SMOD_GLOBE_R2023A/GHS_SMOD_E2005_GLOBE_R2023A_54009_1000/V2-0/tiles/GHS_SMOD_E2005_GLOBE_R2023A_54009_1000_V2_0_R10_C29.zip,2026-10-07T12:59:56+00:00,,
data/raw/ghsl_smod_r2023a/2026-10-07_tiles/GHS_SMOD_E2005_GLOBE_R2023A_54009_1000_V2_0_R10_C30.zip,ghsl_smod_r2023a,1489971,9284ae50e87e6003ef1b8b200aa9f59cc12a5e25c20056a883cac1bb78e54627,ZIP (GeoTIFF),"GHSL tile R10_C30, ESRI:54009",2005,,verified: size = server Content-Length; zip CRC ok,,GET https://jeodpp.jrc.ec.europa.eu/ftp/jrc-opendata/GHSL/GHS_SMOD_GLOBE_R2023A/GHS_SMOD_E2005_GLOBE_R2023A_54009_1000/V2-0/tiles/GHS_SMOD_E2005_GLOBE_R2023A_54009_1000_V2_0_R10_C30.zip,2026-10-07T12:59:56+00:00,,
data/raw/ghsl_smod_r2023a/2026-10-07_tiles/GHS_SMOD_E2005_GLOBE_R2023A_54009_1000_V2_0_R10_C31.zip,ghsl_smod_r2023a,1473850,65766f9ecf09900cabbc206a75bf44694681ca76da3c8f14e0dcc139a0d72c7b,ZIP (GeoTIFF),"GHSL tile R10_C31, ESRI:54009",2005,,verified: size = server Content-Length; zip CRC ok,,GET https://jeodpp.jrc.ec.europa.eu/ftp/jrc-opendata/GHSL/GHS_SMOD_GLOBE_R2023A/GHS_SMOD_E2005_GLOBE_R2023A_54009_1000/V2-0/tiles/GHS_SMOD_E2005_GLOBE_R2023A_54009_1000_V2_0_R10_C31.zip,2026-10-07T12:59:55+00:00,,
data/raw/ghsl_smod_r2023a/2026-10-07_tiles/GHS_SMOD_E2005_GLOBE_R2023A_54009_1000_V2_0_R10_C32.zip,ghsl_smod_r2023a,1466336,55d953ff869f3cea98e0a578345a27d994553fb6131746ca3c24958bafe48a14,ZIP (GeoTIFF),"GHSL tile R10_C32, ESRI:54009",2005,,verified: size = server Content-Length; zip CRC ok,,GET https://jeodpp.jrc.ec.europa.eu/ftp/jrc-opendata/GHSL/GHS_SMOD_GLOBE_R2023A/GHS_SMOD_E2005_GLOBE_R2023A_54009_1000/V2-0/tiles/GHS_SMOD_E2005_GLOBE_R2023A_54009_1000_V2_0_R10_C32.zip,2026-10-07T12:59:55+00:00,,
data/raw/ghsl_smod_r2023a/2026-10-07_tiles/GHS_SMOD_E2005_GLOBE_R2023A_54009_1000_V2_0_R10_C33.zip,ghsl_smod_r2023a,1465840,097f22911aab9d25f4344da6bb92bd088930b5466b025416ad384b8ac88a9cdd,ZIP (GeoTIFF),"GHSL tile R10_C33, ESRI:54009",2005,,verified: size = server Content-Length; zip CRC ok,,GET https://jeodpp.jrc.ec.europa.eu/ftp/jrc-opendata/GHSL/GHS_SMOD_GLOBE_R2023A/GHS_SMOD_E2005_GLOBE_R2023A_54009_1000/V2-0/tiles/GHS_SMOD_E2005_GLOBE_R2023A_54009_1000_V2_0_R10_C33.zip,2026-10-07T12:59:54+00:00,,
data/raw/ghsl_smod_r2023a/2026-10-07_tiles/GHS_SMOD_E2005_GLOBE_R2023A_54009_1000_V2_0_R11_C28.zip,ghsl_smod_r2023a,1429077,3cca6fa958395306384d3278824c3e0f77c3ed38693e123dc0f4e05bbf5895fd,ZIP (GeoTIFF),"GHSL tile R11_C28, ESRI:54009",2005,,verified: size = server Content-Length; zip CRC ok,,GET https://jeodpp.jrc.ec.europa.eu/ftp/jrc-opendata/GHSL/GHS_SMOD_GLOBE_R2023A/GHS_SMOD_E2005_GLOBE_R2023A_54009_1000/V2-0/tiles/GHS_SMOD_E2005_GLOBE_R2023A_54009_1000_V2_0_R11_C28.zip,2026-10-07T12:59:52+00:00,,
data/raw/ghsl_smod_r2023a/2026-10-07_tiles/GHS_SMOD_E2005_GLOBE_R2023A_54009_1000_V2_0_R11_C29.zip,ghsl_smod_r2023a,1429781,5e0a80c1516ca2435bcc4283921ef23437b8891c7f7748ffcc91535d10ddfca5,ZIP (GeoTIFF),"GHSL tile R11_C29, ESRI:54009",2005,,verified: size = server Content-Length; zip CRC ok,,GET https://jeodpp.jrc.ec.europa.eu/ftp/jrc-opendata/GHSL/GHS_SMOD_GLOBE_R2023A/GHS_SMOD_E2005_GLOBE_R2023A_54009_1000/V2-0/tiles/GHS_SMOD_E2005_GLOBE_R2023A_54009_1000_V2_0_R11_C29.zip,2026-10-07T12:59:52+00:00,,
data/raw/ghsl_smod_r2023a/2026-10-07_tiles/GHS_SMOD_E2005_GLOBE_R2023A_54009_1000_V2_0_R11_C30.zip,ghsl_smod_r2023a,1448991,f7e06e1db9c0045520ffa1f49f00f9d2a0201ca3857cba3281384c3cc2ae228c,ZIP (GeoTIFF),"GHSL tile R11_C30, ESRI:54009",2005,,verified: size = server Content-Length; zip CRC ok,,GET https://jeodpp.jrc.ec.europa.eu/ftp/jrc-opendata/GHSL/GHS_SMOD_GLOBE_R2023A/GHS_SMOD_E2005_GLOBE_R2023A_54009_1000/V2-0/tiles/GHS_SMOD_E2005_GLOBE_R2023A_54009_1000_V2_0_R11_C30.zip,2026-10-07T12:59:52+00:00,,
data/raw/ghsl_smod_r2023a/2026-10-07_tiles/GHS_SMOD_E2005_GLOBE_R2023A_54009_1000_V2_0_R11_C31.zip,ghsl_smod_r2023a,1462191,abc72ee0260a34b5ab5a07ea8d25f93e46ee8f84d6a466872a4626446af04579,ZIP (GeoTIFF),"GHSL tile R11_C31, ESRI:54009",2005,,verified: size = server Content-Length; zip CRC ok,,GET https://jeodpp.jrc.ec.europa.eu/ftp/jrc-opendata/GHSL/GHS_SMOD_GLOBE_R2023A/GHS_SMOD_E2005_GLOBE_R2023A_54009_1000/V2-0/tiles/GHS_SMOD_E2005_GLOBE_R2023A_54009_1000_V2_0_R11_C31.zip,2026-10-07T12:59:53+00:00,,
data/raw/ghsl_smod_r2023a/2026-10-07_tiles/GHS_SMOD_E2005_GLOBE_R2023A_54009_1000_V2_0_R11_C32.zip,ghsl_smod_r2023a,1446750,cc2a5af777387ebdfe304236482f4b668347c611e3f542d16c9f664c7b57ea3e,ZIP (GeoTIFF),"GHSL tile R11_C32, ESRI:54009",2005,,verified: size = server Content-Length; zip CRC ok,,GET https://jeodpp.jrc.ec.europa.eu/ftp/jrc-opendata/GHSL/GHS_SMOD_GLOBE_R2023A/GHS_SMOD_E2005_GLOBE_R2023A_54009_1000/V2-0/tiles/GHS_SMOD_E2005_GLOBE_R2023A_54009_1000_V2_0_R11_C32.zip,2026-10-07T12:59:53+00:00,,
data/raw/ghsl_smod_r2023a/2026-10-07_tiles/GHS_SMOD_E2005_GLOBE_R2023A_54009_1000_V2_0_R11_C33.zip,ghsl_smod_r2023a,1449330,3153bff983589b818b39e61225ce1641957122d041831aea1fe9f3c4459b5651,ZIP (GeoTIFF),"GHSL tile R11_C33, ESRI:54009",2005,,verified: size = server Content-Length; zip CRC ok,,GET https://jeodpp.jrc.ec.europa.eu/ftp/jrc-opendata/GHSL/GHS_SMOD_GLOBE_R2023A/GHS_SMOD_E2005_GLOBE_R2023A_54009_1000/V2-0/tiles/GHS_SMOD_E2005_GLOBE_R2023A_54009_1000_V2_0_R11_C33.zip,2026-10-07T12:59:53+00:00,,
data/raw/ghsl_smod_r2023a/2026-10-07_tiles/GHS_SMOD_E2010_GLOBE_R2023A_54009_1000_V2_0_R9_C28.zip,ghsl_smod_r2023a,1460334,75adc6f1f0127568ccfc9ff5fa3bd5c0a38312d5148a1a0fdbdfea2d0c293fd0,ZIP (GeoTIFF),"GHSL tile R9_C28, ESRI:54009",2010,,verified: size = server Content-Length; zip CRC ok,,GET https://jeodpp.jrc.ec.europa.eu/ftp/jrc-opendata/GHSL/GHS_SMOD_GLOBE_R2023A/GHS_SMOD_E2010_GLOBE_R2023A_54009_1000/V2-0/tiles/GHS_SMOD_E2010_GLOBE_R2023A_54009_1000_V2_0_R9_C28.zip,2026-10-07T13:00:05+00:00,,
data/raw/ghsl_smod_r2023a/2026-10-07_tiles/GHS_SMOD_E2010_GLOBE_R2023A_54009_1000_V2_0_R9_C29.zip,ghsl_smod_r2023a,1490243,d8b7e9644bec86849b1c0fb91b8a0ed7eaa5644033eb4474f42a23f716e05526,ZIP (GeoTIFF),"GHSL tile R9_C29, ESRI:54009",2010,,verified: size = server Content-Length; zip CRC ok,,GET https://jeodpp.jrc.ec.europa.eu/ftp/jrc-opendata/GHSL/GHS_SMOD_GLOBE_R2023A/GHS_SMOD_E2010_GLOBE_R2023A_54009_1000/V2-0/tiles/GHS_SMOD_E2010_GLOBE_R2023A_54009_1000_V2_0_R9_C29.zip,2026-10-07T13:00:04+00:00,,
data/raw/ghsl_smod_r2023a/2026-10-07_tiles/GHS_SMOD_E2010_GLOBE_R2023A_54009_1000_V2_0_R9_C30.zip,ghsl_smod_r2023a,1471026,819529084c9285178a27ed6b107a5ae08e2753fe0f2910ac21b1aae038d70066,ZIP (GeoTIFF),"GHSL tile R9_C30, ESRI:54009",2010,,verified: size = server Content-Length; zip CRC ok,,GET https://jeodpp.jrc.ec.europa.eu/ftp/jrc-opendata/GHSL/GHS_SMOD_GLOBE_R2023A/GHS_SMOD_E2010_GLOBE_R2023A_54009_1000/V2-0/tiles/GHS_SMOD_E2010_GLOBE_R2023A_54009_1000_V2_0_R9_C30.zip,2026-10-07T13:00:05+00:00,,
data/raw/ghsl_smod_r2023a/2026-10-07_tiles/GHS_SMOD_E2010_GLOBE_R2023A_54009_1000_V2_0_R9_C31.zip,ghsl_smod_r2023a,1474135,af8e7aa69fbd7f980a6bb3da50d4ed61e2638fd452336611062ef97dbdb4ea84,ZIP (GeoTIFF),"GHSL tile R9_C31, ESRI:54009",2010,,verified: size = server Content-Length; zip CRC ok,,GET https://jeodpp.jrc.ec.europa.eu/ftp/jrc-opendata/GHSL/GHS_SMOD_GLOBE_R2023A/GHS_SMOD_E2010_GLOBE_R2023A_54009_1000/V2-0/tiles/GHS_SMOD_E2010_GLOBE_R2023A_54009_1000_V2_0_R9_C31.zip,2026-10-07T13:00:02+00:00,,
data/raw/ghsl_smod_r2023a/2026-10-07_tiles/GHS_SMOD_E2010_GLOBE_R2023A_54009_1000_V2_0_R9_C32.zip,ghsl_smod_r2023a,1431229,0866ae5028181e84976fda52e16a81f8dfdfa14560614231b234dd889f3553e3,ZIP (GeoTIFF),"GHSL tile R9_C32, ESRI:54009",2010,,verified: size = server Content-Length; zip CRC ok,,GET https://jeodpp.jrc.ec.europa.eu/ftp/jrc-opendata/GHSL/GHS_SMOD_GLOBE_R2023A/GHS_SMOD_E2010_GLOBE_R2023A_54009_1000/V2-0/tiles/GHS_SMOD_E2010_GLOBE_R2023A_54009_1000_V2_0_R9_C32.zip,2026-10-07T13:00:02+00:00,,
data/raw/ghsl_smod_r2023a/2026-10-07_tiles/GHS_SMOD_E2010_GLOBE_R2023A_54009_1000_V2_0_R9_C33.zip,ghsl_smod_r2023a,1430431,03ab084860a8609176b79554b2cea6a3b72e0b11f8ac6faf4810c08bb6de1863,ZIP (GeoTIFF),"GHSL tile R9_C33, ESRI:54009",2010,,verified: size = server Content-Length; zip CRC ok,,GET https://jeodpp.jrc.ec.europa.eu/ftp/jrc-opendata/GHSL/GHS_SMOD_GLOBE_R2023A/GHS_SMOD_E2010_GLOBE_R2023A_54009_1000/V2-0/tiles/GHS_SMOD_E2010_GLOBE_R2023A_54009_1000_V2_0_R9_C33.zip,2026-10-07T13:00:02+00:00,,
data/raw/ghsl_smod_r2023a/2026-10-07_tiles/GHS_SMOD_E2010_GLOBE_R2023A_54009_1000_V2_0_R10_C28.zip,ghsl_smod_r2023a,1431474,565fb7ac3ac2d3f0e79daa5e23e43a0a9b20e3d5182409965656ff6ad7940fbf,ZIP (GeoTIFF),"GHSL tile R10_C28, ESRI:54009",2010,,verified: size = server Content-Length; zip CRC ok,,GET https://jeodpp.jrc.ec.europa.eu/ftp/jrc-opendata/GHSL/GHS_SMOD_GLOBE_R2023A/GHS_SMOD_E2010_GLOBE_R2023A_54009_1000/V2-0/tiles/GHS_SMOD_E2010_GLOBE_R2023A_54009_1000_V2_0_R10_C28.zip,2026-10-07T13:00:05+00:00,,
data/raw/ghsl_smod_r2023a/2026-10-07_tiles/GHS_SMOD_E2010_GLOBE_R2023A_54009_1000_V2_0_R10_C29.zip,ghsl_smod_r2023a,1506632,216e975d3b36d10aec4701a64379fb759e5a5535032a4a911c1dc1497da35f0c,ZIP (GeoTIFF),"GHSL tile R10_C29, ESRI:54009",2010,,verified: size = server Content-Length; zip CRC ok,,GET https://jeodpp.jrc.ec.europa.eu/ftp/jrc-opendata/GHSL/GHS_SMOD_GLOBE_R2023A/GHS_SMOD_E2010_GLOBE_R2023A_54009_1000/V2-0/tiles/GHS_SMOD_E2010_GLOBE_R2023A_54009_1000_V2_0_R10_C29.zip,2026-10-07T13:00:03+00:00,,
data/raw/ghsl_smod_r2023a/2026-10-07_tiles/GHS_SMOD_E2010_GLOBE_R2023A_54009_1000_V2_0_R10_C30.zip,ghsl_smod_r2023a,1490749,ef10b858b3e993de47b86cf001482d741144a6265810854dcfb26d8014f908b1,ZIP (GeoTIFF),"GHSL tile R10_C30, ESRI:54009",2010,,verified: size = server Content-Length; zip CRC ok,,GET https://jeodpp.jrc.ec.europa.eu/ftp/jrc-opendata/GHSL/GHS_SMOD_GLOBE_R2023A/GHS_SMOD_E2010_GLOBE_R2023A_54009_1000/V2-0/tiles/GHS_SMOD_E2010_GLOBE_R2023A_54009_1000_V2_0_R10_C30.zip,2026-10-07T13:00:04+00:00,,
data/raw/ghsl_smod_r2023a/2026-10-07_tiles/GHS_SMOD_E2010_GLOBE_R2023A_54009_1000_V2_0_R10_C31.zip,ghsl_smod_r2023a,1474670,1309211908f3865dcff98cdc22c28b40cfa6d282cbbe5c0613e4050cc138464f,ZIP (GeoTIFF),"GHSL tile R10_C31, ESRI:54009",2010,,verified: size = server Content-Length; zip CRC ok,,GET https://jeodpp.jrc.ec.europa.eu/ftp/jrc-opendata/GHSL/GHS_SMOD_GLOBE_R2023A/GHS_SMOD_E2010_GLOBE_R2023A_54009_1000/V2-0/tiles/GHS_SMOD_E2010_GLOBE_R2023A_54009_1000_V2_0_R10_C31.zip,2026-10-07T13:00:01+00:00,,
data/raw/ghsl_smod_r2023a/2026-10-07_tiles/GHS_SMOD_E2010_GLOBE_R2023A_54009_1000_V2_0_R10_C32.zip,ghsl_smod_r2023a,1467284,afa1e799f34b28efcfb741cf24bfbadd12ada802e758c023399786cec1f3b1d5,ZIP (GeoTIFF),"GHSL tile R10_C32, ESRI:54009",2010,,verified: size = server Content-Length; zip CRC ok,,GET https://jeodpp.jrc.ec.europa.eu/ftp/jrc-opendata/GHSL/GHS_SMOD_GLOBE_R2023A/GHS_SMOD_E2010_GLOBE_R2023A_54009_1000/V2-0/tiles/GHS_SMOD_E2010_GLOBE_R2023A_54009_1000_V2_0_R10_C32.zip,2026-10-07T13:00:01+00:00,,
data/raw/ghsl_smod_r2023a/2026-10-07_tiles/GHS_SMOD_E2010_GLOBE_R2023A_54009_1000_V2_0_R10_C33.zip,ghsl_smod_r2023a,1466279,bd8f0aa943dd1426d7637333a1ddc37aaa903e491f69ccd0fddd76e94eb011b3,ZIP (GeoTIFF),"GHSL tile R10_C33, ESRI:54009",2010,,verified: size = server Content-Length; zip CRC ok,,GET https://jeodpp.jrc.ec.europa.eu/ftp/jrc-opendata/GHSL/GHS_SMOD_GLOBE_R2023A/GHS_SMOD_E2010_GLOBE_R2023A_54009_1000/V2-0/tiles/GHS_SMOD_E2010_GLOBE_R2023A_54009_1000_V2_0_R10_C33.zip,2026-10-07T13:00:02+00:00,,
data/raw/ghsl_smod_r2023a/2026-10-07_tiles/GHS_SMOD_E2010_GLOBE_R2023A_54009_1000_V2_0_R11_C28.zip,ghsl_smod_r2023a,1429077,2f6560c6edf736b68e8d65a6219e8ff6f8fac17487cb95a770bb9ecdbeccfcc0,ZIP (GeoTIFF),"GHSL tile R11_C28, ESRI:54009",2010,,verified: size = server Content-Length; zip CRC ok,,GET https://jeodpp.jrc.ec.europa.eu/ftp/jrc-opendata/GHSL/GHS_SMOD_GLOBE_R2023A/GHS_SMOD_E2010_GLOBE_R2023A_54009_1000/V2-0/tiles/GHS_SMOD_E2010_GLOBE_R2023A_54009_1000_V2_0_R11_C28.zip,2026-10-07T13:00:00+00:00,,
data/raw/ghsl_smod_r2023a/2026-10-07_tiles/GHS_SMOD_E2010_GLOBE_R2023A_54009_1000_V2_0_R11_C29.zip,ghsl_smod_r2023a,1429778,1b88dfe64062271a5d8fb712b49782e89aaa50e50c4f5af47e185b054248eac5,ZIP (GeoTIFF),"GHSL tile R11_C29, ESRI:54009",2010,,verified: size = server Content-Length; zip CRC ok,,GET https://jeodpp.jrc.ec.europa.eu/ftp/jrc-opendata/GHSL/GHS_SMOD_GLOBE_R2023A/GHS_SMOD_E2010_GLOBE_R2023A_54009_1000/V2-0/tiles/GHS_SMOD_E2010_GLOBE_R2023A_54009_1000_V2_0_R11_C29.zip,2026-10-07T13:00:03+00:00,,
data/raw/ghsl_smod_r2023a/2026-10-07_tiles/GHS_SMOD_E2010_GLOBE_R2023A_54009_1000_V2_0_R11_C30.zip,ghsl_smod_r2023a,1449150,ec90f4213e6d6333fe23831c8bc1e90271d119bdbab24ee3d9301f3ea7d6e020,ZIP (GeoTIFF),"GHSL tile R11_C30, ESRI:54009",2010,,verified: size = server Content-Length; zip CRC ok,,GET https://jeodpp.jrc.ec.europa.eu/ftp/jrc-opendata/GHSL/GHS_SMOD_GLOBE_R2023A/GHS_SMOD_E2010_GLOBE_R2023A_54009_1000/V2-0/tiles/GHS_SMOD_E2010_GLOBE_R2023A_54009_1000_V2_0_R11_C30.zip,2026-10-07T13:00:00+00:00,,
data/raw/ghsl_smod_r2023a/2026-10-07_tiles/GHS_SMOD_E2010_GLOBE_R2023A_54009_1000_V2_0_R11_C31.zip,ghsl_smod_r2023a,1462682,929b6d9d3f3550f0992295c6d32a02d2a45e730ccaa757992b63005fa06a76ed,ZIP (GeoTIFF),"GHSL tile R11_C31, ESRI:54009",2010,,verified: size = server Content-Length; zip CRC ok,,GET https://jeodpp.jrc.ec.europa.eu/ftp/jrc-opendata/GHSL/GHS_SMOD_GLOBE_R2023A/GHS_SMOD_E2010_GLOBE_R2023A_54009_1000/V2-0/tiles/GHS_SMOD_E2010_GLOBE_R2023A_54009_1000_V2_0_R11_C31.zip,2026-10-07T13:00:00+00:00,,
data/raw/ghsl_smod_r2023a/2026-10-07_tiles/GHS_SMOD_E2010_GLOBE_R2023A_54009_1000_V2_0_R11_C32.zip,ghsl_smod_r2023a,1446743,da19a3a530a152966d3417e07bff225eb4346deba6b11b310008e5ddcbd9ab01,ZIP (GeoTIFF),"GHSL tile R11_C32, ESRI:54009",2010,,verified: size = server Content-Length; zip CRC ok,,GET https://jeodpp.jrc.ec.europa.eu/ftp/jrc-opendata/GHSL/GHS_SMOD_GLOBE_R2023A/GHS_SMOD_E2010_GLOBE_R2023A_54009_1000/V2-0/tiles/GHS_SMOD_E2010_GLOBE_R2023A_54009_1000_V2_0_R11_C32.zip,2026-10-07T13:00:01+00:00,,
data/raw/ghsl_smod_r2023a/2026-10-07_tiles/GHS_SMOD_E2010_GLOBE_R2023A_54009_1000_V2_0_R11_C33.zip,ghsl_smod_r2023a,1449755,ab3783536c4f4df5dc77a63dff19d084ac2074f6e9db5bcaf89c60e4ad0cfbe0,ZIP (GeoTIFF),"GHSL tile R11_C33, ESRI:54009",2010,,verified: size = server Content-Length; zip CRC ok,,GET https://jeodpp.jrc.ec.europa.eu/ftp/jrc-opendata/GHSL/GHS_SMOD_GLOBE_R2023A/GHS_SMOD_E2010_GLOBE_R2023A_54009_1000/V2-0/tiles/GHS_SMOD_E2010_GLOBE_R2023A_54009_1000_V2_0_R11_C33.zip,2026-10-07T13:00:03+00:00,,
data/raw/ghsl_smod_r2023a/2026-10-07_tiles/GHS_SMOD_E2015_GLOBE_R2023A_54009_1000_V2_0_R9_C28.zip,ghsl_smod_r2023a,1459801,8a5554a49dbb7dd5327c38059e18f15f7f58b220ee658dab4b2ad4613227c93b,ZIP (GeoTIFF),"GHSL tile R9_C28, ESRI:54009",2015,,verified: size = server Content-Length; zip CRC ok,,GET https://jeodpp.jrc.ec.europa.eu/ftp/jrc-opendata/GHSL/GHS_SMOD_GLOBE_R2023A/GHS_SMOD_E2015_GLOBE_R2023A_54009_1000/V2-0/tiles/GHS_SMOD_E2015_GLOBE_R2023A_54009_1000_V2_0_R9_C28.zip,2026-10-07T13:00:09+00:00,,
data/raw/ghsl_smod_r2023a/2026-10-07_tiles/GHS_SMOD_E2015_GLOBE_R2023A_54009_1000_V2_0_R9_C29.zip,ghsl_smod_r2023a,1491306,2ff9015a85269224af8c6f6a4b4d5ce8011df8d98e8ace6db16038e3375572fe,ZIP (GeoTIFF),"GHSL tile R9_C29, ESRI:54009",2015,,verified: size = server Content-Length; zip CRC ok,,GET https://jeodpp.jrc.ec.europa.eu/ftp/jrc-opendata/GHSL/GHS_SMOD_GLOBE_R2023A/GHS_SMOD_E2015_GLOBE_R2023A_54009_1000/V2-0/tiles/GHS_SMOD_E2015_GLOBE_R2023A_54009_1000_V2_0_R9_C29.zip,2026-10-07T13:00:09+00:00,,
data/raw/ghsl_smod_r2023a/2026-10-07_tiles/GHS_SMOD_E2015_GLOBE_R2023A_54009_1000_V2_0_R9_C30.zip,ghsl_smod_r2023a,1471977,44f7a7273ae04dcdfd953eb71b90f314013b59ff7b0514c5cf8f51d4752d38c7,ZIP (GeoTIFF),"GHSL tile R9_C30, ESRI:54009",2015,,verified: size = server Content-Length; zip CRC ok,,GET https://jeodpp.jrc.ec.europa.eu/ftp/jrc-opendata/GHSL/GHS_SMOD_GLOBE_R2023A/GHS_SMOD_E2015_GLOBE_R2023A_54009_1000/V2-0/tiles/GHS_SMOD_E2015_GLOBE_R2023A_54009_1000_V2_0_R9_C30.zip,2026-10-07T13:00:09+00:00,,
data/raw/ghsl_smod_r2023a/2026-10-07_tiles/GHS_SMOD_E2015_GLOBE_R2023A_54009_1000_V2_0_R9_C31.zip,ghsl_smod_r2023a,1474530,486a7126464fb466518d0bf196b36b87c8d99b016ce3ee4b18eddce1f1bc0129,ZIP (GeoTIFF),"GHSL tile R9_C31, ESRI:54009",2015,,verified: size = server Content-Length; zip CRC ok,,GET https://jeodpp.jrc.ec.europa.eu/ftp/jrc-opendata/GHSL/GHS_SMOD_GLOBE_R2023A/GHS_SMOD_E2015_GLOBE_R2023A_54009_1000/V2-0/tiles/GHS_SMOD_E2015_GLOBE_R2023A_54009_1000_V2_0_R9_C31.zip,2026-10-07T13:00:11+00:00,,
data/raw/ghsl_smod_r2023a/2026-10-07_tiles/GHS_SMOD_E2015_GLOBE_R2023A_54009_1000_V2_0_R9_C32.zip,ghsl_smod_r2023a,1431222,9e30732647f76bc54fc28b5cfd15823f871c00ee64bf4053a16b4e6e2458e7df,ZIP (GeoTIFF),"GHSL tile R9_C32, ESRI:54009",2015,,verified: size = server Content-Length; zip CRC ok,,GET https://jeodpp.jrc.ec.europa.eu/ftp/jrc-opendata/GHSL/GHS_SMOD_GLOBE_R2023A/GHS_SMOD_E2015_GLOBE_R2023A_54009_1000/V2-0/tiles/GHS_SMOD_E2015_GLOBE_R2023A_54009_1000_V2_0_R9_C32.zip,2026-10-07T13:00:10+00:00,,
data/raw/ghsl_smod_r2023a/2026-10-07_tiles/GHS_SMOD_E2015_GLOBE_R2023A_54009_1000_V2_0_R9_C33.zip,ghsl_smod_r2023a,1430430,ac9ab954af8b7caf376fb95f38fa528bd65e82ba46533985672247c40953f405,ZIP (GeoTIFF),"GHSL tile R9_C33, ESRI:54009",2015,,verified: size = server Content-Length; zip CRC ok,,GET https://jeodpp.jrc.ec.europa.eu/ftp/jrc-opendata/GHSL/GHS_SMOD_GLOBE_R2023A/GHS_SMOD_E2015_GLOBE_R2023A_54009_1000/V2-0/tiles/GHS_SMOD_E2015_GLOBE_R2023A_54009_1000_V2_0_R9_C33.zip,2026-10-07T13:00:10+00:00,,
data/raw/ghsl_smod_r2023a/2026-10-07_tiles/GHS_SMOD_E2015_GLOBE_R2023A_54009_1000_V2_0_R10_C28.zip,ghsl_smod_r2023a,1431472,4969a5b74be6498f8139c75a6c6a616bf461eea6bd245fdd9e0a0035dd637732,ZIP (GeoTIFF),"GHSL tile R10_C28, ESRI:54009",2015,,verified: size = server Content-Length; zip CRC ok,,GET https://jeodpp.jrc.ec.europa.eu/ftp/jrc-opendata/GHSL/GHS_SMOD_GLOBE_R2023A/GHS_SMOD_E2015_GLOBE_R2023A_54009_1000/V2-0/tiles/GHS_SMOD_E2015_GLOBE_R2023A_54009_1000_V2_0_R10_C28.zip,2026-10-07T13:00:14+00:00,,
data/raw/ghsl_smod_r2023a/2026-10-07_tiles/GHS_SMOD_E2015_GLOBE_R2023A_54009_1000_V2_0_R10_C29.zip,ghsl_smod_r2023a,1507844,be55be63bc582f6c6403860efca89d0c1284887fa831e9319e81942ba9ae02c8,ZIP (GeoTIFF),"GHSL tile R10_C29, ESRI:54009",2015,,verified: size = server Content-Length; zip CRC ok,,GET https://jeodpp.jrc.ec.europa.eu/ftp/jrc-opendata/GHSL/GHS_SMOD_GLOBE_R2023A/GHS_SMOD_E2015_GLOBE_R2023A_54009_1000/V2-0/tiles/GHS_SMOD_E2015_GLOBE_R2023A_54009_1000_V2_0_R10_C29.zip,2026-10-07T13:00:14+00:00,,
data/raw/ghsl_smod_r2023a/2026-10-07_tiles/GHS_SMOD_E2015_GLOBE_R2023A_54009_1000_V2_0_R10_C30.zip,ghsl_smod_r2023a,1491358,41e87423758f2b481e471ea54bee7afa7b4deec54907aa8340eb42dc2f24bec6,ZIP (GeoTIFF),"GHSL tile R10_C30, ESRI:54009",2015,,verified: size = server Content-Length; zip CRC ok,,GET https://jeodpp.jrc.ec.europa.eu/ftp/jrc-opendata/GHSL/GHS_SMOD_GLOBE_R2023A/GHS_SMOD_E2015_GLOBE_R2023A_54009_1000/V2-0/tiles/GHS_SMOD_E2015_GLOBE_R2023A_54009_1000_V2_0_R10_C30.zip,2026-10-07T13:00:13+00:00,,
data/raw/ghsl_smod_r2023a/2026-10-07_tiles/GHS_SMOD_E2015_GLOBE_R2023A_54009_1000_V2_0_R10_C31.zip,ghsl_smod_r2023a,1475045,a0d96df07f00dc7215653370b278cfe940faa89362fa049739ad40a7432272b4,ZIP (GeoTIFF),"GHSL tile R10_C31, ESRI:54009",2015,,verified: size = server Content-Length; zip CRC ok,,GET https://jeodpp.jrc.ec.europa.eu/ftp/jrc-opendata/GHSL/GHS_SMOD_GLOBE_R2023A/GHS_SMOD_E2015_GLOBE_R2023A_54009_1000/V2-0/tiles/GHS_SMOD_E2015_GLOBE_R2023A_54009_1000_V2_0_R10_C31.zip,2026-10-07T13:00:12+00:00,,
data/raw/ghsl_smod_r2023a/2026-10-07_tiles/GHS_SMOD_E2015_GLOBE_R2023A_54009_1000_V2_0_R10_C32.zip,ghsl_smod_r2023a,1468022,1eccb3ab2a87d92af312a03ef576454a82cdad539b1ce4730429c11f3626989d,ZIP (GeoTIFF),"GHSL tile R10_C32, ESRI:54009",2015,,verified: size = server Content-Length; zip CRC ok,,GET https://jeodpp.jrc.ec.europa.eu/ftp/jrc-opendata/GHSL/GHS_SMOD_GLOBE_R2023A/GHS_SMOD_E2015_GLOBE_R2023A_54009_1000/V2-0/tiles/GHS_SMOD_E2015_GLOBE_R2023A_54009_1000_V2_0_R10_C32.zip,2026-10-07T13:00:11+00:00,,
data/raw/ghsl_smod_r2023a/2026-10-07_tiles/GHS_SMOD_E2015_GLOBE_R2023A_54009_1000_V2_0_R10_C33.zip,ghsl_smod_r2023a,1467866,a656a7e0a07031387228cc2d413fd126bfb9b21b88d8248bd9c1ef8288103809,ZIP (GeoTIFF),"GHSL tile R10_C33, ESRI:54009",2015,,verified: size = server Content-Length; zip CRC ok,,GET https://jeodpp.jrc.ec.europa.eu/ftp/jrc-opendata/GHSL/GHS_SMOD_GLOBE_R2023A/GHS_SMOD_E2015_GLOBE_R2023A_54009_1000/V2-0/tiles/GHS_SMOD_E2015_GLOBE_R2023A_54009_1000_V2_0_R10_C33.zip,2026-10-07T13:00:11+00:00,,
data/raw/ghsl_smod_r2023a/2026-10-07_tiles/GHS_SMOD_E2015_GLOBE_R2023A_54009_1000_V2_0_R11_C28.zip,ghsl_smod_r2023a,1429077,7963f8a4d6e7fb5433fa4cf0cf1b4eff20d92cf8834cb5fdf328026c625b10a1,ZIP (GeoTIFF),"GHSL tile R11_C28, ESRI:54009",2015,,verified: size = server Content-Length; zip CRC ok,,GET https://jeodpp.jrc.ec.europa.eu/ftp/jrc-opendata/GHSL/GHS_SMOD_GLOBE_R2023A/GHS_SMOD_E2015_GLOBE_R2023A_54009_1000/V2-0/tiles/GHS_SMOD_E2015_GLOBE_R2023A_54009_1000_V2_0_R11_C28.zip,2026-10-07T13:00:15+00:00,,
data/raw/ghsl_smod_r2023a/2026-10-07_tiles/GHS_SMOD_E2015_GLOBE_R2023A_54009_1000_V2_0_R11_C29.zip,ghsl_smod_r2023a,1429769,5997b4f02e5278d8426766943a618d4055ce13c9eee3c3c185696426e0f45ea7,ZIP (GeoTIFF),"GHSL tile R11_C29, ESRI:54009",2015,,verified: size = server Content-Length; zip CRC ok,,GET https://jeodpp.jrc.ec.europa.eu/ftp/jrc-opendata/GHSL/GHS_SMOD_GLOBE_R2023A/GHS_SMOD_E2015_GLOBE_R2023A_54009_1000/V2-0/tiles/GHS_SMOD_E2015_GLOBE_R2023A_54009_1000_V2_0_R11_C29.zip,2026-10-07T13:00:13+00:00,,
data/raw/ghsl_smod_r2023a/2026-10-07_tiles/GHS_SMOD_E2015_GLOBE_R2023A_54009_1000_V2_0_R11_C30.zip,ghsl_smod_r2023a,1449334,bbcc585c87c79a2c9c8d7a511de9991dea4a4e0fc13c07d0996ea8b9f3c4dff2,ZIP (GeoTIFF),"GHSL tile R11_C30, ESRI:54009",2015,,verified: size = server Content-Length; zip CRC ok,,GET https://jeodpp.jrc.ec.europa.eu/ftp/jrc-opendata/GHSL/GHS_SMOD_GLOBE_R2023A/GHS_SMOD_E2015_GLOBE_R2023A_54009_1000/V2-0/tiles/GHS_SMOD_E2015_GLOBE_R2023A_54009_1000_V2_0_R11_C30.zip,2026-10-07T13:00:13+00:00,,
data/raw/ghsl_smod_r2023a/2026-10-07_tiles/GHS_SMOD_E2015_GLOBE_R2023A_54009_1000_V2_0_R11_C31.zip,ghsl_smod_r2023a,1463085,ab483b8ddebaa814879c2e08f1abb77d7234dcdcb17698caf94f0b34185f5e4e,ZIP (GeoTIFF),"GHSL tile R11_C31, ESRI:54009",2015,,verified: size = server Content-Length; zip CRC ok,,GET https://jeodpp.jrc.ec.europa.eu/ftp/jrc-opendata/GHSL/GHS_SMOD_GLOBE_R2023A/GHS_SMOD_E2015_GLOBE_R2023A_54009_1000/V2-0/tiles/GHS_SMOD_E2015_GLOBE_R2023A_54009_1000_V2_0_R11_C31.zip,2026-10-07T13:00:12+00:00,,
data/raw/ghsl_smod_r2023a/2026-10-07_tiles/GHS_SMOD_E2015_GLOBE_R2023A_54009_1000_V2_0_R11_C32.zip,ghsl_smod_r2023a,1446884,635fe116d14b49c1fba73b7d223b05a6523a10fdb95efa6699483ea88cbad4c3,ZIP (GeoTIFF),"GHSL tile R11_C32, ESRI:54009",2015,,verified: size = server Content-Length; zip CRC ok,,GET https://jeodpp.jrc.ec.europa.eu/ftp/jrc-opendata/GHSL/GHS_SMOD_GLOBE_R2023A/GHS_SMOD_E2015_GLOBE_R2023A_54009_1000/V2-0/tiles/GHS_SMOD_E2015_GLOBE_R2023A_54009_1000_V2_0_R11_C32.zip,2026-10-07T13:00:12+00:00,,
data/raw/ghsl_smod_r2023a/2026-10-07_tiles/GHS_SMOD_E2015_GLOBE_R2023A_54009_1000_V2_0_R11_C33.zip,ghsl_smod_r2023a,1450008,ba7334f7eed1f9185848aad5689ba31803346610e5068606b657ab88871ab14c,ZIP (GeoTIFF),"GHSL tile R11_C33, ESRI:54009",2015,,verified: size = server Content-Length; zip CRC ok,,GET https://jeodpp.jrc.ec.europa.eu/ftp/jrc-opendata/GHSL/GHS_SMOD_GLOBE_R2023A/GHS_SMOD_E2015_GLOBE_R2023A_54009_1000/V2-0/tiles/GHS_SMOD_E2015_GLOBE_R2023A_54009_1000_V2_0_R11_C33.zip,2026-10-07T13:00:12+00:00,,
data/raw/ghsl_smod_r2023a/2026-10-07_tiles/GHS_SMOD_E2020_GLOBE_R2023A_54009_1000_V2_0_R9_C28.zip,ghsl_smod_r2023a,1460382,5a53c6f88a1a68c74ff84670aaa8e4bb213c9065104513e96fd42794f3221218,ZIP (GeoTIFF),"GHSL tile R9_C28, ESRI:54009",2020,,verified: size = server Content-Length; zip CRC ok,,GET https://jeodpp.jrc.ec.europa.eu/ftp/jrc-opendata/GHSL/GHS_SMOD_GLOBE_R2023A/GHS_SMOD_E2020_GLOBE_R2023A_54009_1000/V2-0/tiles/GHS_SMOD_E2020_GLOBE_R2023A_54009_1000_V2_0_R9_C28.zip,2026-10-07T13:00:18+00:00,,
data/raw/ghsl_smod_r2023a/2026-10-07_tiles/GHS_SMOD_E2020_GLOBE_R2023A_54009_1000_V2_0_R9_C29.zip,ghsl_smod_r2023a,1492059,829c04f4c19f502a2bfb301204e284a2014a16c754acdd314a8e2d4b93118b5a,ZIP (GeoTIFF),"GHSL tile R9_C29, ESRI:54009",2020,,verified: size = server Content-Length; zip CRC ok,,GET https://jeodpp.jrc.ec.europa.eu/ftp/jrc-opendata/GHSL/GHS_SMOD_GLOBE_R2023A/GHS_SMOD_E2020_GLOBE_R2023A_54009_1000/V2-0/tiles/GHS_SMOD_E2020_GLOBE_R2023A_54009_1000_V2_0_R9_C29.zip,2026-10-07T13:00:24+00:00,,
data/raw/ghsl_smod_r2023a/2026-10-07_tiles/GHS_SMOD_E2020_GLOBE_R2023A_54009_1000_V2_0_R9_C30.zip,ghsl_smod_r2023a,1473459,eb26862f55d33091d273fab7e09772cdca1bf434f3d41893a636403f266d0b29,ZIP (GeoTIFF),"GHSL tile R9_C30, ESRI:54009",2020,,verified: size = server Content-Length; zip CRC ok,,GET https://jeodpp.jrc.ec.europa.eu/ftp/jrc-opendata/GHSL/GHS_SMOD_GLOBE_R2023A/GHS_SMOD_E2020_GLOBE_R2023A_54009_1000/V2-0/tiles/GHS_SMOD_E2020_GLOBE_R2023A_54009_1000_V2_0_R9_C30.zip,2026-10-07T13:00:18+00:00,,
data/raw/ghsl_smod_r2023a/2026-10-07_tiles/GHS_SMOD_E2020_GLOBE_R2023A_54009_1000_V2_0_R9_C31.zip,ghsl_smod_r2023a,1474457,e692e94b89200b36a4ad67b85d5658fc2ff2e90ffc6c4bc9f23316bebbdde498,ZIP (GeoTIFF),"GHSL tile R9_C31, ESRI:54009",2020,,verified: size = server Content-Length; zip CRC ok,,GET https://jeodpp.jrc.ec.europa.eu/ftp/jrc-opendata/GHSL/GHS_SMOD_GLOBE_R2023A/GHS_SMOD_E2020_GLOBE_R2023A_54009_1000/V2-0/tiles/GHS_SMOD_E2020_GLOBE_R2023A_54009_1000_V2_0_R9_C31.zip,2026-10-07T13:00:20+00:00,,
data/raw/ghsl_smod_r2023a/2026-10-07_tiles/GHS_SMOD_E2020_GLOBE_R2023A_54009_1000_V2_0_R9_C32.zip,ghsl_smod_r2023a,1431228,60d63a2c7299a141ae7d4e985f015eddef6b2f4b422ea1b8d1968684b9f03b8d,ZIP (GeoTIFF),"GHSL tile R9_C32, ESRI:54009",2020,,verified: size = server Content-Length; zip CRC ok,,GET https://jeodpp.jrc.ec.europa.eu/ftp/jrc-opendata/GHSL/GHS_SMOD_GLOBE_R2023A/GHS_SMOD_E2020_GLOBE_R2023A_54009_1000/V2-0/tiles/GHS_SMOD_E2020_GLOBE_R2023A_54009_1000_V2_0_R9_C32.zip,2026-10-07T13:00:20+00:00,,
data/raw/ghsl_smod_r2023a/2026-10-07_tiles/GHS_SMOD_E2020_GLOBE_R2023A_54009_1000_V2_0_R9_C33.zip,ghsl_smod_r2023a,1430439,02a693fddda3e3514239719737b392c3bfcf0a2e5b45f70ac32263a4db6c3dca,ZIP (GeoTIFF),"GHSL tile R9_C33, ESRI:54009",2020,,verified: size = server Content-Length; zip CRC ok,,GET https://jeodpp.jrc.ec.europa.eu/ftp/jrc-opendata/GHSL/GHS_SMOD_GLOBE_R2023A/GHS_SMOD_E2020_GLOBE_R2023A_54009_1000/V2-0/tiles/GHS_SMOD_E2020_GLOBE_R2023A_54009_1000_V2_0_R9_C33.zip,2026-10-07T13:00:22+00:00,,
data/raw/ghsl_smod_r2023a/2026-10-07_tiles/GHS_SMOD_E2020_GLOBE_R2023A_54009_1000_V2_0_R10_C28.zip,ghsl_smod_r2023a,1431469,6052af7a381c793ee9f359179fa0d9b750d5ffe2fe9618012e44bf1025ba98ad,ZIP (GeoTIFF),"GHSL tile R10_C28, ESRI:54009",2020,,verified: size = server Content-Length; zip CRC ok,,GET https://jeodpp.jrc.ec.europa.eu/ftp/jrc-opendata/GHSL/GHS_SMOD_GLOBE_R2023A/GHS_SMOD_E2020_GLOBE_R2023A_54009_1000/V2-0/tiles/GHS_SMOD_E2020_GLOBE_R2023A_54009_1000_V2_0_R10_C28.zip,2026-10-07T13:00:24+00:00,,
data/raw/ghsl_smod_r2023a/2026-10-07_tiles/GHS_SMOD_E2020_GLOBE_R2023A_54009_1000_V2_0_R10_C29.zip,ghsl_smod_r2023a,1508908,50807fa03bf5a9e1a82efbfff4e1a413e390949f0defdaf33c459b8cc89177d2,ZIP (GeoTIFF),"GHSL tile R10_C29, ESRI:54009",2020,,verified: size = server Content-Length; zip CRC ok,,GET https://jeodpp.jrc.ec.europa.eu/ftp/jrc-opendata/GHSL/GHS_SMOD_GLOBE_R2023A/GHS_SMOD_E2020_GLOBE_R2023A_54009_1000/V2-0/tiles/GHS_SMOD_E2020_GLOBE_R2023A_54009_1000_V2_0_R10_C29.zip,2026-10-07T13:00:18+00:00,,
data/raw/ghsl_smod_r2023a/2026-10-07_tiles/GHS_SMOD_E2020_GLOBE_R2023A_54009_1000_V2_0_R10_C30.zip,ghsl_smod_r2023a,1492484,25902afee064d26a0170fd542d85f09c4fe98fd91eb519f383de50fb4a464761,ZIP (GeoTIFF),"GHSL tile R10_C30, ESRI:54009",2020,,verified: size = server Content-Length; zip CRC ok,,GET https://jeodpp.jrc.ec.europa.eu/ftp/jrc-opendata/GHSL/GHS_SMOD_GLOBE_R2023A/GHS_SMOD_E2020_GLOBE_R2023A_54009_1000/V2-0/tiles/GHS_SMOD_E2020_GLOBE_R2023A_54009_1000_V2_0_R10_C30.zip,2026-10-07T13:00:23+00:00,,
data/raw/ghsl_smod_r2023a/2026-10-07_tiles/GHS_SMOD_E2020_GLOBE_R2023A_54009_1000_V2_0_R10_C31.zip,ghsl_smod_r2023a,1475387,5f15814eae1087f044043d5abb9612a0dd674f4070b8c13bcc10152e90a4654a,ZIP (GeoTIFF),"GHSL tile R10_C31, ESRI:54009",2020,,verified: size = server Content-Length; zip CRC ok,,GET https://jeodpp.jrc.ec.europa.eu/ftp/jrc-opendata/GHSL/GHS_SMOD_GLOBE_R2023A/GHS_SMOD_E2020_GLOBE_R2023A_54009_1000/V2-0/tiles/GHS_SMOD_E2020_GLOBE_R2023A_54009_1000_V2_0_R10_C31.zip,2026-10-07T13:00:19+00:00,,
data/raw/ghsl_smod_r2023a/2026-10-07_tiles/GHS_SMOD_E2020_GLOBE_R2023A_54009_1000_V2_0_R10_C32.zip,ghsl_smod_r2023a,1469195,72d4dd458f7f98ecfbc1f9c7072d904e3662262da15bb08d6b35aba1249636dd,ZIP (GeoTIFF),"GHSL tile R10_C32, ESRI:54009",2020,,verified: size = server Content-Length; zip CRC ok,,GET https://jeodpp.jrc.ec.europa.eu/ftp/jrc-opendata/GHSL/GHS_SMOD_GLOBE_R2023A/GHS_SMOD_E2020_GLOBE_R2023A_54009_1000/V2-0/tiles/GHS_SMOD_E2020_GLOBE_R2023A_54009_1000_V2_0_R10_C32.zip,2026-10-07T13:00:21+00:00,,
data/raw/ghsl_smod_r2023a/2026-10-07_tiles/GHS_SMOD_E2020_GLOBE_R2023A_54009_1000_V2_0_R10_C33.zip,ghsl_smod_r2023a,1468139,1be29914112858265a2381659d8919be7d74140c41eccd4b7fe1cb0e57437608,ZIP (GeoTIFF),"GHSL tile R10_C33, ESRI:54009",2020,,verified: size = server Content-Length; zip CRC ok,,GET https://jeodpp.jrc.ec.europa.eu/ftp/jrc-opendata/GHSL/GHS_SMOD_GLOBE_R2023A/GHS_SMOD_E2020_GLOBE_R2023A_54009_1000/V2-0/tiles/GHS_SMOD_E2020_GLOBE_R2023A_54009_1000_V2_0_R10_C33.zip,2026-10-07T13:00:25+00:00,,
data/raw/ghsl_smod_r2023a/2026-10-07_tiles/GHS_SMOD_E2020_GLOBE_R2023A_54009_1000_V2_0_R11_C28.zip,ghsl_smod_r2023a,1429077,bffead8b50c65aa5fb009e12497e49559835b7c0d1149859e0fa544d234661ab,ZIP (GeoTIFF),"GHSL tile R11_C28, ESRI:54009",2020,,verified: size = server Content-Length; zip CRC ok,,GET https://jeodpp.jrc.ec.europa.eu/ftp/jrc-opendata/GHSL/GHS_SMOD_GLOBE_R2023A/GHS_SMOD_E2020_GLOBE_R2023A_54009_1000/V2-0/tiles/GHS_SMOD_E2020_GLOBE_R2023A_54009_1000_V2_0_R11_C28.zip,2026-10-07T13:00:24+00:00,,
data/raw/ghsl_smod_r2023a/2026-10-07_tiles/GHS_SMOD_E2020_GLOBE_R2023A_54009_1000_V2_0_R11_C29.zip,ghsl_smod_r2023a,1429776,d2f95c10d470b3bf1089d0db10714cd23b1ff2a7a08dabafafe6ce6c8a57d151,ZIP (GeoTIFF),"GHSL tile R11_C29, ESRI:54009",2020,,verified: size = server Content-Length; zip CRC ok,,GET https://jeodpp.jrc.ec.europa.eu/ftp/jrc-opendata/GHSL/GHS_SMOD_GLOBE_R2023A/GHS_SMOD_E2020_GLOBE_R2023A_54009_1000/V2-0/tiles/GHS_SMOD_E2020_GLOBE_R2023A_54009_1000_V2_0_R11_C29.zip,2026-10-07T13:00:23+00:00,,
data/raw/ghsl_smod_r2023a/2026-10-07_tiles/GHS_SMOD_E2020_GLOBE_R2023A_54009_1000_V2_0_R11_C30.zip,ghsl_smod_r2023a,1449401,50b5311fa394a9925420289e3557e5c9c3474ac3235b5085651d81efd714ce73,ZIP (GeoTIFF),"GHSL tile R11_C30, ESRI:54009",2020,,verified: size = server Content-Length; zip CRC ok,,GET https://jeodpp.jrc.ec.europa.eu/ftp/jrc-opendata/GHSL/GHS_SMOD_GLOBE_R2023A/GHS_SMOD_E2020_GLOBE_R2023A_54009_1000/V2-0/tiles/GHS_SMOD_E2020_GLOBE_R2023A_54009_1000_V2_0_R11_C30.zip,2026-10-07T13:00:22+00:00,,
data/raw/ghsl_smod_r2023a/2026-10-07_tiles/GHS_SMOD_E2020_GLOBE_R2023A_54009_1000_V2_0_R11_C31.zip,ghsl_smod_r2023a,1462960,2f3f034632044e462cecf978154c3e105a19d8ca08e53f7db009b8d2bdfd9142,ZIP (GeoTIFF),"GHSL tile R11_C31, ESRI:54009",2020,,verified: size = server Content-Length; zip CRC ok,,GET https://jeodpp.jrc.ec.europa.eu/ftp/jrc-opendata/GHSL/GHS_SMOD_GLOBE_R2023A/GHS_SMOD_E2020_GLOBE_R2023A_54009_1000/V2-0/tiles/GHS_SMOD_E2020_GLOBE_R2023A_54009_1000_V2_0_R11_C31.zip,2026-10-07T13:00:23+00:00,,
data/raw/ghsl_smod_r2023a/2026-10-07_tiles/GHS_SMOD_E2020_GLOBE_R2023A_54009_1000_V2_0_R11_C32.zip,ghsl_smod_r2023a,1446811,a5ccbf823dc8febe4978b6ee2bddc616c8b8969a4173c643793ebb6c45dc2bc4,ZIP (GeoTIFF),"GHSL tile R11_C32, ESRI:54009",2020,,verified: size = server Content-Length; zip CRC ok,,GET https://jeodpp.jrc.ec.europa.eu/ftp/jrc-opendata/GHSL/GHS_SMOD_GLOBE_R2023A/GHS_SMOD_E2020_GLOBE_R2023A_54009_1000/V2-0/tiles/GHS_SMOD_E2020_GLOBE_R2023A_54009_1000_V2_0_R11_C32.zip,2026-10-07T13:00:21+00:00,,
data/raw/ghsl_smod_r2023a/2026-10-07_tiles/GHS_SMOD_E2020_GLOBE_R2023A_54009_1000_V2_0_R11_C33.zip,ghsl_smod_r2023a,1449931,8a15ed459dcf1bfdf7b60758d1cff9a5ffe8e19fe7f149c11062996d0f968bf8,ZIP (GeoTIFF),"GHSL tile R11_C33, ESRI:54009",2020,,verified: size = server Content-Length; zip CRC ok,,GET https://jeodpp.jrc.ec.europa.eu/ftp/jrc-opendata/GHSL/GHS_SMOD_GLOBE_R2023A/GHS_SMOD_E2020_GLOBE_R2023A_54009_1000/V2-0/tiles/GHS_SMOD_E2020_GLOBE_R2023A_54009_1000_V2_0_R11_C33.zip,2026-10-07T13:00:21+00:00,,
